patient_id,total_spend,total_hcc_weight,total_raf_score,risk_adjusted_cost
P0924,45153.39,0.0,0.35,129009.68571428572
P1108,44387.77,0.0,0.35,126822.2
P1174,44060.2,0.0,0.35,125886.28571428571
P2479,42673.26,0.0,0.35,121923.60000000002
P6233,38733.55,0.0,0.35,110667.28571428572
P0625,38238.81,0.0,0.35,109253.74285714286
P3292,37925.75,0.0,0.35,108359.28571428572
P5188,36669.10999999999,0.0,0.35,104768.8857142857
P3656,36231.83,0.0,0.35,103519.5142857143
P1821,44979.39,0.104,0.45399999999999996,99073.54625550662
P7171,34598.18,0.0,0.35,98851.94285714286
P1966,44533.509999999995,0.104,0.45399999999999996,98091.43171806168
P2110,44253.78,0.104,0.45399999999999996,97475.28634361234
P5411,44172.1,0.104,0.45399999999999996,97295.37444933922
P3847,33881.8,0.0,0.35,96805.14285714287
P5508,33844.79,0.0,0.35,96699.40000000001
P0874,33680.189999999995,0.0,0.35,96229.11428571428
P7340,43609.759999999995,0.104,0.45399999999999996,96056.74008810573
P0069,30371.649999999998,0.0,0.35,86776.14285714286
P0619,29971.359999999997,0.0,0.35,85632.45714285714
P2209,29747.4,0.0,0.35,84992.57142857143
P4614,38206.24,0.104,0.45399999999999996,84154.71365638767
P4413,37707.0,0.104,0.45399999999999996,83055.06607929517
P6373,28748.14,0.0,0.35,82137.54285714286
P1304,27655.98,0.0,0.35,79017.08571428571
P1736,43993.700000000004,0.208,0.5579999999999999,78841.75627240146
P7779,24860.040000000005,0.0,0.35,71028.68571428573
P5247,24748.12,0.0,0.35,70708.91428571429
P5976,39412.75,0.208,0.5579999999999999,70632.16845878137
P7378,31618.800000000003,0.104,0.45399999999999996,69644.93392070486
P7413,23869.039999999997,0.0,0.35,68197.25714285714
P7507,23584.519999999997,0.0,0.35,67384.34285714285
P0406,23295.789999999997,0.0,0.35,66559.4
P0118,36397.600000000006,0.208,0.5579999999999999,65228.67383512547
P7818,43329.670000000006,0.331,0.681,63626.53450807636
P7295,42960.689999999995,0.331,0.681,63084.713656387656
P4436,42480.16,0.331,0.681,62379.08957415565
P5122,21271.079999999998,0.0,0.35,60774.514285714286
P3563,27492.7,0.104,0.45399999999999996,60556.60792951543
P3813,40656.02,0.331,0.681,59700.46989720998
P6547,26831.36,0.104,0.45399999999999996,59099.91189427314
P3472,20507.15,0.0,0.35,58591.85714285715
P1406,20333.84,0.0,0.35,58096.68571428572
P6040,19080.14,0.0,0.35,54514.68571428572
P1443,48346.579999999994,0.539,0.889,54383.1046119235
P6910,24352.61,0.104,0.45399999999999996,53640.110132158596
P1458,47003.11,0.539,0.889,52871.88976377953
P7849,18334.34,0.0,0.35,52383.828571428574
P1056,41094.26,0.435,0.7849999999999999,52349.37579617835
P5821,35175.62,0.331,0.681,51652.892804698975
P5832,18062.72,0.0,0.35,51607.77142857143
P6297,39749.5,0.435,0.7849999999999999,50636.305732484085
P5883,28190.72,0.208,0.5579999999999999,50521.003584229395
P7558,22793.04,0.104,0.45399999999999996,50204.933920704854
P7960,22752.16,0.104,0.45399999999999996,50114.88986784141
P1637,39338.340000000004,0.435,0.7849999999999999,50112.53503184715
P3106,17453.36,0.0,0.35,49866.74285714286
P5594,16904.55,0.0,0.35,48298.71428571429
P5113,32140.37,0.331,0.681,47195.84434654919
P3488,20976.519999999997,0.104,0.45399999999999996,46203.788546255506
P7469,31196.639999999996,0.331,0.681,45810.04405286343
P7039,40610.69,0.539,0.889,45681.316085489314
P7754,20490.899999999998,0.104,0.45399999999999996,45134.140969162996
P0257,29757.09,0.312,0.6619999999999999,44950.287009063446
P0280,29467.96,0.312,0.6619999999999999,44513.53474320242
P4162,48872.38,0.766,1.116,43792.45519713261
P6028,33894.72,0.435,0.7849999999999999,43177.9872611465
P3911,19249.030000000002,0.104,0.45399999999999996,42398.74449339208
P7049,46491.04,0.766,1.116,41658.63799283154
P3765,41854.43000000001,0.662,1.012,41358.1324110672
P6080,27985.059999999998,0.331,0.681,41094.06754772393
P0722,27234.12,0.331,0.681,39991.36563876652
P7560,27065.09,0.331,0.681,39743.15712187959
P3305,34551.58,0.539,0.889,38865.669291338585
P3521,32817.34,0.5389999999999999,0.8889999999999999,36914.89313835771
P1544,24991.730000000003,0.331,0.681,36698.57562408224
P0040,28691.760000000002,0.435,0.7849999999999999,36550.01273885351
P0669,28468.71,0.435,0.7849999999999999,36265.87261146497
P7081,24006.26,0.312,0.6619999999999999,36263.23262839879
P7424,24632.93,0.331,0.681,36171.70337738619
P6683,39831.030000000006,0.766,1.116,35690.8870967742
P3732,24194.41,0.331,0.681,35527.76798825257
P3719,27492.160000000003,0.435,0.7849999999999999,35021.85987261147
P0581,15765.890000000001,0.104,0.45399999999999996,34726.629955947144
P5868,40676.439999999995,0.87,1.22,33341.344262295075
P5125,33425.07,0.662,1.012,33028.72529644269
P6642,33289.44,0.662,1.012,32894.703557312256
P1095,22375.15,0.331,0.681,32856.314243759174
P4151,29165.280000000002,0.5389999999999999,0.8889999999999999,32806.83914510687
P0025,25600.98,0.435,0.7849999999999999,32612.713375796182
P6114,32460.410000000003,0.662,1.012,32075.50395256917
P4678,21828.39,0.331,0.681,32053.436123348016
P1884,21547.22,0.331,0.681,31640.558002936858
P6870,17404.45,0.208,0.5579999999999999,31190.770609319003
P6588,31487.050000000003,0.662,1.012,31113.68577075099
P5149,24378.789999999997,0.435,0.7849999999999999,31055.783439490446
P1256,34475.399999999994,0.766,1.116,30891.93548387096
P2997,20735.71,0.331,0.681,30448.913362701904
P7599,23815.629999999997,0.435,0.7849999999999999,30338.382165605097
P5942,23730.03,0.435,0.7849999999999999,30229.337579617837
P1286,43167.64,1.097,1.447,29832.50863856254
P1200,20074.12,0.331,0.681,29477.415565345076
P4136,20052.54,0.331,0.681,29445.726872246694
P5712,10304.33,0.0,0.35,29440.942857142858
P0027,20025.039999999997,0.331,0.681,29405.345080763578
P4945,29643.57,0.662,1.012,29292.065217391304
P0156,29264.100000000002,0.662,1.012,28917.09486166008
P0100,9668.990000000002,0.0,0.35,27625.68571428572
P5264,24060.89,0.539,0.889,27065.11811023622
P1635,35891.17,0.9930000000000001,1.343,26724.62397617275
P7834,20800.629999999997,0.435,0.7849999999999999,26497.617834394903
P5611,20758.07,0.435,0.7849999999999999,26443.401273885353
P2193,17372.08,0.331,0.681,25509.662261380323
P7879,22456.289999999997,0.539,0.889,25260.168728908884
P5343,8732.96,0.0,0.35,24951.314285714285
P2232,25213.44,0.662,1.012,24914.466403162052
P4789,8719.58,0.0,0.35,24913.085714285717
P3768,27588.62,0.766,1.116,24720.985663082432
P2550,16203.539999999999,0.331,0.681,23793.744493392067
P6370,7879.32,0.0,0.35,22512.34285714286
P1753,19701.640000000003,0.5389999999999999,0.8889999999999999,22161.57480314961
P3986,17249.31,0.435,0.7849999999999999,21973.643312101914
P4318,19129.38,0.539,0.889,21517.862767154107
P1489,7467.8,0.0,0.35,21336.57142857143
P7782,24581.670000000002,0.87,1.22,20148.909836065577
P3900,17360.68,0.539,0.889,19528.32395950506
P6089,8574.45,0.104,0.45399999999999996,18886.453744493396
P0060,16653.09,0.539,0.889,18732.384701912262
P6051,6530.650000000001,0.0,0.35,18659.000000000004
P5333,6479.17,0.0,0.35,18511.914285714287
P3020,26618.890000000003,1.097,1.447,18395.91568762958
P3392,6339.74,0.0,0.35,18113.542857142857
P6314,6294.879999999999,0.0,0.35,17985.371428571427
P6619,17449.56,0.662,1.012,17242.648221343876
P7027,7764.91,0.104,0.45399999999999996,17103.325991189427
P4285,5963.03,0.0,0.35,17037.22857142857
P2810,5881.55,0.0,0.35,16804.428571428572
P6000,5828.650000000001,0.0,0.35,16653.285714285717
P7252,5820.34,0.0,0.35,16629.54285714286
P7117,5764.89,0.0,0.35,16471.114285714288
P6005,5708.31,0.0,0.35,16309.457142857145
P0442,5588.4400000000005,0.0,0.35,15966.97142857143
P5030,7232.59,0.104,0.45399999999999996,15930.81497797357
P6210,7154.08,0.104,0.45399999999999996,15757.885462555067
P3783,5513.56,0.0,0.35,15753.028571428573
P1938,6932.98,0.104,0.45399999999999996,15270.881057268723
P7453,6898.15,0.104,0.45399999999999996,15194.162995594714
P3529,5224.33,0.0,0.35,14926.657142857144
P4560,6738.3,0.104,0.45399999999999996,14842.0704845815
P4845,5167.299999999999,0.0,0.35,14763.714285714284
P5476,5153.97,0.0,0.35,14725.628571428573
P6988,6682.870000000001,0.104,0.45399999999999996,14719.977973568284
P6171,5122.74,0.0,0.35,14636.4
P2934,5118.3099999999995,0.0,0.35,14623.742857142857
P1555,5024.15,0.0,0.35,14354.714285714286
P4937,5002.66,0.0,0.35,14293.314285714287
P3567,4935.54,0.0,0.35,14101.542857142858
P0871,6353.24,0.104,0.45399999999999996,13993.920704845816
P4796,9458.98,0.331,0.681,13889.838472834066
P6739,4823.41,0.0,0.35,13781.17142857143
P1847,4811.72,0.0,0.35,13747.77142857143
P6453,4804.92,0.0,0.35,13728.342857142858
P2723,4785.55,0.0,0.35,13673.000000000002
P5347,4766.14,0.0,0.35,13617.542857142858
P6788,9223.77,0.331,0.681,13544.449339207049
P6869,4723.719999999999,0.0,0.35,13496.342857142856
P1678,6105.2699999999995,0.104,0.45399999999999996,13447.73127753304
P5098,4694.6900000000005,0.0,0.35,13413.400000000001
P7896,4691.12,0.0,0.35,13403.2
P6366,4687.5199999999995,0.0,0.35,13392.914285714285
P2002,4662.17,0.0,0.35,13320.485714285714
P0287,5999.28,0.104,0.45399999999999996,13214.273127753304
P5435,4618.47,0.0,0.35,13195.628571428573
P4973,4600.62,0.0,0.35,13144.628571428571
P0136,4596.49,0.0,0.35,13132.828571428572
P1726,4592.7699999999995,0.0,0.35,13122.199999999999
P6475,20262.63,1.201,1.5510000000000002,13064.235976789168
P2500,4566.84,0.0,0.35,13048.114285714288
P7571,4496.18,0.0,0.35,12846.228571428574
P4193,4473.59,0.0,0.35,12781.685714285715
P4719,4466.16,0.0,0.35,12760.457142857143
P0838,4465.78,0.0,0.35,12759.371428571429
P0389,4405.81,0.0,0.35,12588.028571428573
P1159,5673.9,0.104,0.45399999999999996,12497.577092511014
P4393,4367.97,0.0,0.35,12479.914285714287
P4476,4358.42,0.0,0.35,12452.628571428573
P6885,5651.28,0.104,0.45399999999999996,12447.753303964759
P5757,5617.5,0.104,0.45399999999999996,12373.348017621147
P7876,5605.26,0.104,0.45399999999999996,12346.38766519824
P6174,5599.25,0.104,0.45399999999999996,12333.149779735684
P6056,4280.74,0.0,0.35,12230.685714285715
P3642,4273.59,0.0,0.35,12210.257142857145
P4337,4270.47,0.0,0.35,12201.34285714286
P5775,5521.5599999999995,0.104,0.45399999999999996,12162.02643171806
P5780,4237.5,0.0,0.35,12107.142857142859
P6531,5480.040000000001,0.104,0.45399999999999996,12070.572687224672
P4268,4220.01,0.0,0.35,12057.17142857143
P2139,4218.34,0.0,0.35,12052.400000000001
P6596,5468.0,0.104,0.45399999999999996,12044.052863436125
P4294,4214.889999999999,0.0,0.35,12042.542857142857
P6873,4210.85,0.0,0.35,12031.000000000002
P4882,4207.27,0.0,0.35,12020.77142857143
P0096,21336.77,1.428,1.778,12000.433070866142
P2916,4194.89,0.0,0.35,11985.400000000001
P0728,4143.62,0.0,0.35,11838.914285714287
P1723,4143.03,0.0,0.35,11837.228571428572
P7504,5365.969999999999,0.104,0.45399999999999996,11819.31718061674
P5881,4131.82,0.0,0.35,11805.2
P3157,6585.73,0.208,0.5579999999999999,11802.383512544804
P3757,4125.14,0.0,0.35,11786.114285714288
P4752,4123.83,0.0,0.35,11782.371428571429
P2419,4121.89,0.0,0.35,11776.828571428574
P4050,4114.9,0.0,0.35,11756.857142857143
P6456,4082.36,0.0,0.35,11663.885714285716
P2570,4073.39,0.0,0.35,11638.257142857143
P3145,4060.42,0.0,0.35,11601.2
P0174,5249.18,0.104,0.45399999999999996,11562.0704845815
P1499,4045.1899999999996,0.0,0.35,11557.685714285713
P2493,5233.87,0.104,0.45399999999999996,11528.348017621147
P5378,4015.2900000000004,0.0,0.35,11472.257142857145
P6907,3996.4300000000003,0.0,0.35,11418.37142857143
P7107,5150.94,0.104,0.45399999999999996,11345.68281938326
P1462,3969.81,0.0,0.35,11342.314285714287
P3243,3963.4799999999996,0.0,0.35,11324.228571428572
P0252,3960.22,0.0,0.35,11314.914285714285
P5072,3956.5499999999997,0.0,0.35,11304.42857142857
P7770,6307.7,0.208,0.5579999999999999,11304.121863799284
P2101,3954.6,0.0,0.35,11298.857142857143
P0456,3940.5,0.0,0.35,11258.57142857143
P2917,5110.34,0.104,0.45399999999999996,11256.255506607931
P6375,5106.72,0.104,0.45399999999999996,11248.281938325992
P2574,3930.0499999999997,0.0,0.35,11228.714285714286
P1711,3926.15,0.0,0.35,11217.57142857143
P6191,3912.4900000000002,0.0,0.35,11178.542857142858
P1037,6231.0199999999995,0.208,0.5579999999999999,11166.702508960574
P6087,3893.7,0.0,0.35,11124.857142857143
P5145,3884.69,0.0,0.35,11099.114285714286
P3274,3883.77,0.0,0.35,11096.485714285714
P1899,3878.59,0.0,0.35,11081.685714285715
P4477,5018.65,0.104,0.45399999999999996,11054.295154185022
P0496,3855.9,0.0,0.35,11016.857142857143
P2604,3852.82,0.0,0.35,11008.057142857144
P7249,4991.389999999999,0.104,0.45399999999999996,10994.251101321586
P0543,8626.01,0.435,0.7849999999999999,10988.547770700638
P3248,6125.13,0.208,0.5579999999999999,10976.93548387097
P5353,4976.99,0.104,0.45399999999999996,10962.533039647578
P3425,3823.66,0.0,0.35,10924.742857142857
P5588,4924.34,0.104,0.45399999999999996,10846.563876651984
P0253,3789.65,0.0,0.35,10827.57142857143
P3076,3783.97,0.0,0.35,10811.342857142858
P7642,3783.79,0.0,0.35,10810.828571428572
P1746,3765.5,0.0,0.35,10758.57142857143
P6295,4862.900000000001,0.104,0.45399999999999996,10711.233480176214
P1546,3738.76,0.0,0.35,10682.17142857143
P6824,3738.57,0.0,0.35,10681.628571428573
P4988,3737.63,0.0,0.35,10678.942857142858
P4884,4846.96,0.104,0.45399999999999996,10676.123348017622
P4457,3723.69,0.0,0.35,10639.114285714286
P1508,3720.89,0.0,0.35,10631.114285714286
P2615,3719.3900000000003,0.0,0.35,10626.828571428574
P2560,3711.87,0.0,0.35,10605.342857142858
P0962,3704.62,0.0,0.35,10584.628571428571
P6709,3699.4,0.0,0.35,10569.714285714286
P6806,3698.47,0.0,0.35,10567.057142857144
P1047,3693.66,0.0,0.35,10553.314285714287
P0614,4787.71,0.104,0.45399999999999996,10545.616740088106
P7715,3688.77,0.0,0.35,10539.342857142858
P0766,3674.9700000000003,0.0,0.35,10499.914285714287
P3678,3674.54,0.0,0.35,10498.685714285715
P4799,3670.56,0.0,0.35,10487.314285714287
P0267,4760.47,0.104,0.45399999999999996,10485.616740088108
P1447,3667.52,0.0,0.35,10478.628571428571
P3885,3667.08,0.0,0.35,10477.371428571429
P2750,3662.43,0.0,0.35,10464.085714285715
P1827,3654.12,0.0,0.35,10440.342857142858
P0308,8195.51,0.435,0.7849999999999999,10440.140127388537
P7536,3638.7599999999998,0.0,0.35,10396.457142857143
P6628,3636.09,0.0,0.35,10388.828571428572
P4096,3630.06,0.0,0.35,10371.6
P3771,4697.83,0.104,0.45399999999999996,10347.643171806169
P6251,3608.0,0.0,0.35,10308.57142857143
P6508,3599.2,0.0,0.35,10283.428571428572
P5612,3596.66,0.0,0.35,10276.17142857143
P7991,5732.91,0.208,0.5579999999999999,10274.032258064517
P1383,4655.48,0.104,0.45399999999999996,10254.361233480176
P6589,10368.68,0.662,1.012,10245.731225296442
P3821,3573.85,0.0,0.35,10211.0
P4286,3559.21,0.0,0.35,10169.17142857143
P3217,3549.67,0.0,0.35,10141.914285714287
P1232,4602.38,0.104,0.45399999999999996,10137.40088105727
P7316,3545.7599999999998,0.0,0.35,10130.742857142857
P4267,4586.73,0.104,0.45399999999999996,10102.929515418502
P2655,3521.16,0.0,0.35,10060.457142857143
P0939,3516.46,0.0,0.35,10047.028571428573
P7763,3515.32,0.0,0.35,10043.77142857143
P7805,3508.94,0.0,0.35,10025.542857142858
P1011,6823.639999999999,0.331,0.681,10020.029368575622
P3906,4546.38,0.104,0.45399999999999996,10014.052863436125
P0492,4540.28,0.104,0.45399999999999996,10000.616740088106
P7002,3497.75,0.0,0.35,9993.57142857143
P7372,3492.3,0.0,0.35,9978.000000000002
P5433,4508.68,0.104,0.45399999999999996,9931.013215859033
P4422,4507.389999999999,0.104,0.45399999999999996,9928.1718061674
P5523,3470.65,0.0,0.35,9916.142857142859
P4836,4500.59,0.104,0.45399999999999996,9913.19383259912
P4888,3467.2200000000003,0.0,0.35,9906.342857142858
P5535,3465.25,0.0,0.35,9900.714285714286
P2854,4482.5,0.104,0.45399999999999996,9873.348017621147
P2961,4478.429999999999,0.104,0.45399999999999996,9864.383259911894
P4960,3440.2599999999998,0.0,0.35,9829.314285714285
P7048,4459.87,0.104,0.45399999999999996,9823.502202643172
P0537,3435.57,0.0,0.35,9815.914285714287
P2968,5476.67,0.208,0.5579999999999999,9814.820788530467
P6374,3434.13,0.0,0.35,9811.800000000001
P3800,3425.82,0.0,0.35,9788.057142857144
P1686,3421.9500000000003,0.0,0.35,9777.000000000002
P7698,7672.2300000000005,0.435,0.7849999999999999,9773.541401273887
P2699,3416.69,0.0,0.35,9761.971428571429
P7518,6644.889999999999,0.331,0.681,9757.547723935388
P6175,4421.61,0.104,0.45399999999999996,9739.229074889869
P4654,3408.3900000000003,0.0,0.35,9738.257142857145
P7897,3405.55,0.0,0.35,9730.142857142859
P3068,6622.96,0.331,0.681,9725.345080763582
P6052,6427.46,0.312,0.6619999999999999,9709.154078549851
P5834,3381.8599999999997,0.0,0.35,9662.457142857142
P2410,3378.1,0.0,0.35,9651.714285714286
P3562,4381.08,0.104,0.45399999999999996,9649.955947136565
P5848,4374.82,0.104,0.45399999999999996,9636.167400881057
P2418,3370.0600000000004,0.0,0.35,9628.742857142859
P4957,3357.9700000000003,0.0,0.35,9594.2
P7479,4348.92,0.104,0.45399999999999996,9579.118942731278
P1476,3351.77,0.0,0.35,9576.485714285714
P7283,4335.04,0.104,0.45399999999999996,9548.546255506608
P2804,3340.85,0.0,0.35,9545.285714285714
P1887,6495.709999999999,0.331,0.681,9538.487518355358
P1479,3334.79,0.0,0.35,9527.971428571429
P1860,3333.8,0.0,0.35,9525.142857142859
P2010,3333.74,0.0,0.35,9524.971428571429
P7068,6476.81,0.331,0.681,9510.734214390603
P2144,3328.41,0.0,0.35,9509.742857142857
P3882,7462.02,0.435,0.7849999999999999,9505.757961783442
P2098,3325.28,0.0,0.35,9500.800000000001
P6273,4292.46,0.104,0.45399999999999996,9454.757709251102
P4693,3294.5099999999998,0.0,0.35,9412.885714285714
P6881,4268.83,0.104,0.45399999999999996,9402.709251101322
P2195,3289.63,0.0,0.35,9398.942857142858
P3001,4264.39,0.104,0.45399999999999996,9392.929515418504
P0057,3286.82,0.0,0.35,9390.914285714287
P1668,4258.55,0.104,0.45399999999999996,9380.066079295155
P1585,3279.49,0.0,0.35,9369.971428571429
P7972,3279.2400000000002,0.0,0.35,9369.257142857145
P2549,3279.1600000000003,0.0,0.35,9369.028571428573
P0858,6373.5599999999995,0.331,0.681,9359.118942731277
P0653,9457.35,0.662,1.012,9345.207509881424
P2976,3267.31,0.0,0.35,9335.17142857143
P6422,3262.75,0.0,0.35,9322.142857142857
P6344,3258.64,0.0,0.35,9310.4
P3087,3253.81,0.0,0.35,9296.6
P6569,4218.389999999999,0.104,0.45399999999999996,9291.607929515418
P3643,3251.3700000000003,0.0,0.35,9289.628571428573
P7602,3246.26,0.0,0.35,9275.028571428573
P7520,4205.13,0.104,0.45399999999999996,9262.40088105727
P1352,3235.6400000000003,0.0,0.35,9244.685714285715
P0303,7253.969999999999,0.435,0.7849999999999999,9240.726114649682
P3190,3234.21,0.0,0.35,9240.6
P3496,4188.6900000000005,0.104,0.45399999999999996,9226.189427312776
P5745,4188.2699999999995,0.104,0.45399999999999996,9225.264317180616
P0347,3224.84,0.0,0.35,9213.828571428572
P6919,12166.640000000001,0.974,1.3239999999999998,9189.305135951663
P2142,4166.7,0.104,0.45399999999999996,9177.753303964759
P1742,6245.660000000001,0.331,0.681,9171.306901615271
P6319,3209.76,0.0,0.35,9170.742857142859
P5521,3208.3199999999997,0.0,0.35,9166.628571428571
P6265,3204.4,0.0,0.35,9155.428571428572
P6808,3198.46,0.0,0.35,9138.457142857143
P1803,3197.44,0.0,0.35,9135.542857142858
P1376,3195.28,0.0,0.35,9129.37142857143
P1765,3193.14,0.0,0.35,9123.257142857143
P5722,3188.4,0.0,0.35,9109.714285714286
P7725,3181.9900000000002,0.0,0.35,9091.400000000001
P6042,4119.7,0.104,0.45399999999999996,9074.229074889869
P4877,4118.21,0.104,0.45399999999999996,9070.947136563878
P5223,3173.81,0.0,0.35,9068.028571428571
P6725,4112.21,0.104,0.45399999999999996,9057.731277533041
P4833,3169.64,0.0,0.35,9056.114285714286
P1252,3169.15,0.0,0.35,9054.714285714286
P2004,3166.51,0.0,0.35,9047.17142857143
P6537,6150.06,0.331,0.681,9030.925110132159
P0518,3153.74,0.0,0.35,9010.685714285713
P4823,3151.02,0.0,0.35,9002.914285714287
P2864,3136.68,0.0,0.35,8961.942857142858
P4322,3129.22,0.0,0.35,8940.628571428571
P1932,4984.37,0.208,0.5579999999999999,8932.562724014339
P4301,6075.37,0.331,0.681,8921.248164464023
P3829,3115.14,0.0,0.35,8900.4
P4213,3111.24,0.0,0.35,8889.257142857143
P4821,3104.4999999999995,0.0,0.35,8870.0
P4866,4026.5,0.104,0.45399999999999996,8868.942731277533
P1432,3101.39,0.0,0.35,8861.114285714286
P0673,3091.85,0.0,0.35,8833.857142857143
P3935,4003.3900000000003,0.104,0.45399999999999996,8818.039647577094
P6086,3084.6900000000005,0.0,0.35,8813.400000000001
P5622,3080.9,0.0,0.35,8802.57142857143
P6960,3078.4900000000002,0.0,0.35,8795.685714285715
P2206,3990.88,0.104,0.45399999999999996,8790.484581497798
P5692,3987.55,0.104,0.45399999999999996,8783.149779735684
P2524,3985.64,0.104,0.45399999999999996,8778.942731277533
P1662,3981.88,0.104,0.45399999999999996,8770.660792951543
P7954,3972.39,0.104,0.45399999999999996,8749.757709251102
P5074,3059.33,0.0,0.35,8740.942857142858
P1351,3056.0,0.0,0.35,8731.428571428572
P0837,4871.95,0.208,0.5579999999999999,8731.093189964158
P2286,3962.15,0.104,0.45399999999999996,8727.202643171808
P2577,3956.38,0.104,0.45399999999999996,8714.493392070486
P4043,3956.24,0.104,0.45399999999999996,8714.185022026431
P6909,3049.42,0.0,0.35,8712.628571428571
P7043,3045.2,0.0,0.35,8700.57142857143
P7647,3944.96,0.104,0.45399999999999996,8689.339207048459
P3052,3944.52,0.104,0.45399999999999996,8688.370044052865
P6298,3040.2400000000002,0.0,0.35,8686.400000000001
P6523,3940.7799999999997,0.104,0.45399999999999996,8680.132158590308
P0945,3037.86,0.0,0.35,8679.6
P0139,3940.42,0.104,0.45399999999999996,8679.339207048459
P6354,3931.35,0.104,0.45399999999999996,8659.361233480176
P7269,3030.73,0.0,0.35,8659.228571428572
P2843,3025.4300000000003,0.0,0.35,8644.085714285715
P1582,3922.07,0.104,0.45399999999999996,8638.920704845816
P5846,3023.43,0.0,0.35,8638.371428571429
P1187,3020.02,0.0,0.35,8628.628571428571
P2885,3894.59,0.104,0.45399999999999996,8578.392070484582
P1881,3887.3199999999997,0.104,0.45399999999999996,8562.378854625551
P6652,2995.12,0.0,0.35,8557.485714285714
P4248,6713.35,0.435,0.7849999999999999,8552.038216560512
P3789,2992.68,0.0,0.35,8550.514285714286
P5213,2990.4,0.0,0.35,8544.0
P7085,2985.0699999999997,0.0,0.35,8528.771428571428
P5106,3865.64,0.104,0.45399999999999996,8514.625550660794
P7539,3865.16,0.104,0.45399999999999996,8513.568281938327
P0676,3860.06,0.104,0.45399999999999996,8502.334801762116
P5961,2974.0,0.0,0.35,8497.142857142857
P5038,2972.81,0.0,0.35,8493.742857142857
P5167,5622.139999999999,0.312,0.6619999999999999,8492.658610271903
P5592,5782.9,0.331,0.681,8491.776798825256
P0750,5782.11,0.331,0.681,8490.616740088104
P6758,3852.52,0.104,0.45399999999999996,8485.726872246696
P2496,2966.54,0.0,0.35,8475.828571428572
P5842,2966.2400000000002,0.0,0.35,8474.971428571429
P1119,2961.43,0.0,0.35,8461.228571428572
P1450,2959.6800000000003,0.0,0.35,8456.228571428574
P6199,5757.16,0.331,0.681,8453.979441997062
P1492,2956.5,0.0,0.35,8447.142857142857
P4384,2951.33,0.0,0.35,8432.371428571429
P7645,3820.28,0.104,0.45399999999999996,8414.713656387667
P6998,3811.55,0.104,0.45399999999999996,8395.484581497798
P2353,5716.45,0.331,0.681,8394.199706314243
P3679,2937.1099999999997,0.0,0.35,8391.742857142857
P3307,2936.56,0.0,0.35,8390.17142857143
P5257,3806.82,0.104,0.45399999999999996,8385.066079295155
P5596,2930.39,0.0,0.35,8372.542857142857
P3450,2930.3399999999997,0.0,0.35,8372.4
P3014,3798.8900000000003,0.104,0.45399999999999996,8367.599118942733
P6691,2925.52,0.0,0.35,8358.628571428571
P1567,2916.9300000000003,0.0,0.35,8334.085714285715
P0183,4647.17,0.208,0.5579999999999999,8328.261648745522
P1096,2913.54,0.0,0.35,8324.4
P4933,3776.4700000000003,0.104,0.45399999999999996,8318.215859030839
P2726,2909.95,0.0,0.35,8314.142857142857
P3363,2908.79,0.0,0.35,8310.828571428572
P7662,2908.61,0.0,0.35,8310.314285714287
P2566,2907.04,0.0,0.35,8305.828571428572
P6480,3769.44,0.104,0.45399999999999996,8302.731277533041
P5488,2904.15,0.0,0.35,8297.57142857143
P6177,3766.59,0.104,0.45399999999999996,8296.453744493394
P3660,2900.0899999999997,0.0,0.35,8285.971428571429
P2892,2900.01,0.0,0.35,8285.742857142859
P3492,2899.92,0.0,0.35,8285.485714285714
P3479,3761.13,0.104,0.45399999999999996,8284.427312775331
P0692,2893.6899999999996,0.0,0.35,8267.685714285713
P2982,3748.35,0.104,0.45399999999999996,8256.277533039649
P0088,3741.5499999999997,0.104,0.45399999999999996,8241.299559471367
P5265,2881.93,0.0,0.35,8234.085714285715
P4408,2881.25,0.0,0.35,8232.142857142857
P2111,2880.53,0.0,0.35,8230.085714285715
P7653,5603.09,0.331,0.681,8227.738619676946
P5678,2877.0,0.0,0.35,8220.0
P6068,2876.15,0.0,0.35,8217.57142857143
P1772,3726.94,0.104,0.45399999999999996,8209.118942731278
P6629,2869.08,0.0,0.35,8197.371428571429
P6738,3717.85,0.104,0.45399999999999996,8189.09691629956
P7858,3715.11,0.104,0.45399999999999996,8183.061674008812
P2811,3714.07,0.104,0.45399999999999996,8180.770925110133
P5547,3713.68,0.104,0.45399999999999996,8179.911894273128
P7187,3709.81,0.104,0.45399999999999996,8171.387665198238
P0659,2858.6400000000003,0.0,0.35,8167.542857142858
P2158,2858.27,0.0,0.35,8166.4857142857145
P1778,2856.38,0.0,0.35,8161.085714285715
P4296,3704.4,0.104,0.45399999999999996,8159.471365638768
P2249,2855.56,0.0,0.35,8158.742857142857
P1699,2850.53,0.0,0.35,8144.3714285714295
P6839,2849.86,0.0,0.35,8142.4571428571435
P0290,2847.13,0.0,0.35,8134.657142857143
P0081,5539.58,0.331,0.681,8134.478707782672
P6058,2844.12,0.0,0.35,8126.057142857143
P2434,2840.59,0.0,0.35,8115.97142857143
P3056,2836.92,0.0,0.35,8105.485714285715
P5227,3677.76,0.104,0.45399999999999996,8100.792951541852
P5687,3673.9,0.104,0.45399999999999996,8092.290748898679
P1857,2831.7000000000003,0.0,0.35,8090.57142857143
P6993,2830.38,0.0,0.35,8086.800000000001
P7490,2826.25,0.0,0.35,8075.000000000001
P7577,3657.0800000000004,0.104,0.45399999999999996,8055.2422907489
P0944,2818.1800000000003,0.0,0.35,8051.942857142859
P7359,3654.6,0.104,0.45399999999999996,8049.77973568282
P2456,2817.02,0.0,0.35,8048.628571428572
P7216,3652.76,0.104,0.45399999999999996,8045.726872246697
P0444,2812.2000000000003,0.0,0.35,8034.857142857144
P7071,2811.12,0.0,0.35,8031.771428571429
P1191,3639.23,0.104,0.45399999999999996,8015.92511013216
P3869,5457.59,0.331,0.681,8014.082232011747
P1103,2803.12,0.0,0.35,8008.914285714286
P1684,2802.3,0.0,0.35,8006.571428571429
P4564,2798.4799999999996,0.0,0.35,7995.657142857142
P7244,5443.88,0.331,0.681,7993.950073421439
P4720,5443.24,0.331,0.681,7993.010279001467
P6085,2784.59,0.0,0.35,7955.97142857143
P5578,3611.21,0.104,0.45399999999999996,7954.207048458151
P7873,2782.75,0.0,0.35,7950.714285714286
P1264,2779.8900000000003,0.0,0.35,7942.542857142858
P0031,2779.0699999999997,0.0,0.35,7940.2
P5878,2777.2,0.0,0.35,7934.857142857143
P7585,4424.08,0.208,0.5579999999999999,7928.458781362008
P0258,3592.54,0.104,0.45399999999999996,7913.083700440529
P1524,2765.7599999999998,0.0,0.35,7902.171428571429
P2599,2757.75,0.0,0.35,7879.285714285715
P2645,2757.3900000000003,0.0,0.35,7878.257142857145
P6609,3566.87,0.104,0.45399999999999996,7856.541850220265
P4896,2749.0,0.0,0.35,7854.285714285715
P2408,3564.25,0.104,0.45399999999999996,7850.770925110133
P3637,2747.06,0.0,0.35,7848.742857142857
P6257,2744.75,0.0,0.35,7842.142857142858
P0645,3558.3199999999997,0.104,0.45399999999999996,7837.709251101322
P1439,2742.2200000000003,0.0,0.35,7834.914285714287
P4844,2738.15,0.0,0.35,7823.285714285715
P3542,3549.05,0.104,0.45399999999999996,7817.290748898679
P6448,2734.16,0.0,0.35,7811.885714285714
P2385,2732.06,0.0,0.35,7805.885714285715
P5706,2725.1,0.0,0.35,7786.0
P3006,3533.9,0.104,0.45399999999999996,7783.920704845816
P5575,3533.13,0.104,0.45399999999999996,7782.224669603525
P7274,2722.36,0.0,0.35,7778.17142857143
P1334,2717.59,0.0,0.35,7764.542857142858
P2842,2717.51,0.0,0.35,7764.314285714287
P7430,5283.1900000000005,0.331,0.681,7757.98825256975
P7811,2714.56,0.0,0.35,7755.885714285715
P7676,2714.19,0.0,0.35,7754.828571428572
P3057,4323.49,0.208,0.5579999999999999,7748.1899641577065
P3681,2710.41,0.0,0.35,7744.028571428572
P2251,2709.91,0.0,0.35,7742.6
P6234,4316.44,0.208,0.5579999999999999,7735.555555555556
P6562,4311.95,0.208,0.5579999999999999,7727.508960573477
P4487,2703.82,0.0,0.35,7725.200000000001
P0330,2703.11,0.0,0.35,7723.17142857143
P3131,2701.58,0.0,0.35,7718.8
P3158,2700.58,0.0,0.35,7715.942857142857
P5154,3503.03,0.104,0.45399999999999996,7715.92511013216
P4112,2699.88,0.0,0.35,7713.942857142858
P6223,3501.6099999999997,0.104,0.45399999999999996,7712.797356828194
P7753,2698.52,0.0,0.35,7710.057142857143
P3071,2694.58,0.0,0.35,7698.8
P7617,2693.31,0.0,0.35,7695.171428571429
P0284,5238.79,0.331,0.681,7692.790014684288
P4586,2691.18,0.0,0.35,7689.085714285714
P5384,2689.41,0.0,0.35,7684.028571428572
P2181,3486.32,0.104,0.45399999999999996,7679.118942731278
P3912,3483.82,0.104,0.45399999999999996,7673.612334801764
P6501,3482.8500000000004,0.104,0.45399999999999996,7671.475770925112
P0355,2683.75,0.0,0.35,7667.857142857143
P0986,2683.38,0.0,0.35,7666.800000000001
P2904,2681.15,0.0,0.35,7660.4285714285725
P2472,2679.57,0.0,0.35,7655.914285714287
P7583,2679.4300000000003,0.0,0.35,7655.514285714287
P3720,2677.6,0.0,0.35,7650.285714285715
P4724,3472.33,0.104,0.45399999999999996,7648.30396475771
P5248,3469.9900000000002,0.104,0.45399999999999996,7643.149779735684
P4138,2670.85,0.0,0.35,7631.0
P6362,3462.78,0.104,0.45399999999999996,7627.268722466962
P5469,2669.34,0.0,0.35,7626.685714285715
P5192,2667.04,0.0,0.35,7620.114285714286
P0868,5980.91,0.435,0.7849999999999999,7618.993630573249
P4401,2665.84,0.0,0.35,7616.685714285715
P0439,2662.02,0.0,0.35,7605.771428571429
P5764,3450.19,0.104,0.45399999999999996,7599.5374449339215
P7956,3449.3399999999997,0.104,0.45399999999999996,7597.665198237885
P4149,2656.51,0.0,0.35,7590.028571428573
P5196,2653.61,0.0,0.35,7581.742857142858
P2727,2652.94,0.0,0.35,7579.828571428572
P4550,2652.02,0.0,0.35,7577.200000000001
P0743,5156.93,0.331,0.681,7572.584434654919
P4437,2647.85,0.0,0.35,7565.285714285715
P2937,5150.1,0.331,0.681,7562.555066079295
P4886,2641.29,0.0,0.35,7546.542857142857
P6528,2640.87,0.0,0.35,7545.342857142858
P7881,4209.5599999999995,0.208,0.5579999999999999,7544.014336917563
P1024,2639.43,0.0,0.35,7541.228571428572
P3460,3422.83,0.104,0.45399999999999996,7539.273127753305
P2736,3421.58,0.104,0.45399999999999996,7536.519823788547
P5100,2637.46,0.0,0.35,7535.6
P1978,3419.94,0.104,0.45399999999999996,7532.907488986785
P5399,2635.73,0.0,0.35,7530.657142857143
P1198,4194.75,0.208,0.5579999999999999,7517.47311827957
P7880,2631.1,0.0,0.35,7517.428571428572
P4594,3408.29,0.104,0.45399999999999996,7507.246696035243
P7368,2626.09,0.0,0.35,7503.114285714287
P7313,5108.799999999999,0.331,0.681,7501.908957415564
P3949,5104.29,0.331,0.681,7495.286343612334
P1912,2622.7400000000002,0.0,0.35,7493.542857142858
P6726,7434.21,0.643,0.993,7486.616314199396
P1909,2619.0,0.0,0.35,7482.857142857143
P0960,5870.3,0.435,0.7849999999999999,7478.089171974523
P5417,2616.04,0.0,0.35,7474.400000000001
P5115,2611.83,0.0,0.35,7462.371428571429
P1164,4929.28,0.312,0.6619999999999999,7446.042296072508
P1829,5069.09,0.331,0.681,7443.59765051395
P5012,2604.32,0.0,0.35,7440.914285714287
P0700,4149.4,0.208,0.5579999999999999,7436.200716845879
P3574,5694.42,0.416,0.766,7433.96866840731
P5005,3369.2200000000003,0.104,0.45399999999999996,7421.189427312776
P3501,5816.16,0.435,0.7849999999999999,7409.121019108281
P6769,4133.81,0.208,0.5579999999999999,7408.261648745522
P5539,2592.83,0.0,0.35,7408.085714285715
P0086,2588.31,0.0,0.35,7395.171428571429
P0177,2586.23,0.0,0.35,7389.228571428572
P1006,2585.14,0.0,0.35,7386.114285714286
P2563,2581.39,0.0,0.35,7375.400000000001
P3573,2580.26,0.0,0.35,7372.17142857143
P7826,2576.44,0.0,0.35,7361.257142857144
P5042,3341.83,0.104,0.45399999999999996,7360.859030837005
P4140,5009.38,0.331,0.681,7355.917767988252
P0211,2573.3,0.0,0.35,7352.285714285716
P0497,2572.5600000000004,0.0,0.35,7350.171428571431
P5590,3336.2400000000002,0.104,0.45399999999999996,7348.546255506609
P6382,3334.02,0.104,0.45399999999999996,7343.656387665199
P4080,3329.33,0.104,0.45399999999999996,7333.325991189427
P3065,4091.18,0.208,0.5579999999999999,7331.863799283155
P1326,2561.25,0.0,0.35,7317.857142857143
P5103,2558.1800000000003,0.0,0.35,7309.085714285716
P1394,2557.72,0.0,0.35,7307.771428571428
P1451,2556.89,0.0,0.35,7305.400000000001
P5256,2556.56,0.0,0.35,7304.4571428571435
P1026,2556.38,0.0,0.35,7303.942857142858
P1571,2549.0,0.0,0.35,7282.857142857143
P0748,3306.38,0.104,0.45399999999999996,7282.775330396476
P3587,2548.56,0.0,0.35,7281.6
P1101,2545.62,0.0,0.35,7273.2
P7593,3301.8900000000003,0.104,0.45399999999999996,7272.8854625550675
P6671,4952.5199999999995,0.331,0.681,7272.422907488985
P4480,2543.0,0.0,0.35,7265.714285714286
P2966,4050.71,0.208,0.5579999999999999,7259.336917562725
P4499,3292.18,0.104,0.45399999999999996,7251.497797356828
P0913,4044.41,0.208,0.5579999999999999,7248.046594982079
P4959,2535.31,0.0,0.35,7243.742857142857
P7867,2532.67,0.0,0.35,7236.200000000001
P4258,2529.35,0.0,0.35,7226.714285714286
P3360,2528.82,0.0,0.35,7225.200000000001
P5016,2528.54,0.0,0.35,7224.400000000001
P4359,3279.17,0.104,0.45399999999999996,7222.84140969163
P6538,2526.9,0.0,0.35,7219.714285714286
P2586,3273.25,0.104,0.45399999999999996,7209.801762114538
P7712,2521.52,0.0,0.35,7204.342857142858
P5822,3267.2200000000003,0.104,0.45399999999999996,7196.519823788548
P4810,2517.77,0.0,0.35,7193.628571428572
P4634,3264.68,0.104,0.45399999999999996,7190.925110132159
P2921,2514.08,0.0,0.35,7183.085714285715
P3273,3258.38,0.104,0.45399999999999996,7177.04845814978
P6104,4749.58,0.312,0.6619999999999999,7174.592145015106
P1824,2510.4700000000003,0.0,0.35,7172.77142857143
P6336,3256.4300000000003,0.104,0.45399999999999996,7172.753303964759
P4624,2510.42,0.0,0.35,7172.628571428572
P3382,4883.84,0.331,0.681,7171.571218795888
P3244,5627.33,0.435,0.7849999999999999,7168.573248407644
P3665,2506.15,0.0,0.35,7160.4285714285725
P1473,2505.0099999999998,0.0,0.35,7157.171428571428
P1700,3249.05,0.104,0.45399999999999996,7156.497797356829
P2753,3246.4,0.104,0.45399999999999996,7150.660792951543
P2095,3244.98,0.104,0.45399999999999996,7147.533039647577
P2414,2499.41,0.0,0.35,7141.171428571429
P0587,2497.7,0.0,0.35,7136.285714285714
P5786,2496.19,0.0,0.35,7131.971428571429
P0338,3236.98,0.104,0.45399999999999996,7129.911894273128
P7915,3974.6,0.208,0.5579999999999999,7122.939068100359
P7752,2490.94,0.0,0.35,7116.971428571429
P5077,3230.9100000000003,0.104,0.45399999999999996,7116.541850220266
P1206,3967.9500000000003,0.208,0.5579999999999999,7111.021505376345
P7524,2488.55,0.0,0.35,7110.142857142858
P1618,2488.3999999999996,0.0,0.35,7109.714285714285
P3812,3225.6,0.104,0.45399999999999996,7104.845814977974
P2192,4822.69,0.331,0.681,7081.776798825256
P4686,3215.0499999999997,0.104,0.45399999999999996,7081.607929515419
P7398,3214.88,0.104,0.45399999999999996,7081.233480176213
P5925,2478.24,0.0,0.35,7080.685714285714
P3825,2475.33,0.0,0.35,7072.371428571429
P5917,2475.25,0.0,0.35,7072.142857142858
P1629,3203.7599999999998,0.104,0.45399999999999996,7056.740088105727
P2907,3936.4999999999995,0.208,0.5579999999999999,7054.659498207885
P4283,2466.94,0.0,0.35,7048.400000000001
P7885,3196.96,0.104,0.45399999999999996,7041.762114537446
P3465,2464.61,0.0,0.35,7041.742857142858
P3288,3196.76,0.104,0.45399999999999996,7041.321585903085
P1137,3196.48,0.104,0.45399999999999996,7040.704845814978
P5132,2463.46,0.0,0.35,7038.4571428571435
P7720,2459.71,0.0,0.35,7027.742857142857
P7102,3919.1899999999996,0.208,0.5579999999999999,7023.637992831541
P5006,3917.7300000000005,0.208,0.5579999999999999,7021.021505376346
P6969,4769.46,0.331,0.681,7003.612334801762
P4970,3171.2599999999998,0.104,0.45399999999999996,6985.1541850220265
P7379,2443.41,0.0,0.35,6981.171428571429
P2685,2440.25,0.0,0.35,6972.142857142858
P0525,2440.16,0.0,0.35,6971.885714285714
P0973,2439.23,0.0,0.35,6969.228571428572
P0550,3163.32,0.104,0.45399999999999996,6967.665198237886
P6506,2436.04,0.0,0.35,6960.114285714286
P3549,4738.91,0.331,0.681,6958.751835535976
P0860,5461.96,0.435,0.7849999999999999,6957.910828025479
P5217,2434.84,0.0,0.35,6956.685714285715
P1709,3156.76,0.104,0.45399999999999996,6953.215859030838
P7927,3153.8,0.104,0.45399999999999996,6946.696035242292
P7851,2429.92,0.0,0.35,6942.628571428572
P6193,2428.42,0.0,0.35,6938.342857142858
P4070,3149.43,0.104,0.45399999999999996,6937.070484581498
P5011,3870.85,0.208,0.5579999999999999,6937.007168458782
P1112,3869.77,0.208,0.5579999999999999,6935.071684587814
P4934,4718.4,0.331,0.681,6928.6343612334795
P1409,2424.13,0.0,0.35,6926.085714285715
P3859,2424.11,0.0,0.35,6926.028571428572
P7489,2420.01,0.0,0.35,6914.314285714287
P5509,2418.96,0.0,0.35,6911.314285714287
P0441,3855.21,0.208,0.5579999999999999,6908.978494623657
P0618,2414.29,0.0,0.35,6897.971428571429
P4185,4564.16,0.312,0.6619999999999999,6894.5015105740185
P0051,3129.88,0.104,0.45399999999999996,6894.008810572688
P6178,2412.02,0.0,0.35,6891.4857142857145
P4855,2411.26,0.0,0.35,6889.314285714287
P3233,2411.23,0.0,0.35,6889.228571428572
P5400,3120.54,0.104,0.45399999999999996,6873.436123348019
P0223,2405.48,0.0,0.35,6872.8
P1926,3834.52,0.208,0.5579999999999999,6871.899641577062
P1537,2405.1000000000004,0.0,0.35,6871.714285714287
P7540,2404.79,0.0,0.35,6870.828571428572
P1645,2403.5,0.0,0.35,6867.142857142858
P5385,2403.12,0.0,0.35,6866.057142857143
P3580,3830.45,0.208,0.5579999999999999,6864.605734767026
P3101,3116.3199999999997,0.104,0.45399999999999996,6864.140969162995
P7399,3116.2,0.104,0.45399999999999996,6863.876651982379
P2778,3114.73,0.104,0.45399999999999996,6860.6387665198245
P1595,2399.05,0.0,0.35,6854.4285714285725
P6010,2398.46,0.0,0.35,6852.742857142857
P3013,2396.78,0.0,0.35,6847.942857142858
P3428,5374.69,0.435,0.7849999999999999,6846.738853503185
P7196,2395.42,0.0,0.35,6844.057142857144
P2395,2391.64,0.0,0.35,6833.257142857143
P4653,2390.98,0.0,0.35,6831.371428571429
P2816,2389.92,0.0,0.35,6828.342857142858
P4120,5357.1900000000005,0.435,0.7849999999999999,6824.445859872613
P3012,3098.03,0.104,0.45399999999999996,6823.854625550662
P5477,2386.84,0.0,0.35,6819.542857142858
P4071,2385.87,0.0,0.35,6816.771428571428
P4990,2382.96,0.0,0.35,6808.4571428571435
P5448,2381.92,0.0,0.35,6805.4857142857145
P0862,6048.1900000000005,0.539,0.889,6803.363329583803
P4329,2380.88,0.0,0.35,6802.514285714286
P5652,3795.44,0.208,0.5579999999999999,6801.863799283155
P5017,2380.3399999999997,0.0,0.35,6800.971428571428
P3011,4625.42,0.331,0.681,6792.099853157121
P2366,2370.98,0.0,0.35,6774.228571428572
P3942,2370.88,0.0,0.35,6773.942857142858
P1301,3074.66,0.104,0.45399999999999996,6772.378854625551
P6215,3074.0899999999997,0.104,0.45399999999999996,6771.123348017621
P1028,2369.32,0.0,0.35,6769.485714285715
P7620,2368.5,0.0,0.35,6767.142857142858
P3356,3071.35,0.104,0.45399999999999996,6765.0881057268725
P6579,5308.53,0.435,0.7849999999999999,6762.458598726115
P4484,2366.71,0.0,0.35,6762.028571428572
P7255,3065.0299999999997,0.104,0.45399999999999996,6751.167400881057
P4014,2362.57,0.0,0.35,6750.200000000001
P3992,3761.1800000000003,0.208,0.5579999999999999,6740.465949820789
P6612,3059.2000000000003,0.104,0.45399999999999996,6738.325991189428
P1117,3058.18,0.104,0.45399999999999996,6736.079295154185
P2351,3758.6699999999996,0.208,0.5579999999999999,6735.967741935484
P6781,3057.71,0.104,0.45399999999999996,6735.044052863437
P0897,3057.46,0.104,0.45399999999999996,6734.493392070485
P7820,2356.67,0.0,0.35,6733.342857142858
P5484,4456.17,0.312,0.6619999999999999,6731.374622356497
P3811,2350.98,0.0,0.35,6717.085714285715
P5402,3049.4,0.104,0.45399999999999996,6716.740088105727
P3090,4570.96,0.331,0.681,6712.1292217327455
P7803,2348.53,0.0,0.35,6710.085714285715
P1835,2347.76,0.0,0.35,6707.885714285715
P3662,2345.1,0.0,0.35,6700.285714285715
P3604,2344.04,0.0,0.35,6697.257142857143
P6767,3040.2200000000003,0.104,0.45399999999999996,6696.519823788547
P2677,3039.35,0.104,0.45399999999999996,6694.603524229075
P0968,3038.61,0.104,0.45399999999999996,6692.973568281939
P2375,2341.58,0.0,0.35,6690.228571428572
P2074,2341.38,0.0,0.35,6689.657142857143
P3674,4554.59,0.331,0.681,6688.091042584434
P5911,2339.99,0.0,0.35,6685.685714285714
P2649,3033.4,0.104,0.45399999999999996,6681.497797356829
P4256,2337.71,0.0,0.35,6679.171428571429
P1082,3031.12,0.104,0.45399999999999996,6676.475770925111
P6872,3030.46,0.104,0.45399999999999996,6675.022026431719
P3514,3028.59,0.104,0.45399999999999996,6670.903083700441
P2510,3722.05,0.208,0.5579999999999999,6670.340501792116
P3728,5228.26,0.435,0.7849999999999999,6660.203821656052
P3421,3020.98,0.104,0.45399999999999996,6654.140969162996
P5269,3018.58,0.104,0.45399999999999996,6648.854625550661
P6915,2326.3900000000003,0.0,0.35,6646.828571428573
P3189,3016.39,0.104,0.45399999999999996,6644.030837004406
P5999,3011.04,0.104,0.45399999999999996,6632.246696035243
P1622,2317.67,0.0,0.35,6621.914285714286
P7883,3005.65,0.104,0.45399999999999996,6620.374449339208
P2185,4503.99,0.331,0.681,6613.788546255506
P0472,3683.91,0.208,0.5579999999999999,6601.989247311828
P3636,2310.55,0.0,0.35,6601.571428571429
P7018,2309.15,0.0,0.35,6597.571428571429
P4917,2308.19,0.0,0.35,6594.828571428572
P2276,2306.75,0.0,0.35,6590.714285714286
P5608,5168.96,0.435,0.7849999999999999,6584.662420382167
P7777,2304.56,0.0,0.35,6584.4571428571435
P1579,2304.46,0.0,0.35,6584.171428571429
P0423,2988.27,0.104,0.45399999999999996,6582.092511013217
P2749,2302.98,0.0,0.35,6579.942857142858
P6771,2985.92,0.104,0.45399999999999996,6576.9162995594725
P2874,2985.8900000000003,0.104,0.45399999999999996,6576.8502202643185
P2650,2300.73,0.0,0.35,6573.514285714286
P6332,2983.49,0.104,0.45399999999999996,6571.563876651982
P4510,5158.09,0.435,0.7849999999999999,6570.815286624204
P5972,2296.19,0.0,0.35,6560.542857142857
P0153,2295.7599999999998,0.0,0.35,6559.314285714286
P2596,4340.5,0.312,0.6619999999999999,6556.646525679759
P0693,2293.91,0.0,0.35,6554.028571428571
P6181,2974.06,0.104,0.45399999999999996,6550.792951541851
P0382,2291.33,0.0,0.35,6546.657142857143
P0312,4453.71,0.331,0.681,6539.955947136564
P2222,2969.12,0.104,0.45399999999999996,6539.911894273128
P6337,4328.18,0.312,0.6619999999999999,6538.036253776436
P7719,5806.14,0.539,0.889,6531.091113610799
P2013,2285.7200000000003,0.0,0.35,6530.628571428572
P2047,2284.2,0.0,0.35,6526.285714285714
P1360,2961.61,0.104,0.45399999999999996,6523.370044052865
P4124,6472.63,0.643,0.993,6518.257804632427
P0331,2281.01,0.0,0.35,6517.17142857143
P0190,5115.0,0.435,0.7849999999999999,6515.923566878982
P3565,2280.34,0.0,0.35,6515.257142857144
P2506,2278.9,0.0,0.35,6511.142857142858
P2001,4310.26,0.312,0.6619999999999999,6510.966767371602
P7590,2954.44,0.104,0.45399999999999996,6507.577092511014
P5584,2277.2200000000003,0.0,0.35,6506.3428571428585
P1958,2952.37,0.104,0.45399999999999996,6503.0176211453745
P3890,2275.27,0.0,0.35,6500.771428571429
P4010,2274.8,0.0,0.35,6499.4285714285725
P1116,2273.41,0.0,0.35,6495.457142857143
P1905,2271.86,0.0,0.35,6491.028571428572
P0178,2944.4,0.104,0.45399999999999996,6485.46255506608
P2614,2937.0099999999998,0.104,0.45399999999999996,6469.185022026431
P2272,2264.05,0.0,0.35,6468.714285714286
P4543,2263.1400000000003,0.0,0.35,6466.114285714287
P4919,4401.79,0.331,0.681,6463.7151248164455
P3178,2932.56,0.104,0.45399999999999996,6459.383259911895
P4764,2259.2,0.0,0.35,6454.857142857143
P7421,2257.7599999999998,0.0,0.35,6450.742857142857
P4276,3595.67,0.208,0.5579999999999999,6443.8530465949825
P2390,2254.88,0.0,0.35,6442.514285714286
P0484,2253.31,0.0,0.35,6438.028571428572
P7963,2253.21,0.0,0.35,6437.742857142857
P2938,7180.5599999999995,0.766,1.116,6434.193548387096
P0820,2920.41,0.104,0.45399999999999996,6432.62114537445
P2601,2250.72,0.0,0.35,6430.628571428571
P7024,2919.41,0.104,0.45399999999999996,6430.418502202643
P3114,2918.34,0.104,0.45399999999999996,6428.061674008812
P0828,5045.54,0.435,0.7849999999999999,6427.43949044586
P2714,2249.45,0.0,0.35,6427.0
P7387,4376.07,0.331,0.681,6425.947136563876
P1215,2915.27,0.104,0.45399999999999996,6421.299559471367
P6778,2246.4700000000003,0.0,0.35,6418.485714285715
P7322,2244.64,0.0,0.35,6413.257142857143
P1804,2908.1800000000003,0.104,0.45399999999999996,6405.682819383261
P0101,3573.41,0.208,0.5579999999999999,6403.960573476703
P1918,3572.5,0.208,0.5579999999999999,6402.329749103943
P3504,2239.19,0.0,0.35,6397.685714285715
P3725,5019.8,0.435,0.7849999999999999,6394.649681528664
P5336,3566.2200000000003,0.208,0.5579999999999999,6391.075268817205
P4419,2236.2200000000003,0.0,0.35,6389.200000000001
P2389,2900.34,0.104,0.45399999999999996,6388.414096916301
P5463,2235.42,0.0,0.35,6386.914285714286
P6513,2898.99,0.104,0.45399999999999996,6385.440528634362
P6954,2234.08,0.0,0.35,6383.085714285715
P1271,2897.56,0.104,0.45399999999999996,6382.290748898678
P6165,5008.219999999999,0.435,0.7849999999999999,6379.898089171975
P2957,2896.23,0.104,0.45399999999999996,6379.361233480176
P2819,2232.46,0.0,0.35,6378.4571428571435
P7458,2232.17,0.0,0.35,6377.628571428572
P7598,2232.08,0.0,0.35,6377.371428571429
P5434,2894.79,0.104,0.45399999999999996,6376.1894273127755
P5681,2230.11,0.0,0.35,6371.742857142858
P1694,2892.77,0.104,0.45399999999999996,6371.740088105727
P4509,2228.56,0.0,0.35,6367.314285714286
P2995,2228.1,0.0,0.35,6366.0
P5818,2227.4900000000002,0.0,0.35,6364.257142857144
P1382,4995.09,0.435,0.7849999999999999,6363.171974522294
P6679,2226.17,0.0,0.35,6360.4857142857145
P1229,2225.64,0.0,0.35,6358.971428571429
P3019,2886.9,0.104,0.45399999999999996,6358.810572687225
P7094,4329.77,0.331,0.681,6357.958883994126
P3603,4985.3099999999995,0.435,0.7849999999999999,6350.713375796178
P1182,2222.72,0.0,0.35,6350.628571428571
P3462,4324.41,0.331,0.681,6350.088105726872
P0274,2222.38,0.0,0.35,6349.657142857143
P2164,4324.0199999999995,0.331,0.681,6349.515418502201
P1035,4322.26,0.331,0.681,6346.930983847284
P1090,2880.88,0.104,0.45399999999999996,6345.550660792952
P4455,2219.51,0.0,0.35,6341.4571428571435
P2807,2877.36,0.104,0.45399999999999996,6337.797356828195
P4310,2876.23,0.104,0.45399999999999996,6335.308370044054
P6431,4312.74,0.331,0.681,6332.95154185022
P3060,2216.23,0.0,0.35,6332.085714285715
P6060,2215.5099999999998,0.0,0.35,6330.028571428571
P0117,2215.2,0.0,0.35,6329.142857142857
P1295,7718.6900000000005,0.87,1.22,6326.795081967213
P6711,2212.39,0.0,0.35,6321.114285714286
P1434,2210.79,0.0,0.35,6316.542857142857
P4177,2209.94,0.0,0.35,6314.114285714286
P7861,2866.51,0.104,0.45399999999999996,6313.898678414098
P5823,2209.1099999999997,0.0,0.35,6311.742857142856
P2783,2208.9,0.0,0.35,6311.142857142858
P6978,2208.68,0.0,0.35,6310.5142857142855
P7887,2864.91,0.104,0.45399999999999996,6310.374449339207
P6282,2207.87,0.0,0.35,6308.2
P0326,4951.76,0.435,0.7849999999999999,6307.974522292994
P2673,2206.48,0.0,0.35,6304.228571428572
P3093,2861.79,0.104,0.45399999999999996,6303.5022026431725
P0822,2861.49,0.104,0.45399999999999996,6302.84140969163
P4625,2205.41,0.0,0.35,6301.171428571429
P1104,2858.48,0.104,0.45399999999999996,6296.211453744494
P2929,2858.17,0.104,0.45399999999999996,6295.528634361234
P0802,2202.78,0.0,0.35,6293.657142857144
P7863,3510.86,0.208,0.5579999999999999,6291.8637992831555
P4041,2855.11,0.104,0.45399999999999996,6288.788546255508
P2006,2199.83,0.0,0.35,6285.228571428572
P0392,2198.29,0.0,0.35,6280.828571428572
P4366,3504.7,0.208,0.5579999999999999,6280.824372759857
P4461,2198.08,0.0,0.35,6280.228571428572
P4150,2196.54,0.0,0.35,6275.828571428572
P4505,3501.62,0.208,0.5579999999999999,6275.304659498208
P6681,4272.67,0.331,0.681,6274.111600587371
P1830,2845.92,0.104,0.45399999999999996,6268.546255506609
P4022,2193.9,0.0,0.35,6268.285714285715
P2828,2192.79,0.0,0.35,6265.114285714286
P5244,2192.18,0.0,0.35,6263.371428571429
P5605,2842.86,0.104,0.45399999999999996,6261.806167400882
P1879,2190.74,0.0,0.35,6259.257142857143
P4502,2840.31,0.104,0.45399999999999996,6256.1894273127755
P7207,3489.47,0.208,0.5579999999999999,6253.5304659498215
P2606,2837.76,0.104,0.45399999999999996,6250.5726872246705
P5295,2187.69,0.0,0.35,6250.542857142857
P2740,2836.92,0.104,0.45399999999999996,6248.722466960353
P4020,2185.5,0.0,0.35,6244.285714285715
P0152,4251.18,0.331,0.681,6242.555066079295
P1242,2184.6,0.0,0.35,6241.714285714286
P4108,2833.04,0.104,0.45399999999999996,6240.176211453745
P6203,2832.58,0.104,0.45399999999999996,6239.162995594714
P7999,2183.37,0.0,0.35,6238.2
P2519,2181.56,0.0,0.35,6233.028571428572
P4513,2826.29,0.104,0.45399999999999996,6225.308370044053
P7513,3473.72,0.208,0.5579999999999999,6225.304659498208
P0894,2824.96,0.104,0.45399999999999996,6222.378854625551
P5215,2823.29,0.104,0.45399999999999996,6218.700440528635
P5156,2175.24,0.0,0.35,6214.971428571428
P5009,2172.2,0.0,0.35,6206.285714285714
P0385,2171.3,0.0,0.35,6203.714285714286
P5080,2169.41,0.0,0.35,6198.314285714286
P4231,4216.54,0.331,0.681,6191.688693098385
P6564,4215.59,0.331,0.681,6190.293685756241
P7055,2166.39,0.0,0.35,6189.685714285714
P4166,2165.49,0.0,0.35,6187.114285714286
P5135,2163.2200000000003,0.0,0.35,6180.628571428572
P6734,4208.08,0.331,0.681,6179.265785609397
P6024,5481.889999999999,0.539,0.889,6166.355455568053
P3534,2158.13,0.0,0.35,6166.085714285715
P7276,2158.12,0.0,0.35,6166.057142857143
P2465,2157.65,0.0,0.35,6164.714285714286
P4905,2798.7200000000003,0.104,0.45399999999999996,6164.581497797358
P6747,4839.1900000000005,0.435,0.7849999999999999,6164.573248407644
P7113,2154.63,0.0,0.35,6156.085714285715
P2054,2154.03,0.0,0.35,6154.3714285714295
P6123,2792.8599999999997,0.104,0.45399999999999996,6151.674008810573
P2435,4186.09,0.331,0.681,6146.975036710719
P5274,2148.4,0.0,0.35,6138.285714285715
P5339,6210.33,0.662,1.012,6136.689723320158
P1189,2147.76,0.0,0.35,6136.4571428571435
P4091,2146.59,0.0,0.35,6133.114285714287
P4604,4813.46,0.435,0.7849999999999999,6131.79617834395
P5966,2783.81,0.104,0.45399999999999996,6131.740088105727
P5674,6085.740000000001,0.643,0.993,6128.640483383687
P1591,2781.58,0.104,0.45399999999999996,6126.8281938326
P3219,4808.4400000000005,0.435,0.7849999999999999,6125.401273885352
P7157,4171.29,0.331,0.681,6125.242290748898
P5746,2143.69,0.0,0.35,6124.828571428572
P3195,2780.2999999999997,0.104,0.45399999999999996,6124.008810572687
P5597,6193.87,0.662,1.012,6120.424901185771
P2920,2141.83,0.0,0.35,6119.5142857142855
P4867,3414.6000000000004,0.208,0.5579999999999999,6119.354838709679
P4448,2141.35,0.0,0.35,6118.142857142857
P6149,2138.17,0.0,0.35,6109.057142857144
P5880,2136.04,0.0,0.35,6102.971428571429
P3683,2134.91,0.0,0.35,6099.742857142857
P1052,2133.81,0.0,0.35,6096.6
P5718,2767.84,0.104,0.45399999999999996,6096.563876651983
P1554,6167.93,0.662,1.012,6094.792490118577
P3824,2131.73,0.0,0.35,6090.657142857143
P3950,2127.59,0.0,0.35,6078.828571428572
P2258,2759.5,0.104,0.45399999999999996,6078.19383259912
P0674,2126.9,0.0,0.35,6076.857142857143
P1994,2756.99,0.104,0.45399999999999996,6072.665198237885
P4261,3388.24,0.208,0.5579999999999999,6072.114695340502
P7185,2124.45,0.0,0.35,6069.857142857143
P2299,2752.0099999999998,0.104,0.45399999999999996,6061.696035242291
P5194,4757.71,0.435,0.7849999999999999,6060.777070063695
P5121,2120.03,0.0,0.35,6057.228571428573
P5989,5384.12,0.5389999999999999,0.8889999999999999,6056.377952755906
P2945,4123.92,0.331,0.681,6055.68281938326
P4449,2119.28,0.0,0.35,6055.085714285715
P5571,2748.03,0.104,0.45399999999999996,6052.929515418503
P0014,2118.01,0.0,0.35,6051.4571428571435
P0414,2747.12,0.104,0.45399999999999996,6050.925110132159
P7739,2117.11,0.0,0.35,6048.885714285715
P5204,4747.5,0.435,0.7849999999999999,6047.770700636944
P6780,2744.75,0.104,0.45399999999999996,6045.704845814978
P5083,2115.3,0.0,0.35,6043.714285714286
P5637,2114.93,0.0,0.35,6042.657142857142
P7365,2113.82,0.0,0.35,6039.485714285715
P0166,2740.91,0.104,0.45399999999999996,6037.246696035242
P4392,3994.8500000000004,0.312,0.6619999999999999,6034.5166163142
P1228,2738.2999999999997,0.104,0.45399999999999996,6031.497797356828
P7182,4733.52,0.435,0.7849999999999999,6029.961783439491
P7293,2734.13,0.104,0.45399999999999996,6022.312775330397
P0905,3359.9100000000003,0.208,0.5579999999999999,6021.344086021507
P6483,3357.75,0.208,0.5579999999999999,6017.47311827957
P4942,2106.05,0.0,0.35,6017.285714285716
P3755,2105.65,0.0,0.35,6016.142857142858
P4308,2731.13,0.104,0.45399999999999996,6015.704845814978
P4569,2104.8,0.0,0.35,6013.714285714286
P5451,4094.9700000000003,0.331,0.681,6013.171806167401
P2422,2729.8,0.104,0.45399999999999996,6012.775330396476
P2818,3978.75,0.312,0.6619999999999999,6010.196374622357
P7044,2103.21,0.0,0.35,6009.171428571429
P5246,2102.47,0.0,0.35,6007.057142857143
P7418,2101.1,0.0,0.35,6003.142857142857
P2021,2100.96,0.0,0.35,6002.742857142857
P5949,2100.31,0.0,0.35,6000.885714285714
P2092,2100.24,0.0,0.35,6000.685714285714
P7746,4709.639999999999,0.435,0.7849999999999999,5999.541401273886
P3053,2096.61,0.0,0.35,5990.314285714287
P2128,2719.15,0.104,0.45399999999999996,5989.317180616741
P5629,2094.4900000000002,0.0,0.35,5984.257142857144
P6063,2094.06,0.0,0.35,5983.028571428572
P0571,4073.19,0.331,0.681,5981.189427312775
P5200,2089.64,0.0,0.35,5970.4
P4169,2087.16,0.0,0.35,5963.314285714286
P1369,2086.94,0.0,0.35,5962.685714285715
P4236,2085.15,0.0,0.35,5957.571428571429
P6309,4056.3700000000003,0.331,0.681,5956.490455212922
P1557,2084.64,0.0,0.35,5956.114285714286
P0918,2084.36,0.0,0.35,5955.314285714287
P5947,2079.01,0.0,0.35,5940.028571428573
P5545,2078.8900000000003,0.0,0.35,5939.685714285715
P7495,2077.67,0.0,0.35,5936.200000000001
P4281,2693.55,0.104,0.45399999999999996,5932.929515418503
P6414,2074.55,0.0,0.35,5927.285714285716
P5165,2074.02,0.0,0.35,5925.771428571429
P7966,2073.66,0.0,0.35,5924.742857142857
P1057,4034.46,0.331,0.681,5924.317180616739
P5576,2689.17,0.104,0.45399999999999996,5923.281938325992
P2863,2071.04,0.0,0.35,5917.257142857143
P4029,3298.6200000000003,0.208,0.5579999999999999,5911.505376344087
P0994,4022.89,0.331,0.681,5907.327459618208
P0426,2066.27,0.0,0.35,5903.628571428571
P0132,4018.01,0.331,0.681,5900.161527165932
P3028,2678.48,0.104,0.45399999999999996,5899.735682819384
P4206,4011.32,0.331,0.681,5890.337738619677
P5855,2673.79,0.104,0.45399999999999996,5889.405286343613
P2785,2061.26,0.0,0.35,5889.314285714287
P0164,2672.52,0.104,0.45399999999999996,5886.607929515419
P4350,2058.42,0.0,0.35,5881.200000000001
P5268,4004.35,0.331,0.681,5880.102790014684
P7616,4004.04,0.331,0.681,5879.647577092511
P1548,4610.3,0.435,0.7849999999999999,5872.993630573249
P4157,2054.59,0.0,0.35,5870.257142857144
P4440,3884.94,0.312,0.6619999999999999,5868.489425981874
P2122,2053.94,0.0,0.35,5868.400000000001
P2953,2053.52,0.0,0.35,5867.200000000001
P0195,2663.23,0.104,0.45399999999999996,5866.14537444934
P1831,3994.0600000000004,0.331,0.681,5864.992657856094
P4627,2052.09,0.0,0.35,5863.114285714287
P4577,2051.94,0.0,0.35,5862.685714285715
P5503,2051.94,0.0,0.35,5862.685714285715
P4154,4597.919999999999,0.435,0.7849999999999999,5857.222929936305
P0576,2049.89,0.0,0.35,5856.828571428571
P0937,4597.1,0.435,0.7849999999999999,5856.1783439490455
P6763,3266.68,0.208,0.5579999999999999,5854.265232974911
P0642,3265.51,0.208,0.5579999999999999,5852.168458781363
P7611,2048.13,0.0,0.35,5851.800000000001
P5623,3264.34,0.208,0.5579999999999999,5850.071684587814
P3410,2044.22,0.0,0.35,5840.628571428572
P6827,2651.63,0.104,0.45399999999999996,5840.594713656388
P4700,3258.9,0.208,0.5579999999999999,5840.322580645162
P0028,3864.02,0.312,0.6619999999999999,5836.888217522659
P1947,2649.79,0.104,0.45399999999999996,5836.541850220265
P6748,2042.4700000000003,0.0,0.35,5835.628571428572
P0579,2042.3600000000001,0.0,0.35,5835.314285714287
P3557,2042.09,0.0,0.35,5834.542857142857
P6516,2646.8,0.104,0.45399999999999996,5829.955947136565
P1435,2040.13,0.0,0.35,5828.942857142858
P6341,2038.5400000000002,0.0,0.35,5824.400000000001
P0024,2038.13,0.0,0.35,5823.228571428572
P0872,2036.9900000000002,0.0,0.35,5819.97142857143
P2875,2641.86,0.104,0.45399999999999996,5819.074889867842
P0596,2035.72,0.0,0.35,5816.342857142858
P5226,3244.69,0.208,0.5579999999999999,5814.8566308243735
P4271,2034.33,0.0,0.35,5812.371428571429
P5139,2032.95,0.0,0.35,5808.428571428572
P6118,4557.43,0.435,0.7849999999999999,5805.643312101912
P1748,3953.49,0.331,0.681,5805.418502202642
P1533,2031.09,0.0,0.35,5803.114285714286
P1154,2030.2,0.0,0.35,5800.571428571429
P2940,3949.2,0.331,0.681,5799.118942731277
P2342,3235.71,0.208,0.5579999999999999,5798.763440860216
P3079,2631.31,0.104,0.45399999999999996,5795.837004405287
P1321,2631.08,0.104,0.45399999999999996,5795.3303964757715
P3483,5150.78,0.5389999999999999,0.8889999999999999,5793.903262092239
P4453,4542.36,0.435,0.7849999999999999,5786.445859872611
P3936,3829.7200000000003,0.312,0.6619999999999999,5785.075528700908
P0016,2024.0,0.0,0.35,5782.857142857143
P7547,2621.87,0.104,0.45399999999999996,5775.044052863436
P4141,2021.18,0.0,0.35,5774.8
P1856,2018.9,0.0,0.35,5768.285714285715
P1266,2617.68,0.104,0.45399999999999996,5765.814977973569
P0205,2016.9,0.0,0.35,5762.571428571429
P1068,2016.7700000000002,0.0,0.35,5762.200000000001
P4201,2016.3899999999999,0.0,0.35,5761.114285714286
P4009,2014.29,0.0,0.35,5755.114285714286
P7912,2014.15,0.0,0.35,5754.714285714286
P2523,2610.6,0.104,0.45399999999999996,5750.220264317181
P1708,2609.8199999999997,0.104,0.45399999999999996,5748.502202643172
P6630,2011.97,0.0,0.35,5748.4857142857145
P6963,2609.7599999999998,0.104,0.45399999999999996,5748.370044052864
P4549,2011.57,0.0,0.35,5747.342857142858
P7306,2010.3600000000001,0.0,0.35,5743.885714285715
P4542,2607.2400000000002,0.104,0.45399999999999996,5742.819383259913
P4930,2606.35,0.104,0.45399999999999996,5740.859030837005
P6142,2008.24,0.0,0.35,5737.828571428572
P1402,2007.55,0.0,0.35,5735.857142857143
P0099,2007.01,0.0,0.35,5734.314285714286
P0286,3903.44,0.331,0.681,5731.923641703377
P2536,2006.0800000000002,0.0,0.35,5731.657142857143
P1864,3197.24,0.208,0.5579999999999999,5729.820788530466
P0694,2004.7900000000002,0.0,0.35,5727.97142857143
P1353,2599.63,0.104,0.45399999999999996,5726.057268722468
P6611,2599.24,0.104,0.45399999999999996,5725.198237885463
P3554,2003.42,0.0,0.35,5724.057142857144
P1807,2003.06,0.0,0.35,5723.028571428572
P2990,2001.39,0.0,0.35,5718.257142857144
P0323,2595.7,0.104,0.45399999999999996,5717.400881057269
P2485,3893.0899999999997,0.331,0.681,5716.725403817914
P0954,2000.08,0.0,0.35,5714.5142857142855
P3932,1999.85,0.0,0.35,5713.857142857143
P1907,2594.04,0.104,0.45399999999999996,5713.744493392071
P3721,3186.93,0.208,0.5579999999999999,5711.344086021506
P5787,3885.62,0.331,0.681,5705.756240822319
P7279,2589.21,0.104,0.45399999999999996,5703.105726872247
P5382,7441.81,0.955,1.305,5702.536398467433
P3091,3882.06,0.331,0.681,5700.528634361233
P0034,2587.34,0.104,0.45399999999999996,5698.98678414097
P7319,2584.9300000000003,0.104,0.45399999999999996,5693.678414096918
P0277,2584.01,0.104,0.45399999999999996,5691.651982378856
P5899,2580.7,0.104,0.45399999999999996,5684.361233480176
P4490,1989.43,0.0,0.35,5684.085714285715
P2361,3870.38,0.331,0.681,5683.377386196769
P2975,3171.1400000000003,0.208,0.5579999999999999,5683.04659498208
P0221,2579.42,0.104,0.45399999999999996,5681.541850220265
P1873,1987.98,0.0,0.35,5679.942857142858
P3699,4348.54,0.416,0.766,5676.945169712793
P5073,3864.6400000000003,0.331,0.681,5674.948604992658
P0529,1986.0900000000001,0.0,0.35,5674.542857142858
P4089,1985.86,0.0,0.35,5673.885714285714
P2436,3165.6,0.208,0.5579999999999999,5673.118279569893
P0012,1984.6699999999998,0.0,0.35,5670.4857142857145
P6896,4447.21,0.435,0.7849999999999999,5665.235668789809
P4931,2570.33,0.104,0.45399999999999996,5661.519823788547
P1981,2569.4900000000002,0.104,0.45399999999999996,5659.66960352423
P4592,1980.04,0.0,0.35,5657.257142857143
P7975,3156.47,0.208,0.5579999999999999,5656.756272401434
P6327,2567.7599999999998,0.104,0.45399999999999996,5655.859030837004
P4949,3155.15,0.208,0.5579999999999999,5654.390681003585
P3838,1978.03,0.0,0.35,5651.514285714286
P2857,1977.43,0.0,0.35,5649.8
P5419,3847.2799999999997,0.331,0.681,5649.456681350954
P0465,1976.1399999999999,0.0,0.35,5646.114285714286
P0260,1975.93,0.0,0.35,5645.514285714286
P4559,3844.52,0.331,0.681,5645.403817914831
P1440,3844.44,0.331,0.681,5645.286343612334
P5235,2562.25,0.104,0.45399999999999996,5643.722466960353
P5431,1973.73,0.0,0.35,5639.228571428572
P5185,1973.65,0.0,0.35,5639.000000000001
P0930,1973.32,0.0,0.35,5638.057142857143
P0510,2558.14,0.104,0.45399999999999996,5634.669603524229
P6917,2557.78,0.104,0.45399999999999996,5633.876651982379
P5455,3835.67,0.331,0.681,5632.408223201174
P0436,1971.34,0.0,0.35,5632.400000000001
P0811,2554.54,0.104,0.45399999999999996,5626.740088105727
P4744,1969.05,0.0,0.35,5625.857142857143
P6981,2553.38,0.104,0.45399999999999996,5624.185022026432
P1972,3137.8,0.208,0.5579999999999999,5623.297491039428
P7405,1968.1100000000001,0.0,0.35,5623.17142857143
P7656,2552.81,0.104,0.45399999999999996,5622.929515418503
P7236,1967.56,0.0,0.35,5621.6
P4616,4411.7699999999995,0.435,0.7849999999999999,5620.089171974522
P3340,2550.47,0.104,0.45399999999999996,5617.7753303964755
P1374,1965.75,0.0,0.35,5616.428571428572
P7350,4408.87,0.435,0.7849999999999999,5616.394904458599
P2494,1963.53,0.0,0.35,5610.085714285715
P0898,2545.94,0.104,0.45399999999999996,5607.797356828194
P7919,3816.9700000000003,0.331,0.681,5604.948604992658
P2707,4399.34,0.435,0.7849999999999999,5604.254777070065
P7859,2544.25,0.104,0.45399999999999996,5604.074889867842
P2380,1961.25,0.0,0.35,5603.571428571429
P7285,3812.6099999999997,0.331,0.681,5598.546255506607
P0412,2540.96,0.104,0.45399999999999996,5596.8281938326
P6668,2540.4,0.104,0.45399999999999996,5595.594713656388
P4055,1957.78,0.0,0.35,5593.657142857143
P3599,4390.85,0.435,0.7849999999999999,5593.439490445861
P0298,1957.59,0.0,0.35,5593.114285714286
P7257,1957.5,0.0,0.35,5592.857142857143
P5203,1955.95,0.0,0.35,5588.428571428572
P3532,2535.96,0.104,0.45399999999999996,5585.814977973569
P7291,1954.66,0.0,0.35,5584.742857142858
P6561,4962.4400000000005,0.539,0.889,5582.047244094489
P3739,3694.4300000000003,0.312,0.6619999999999999,5580.7099697885205
P3820,2531.82,0.104,0.45399999999999996,5576.696035242292
P0393,3110.52,0.208,0.5579999999999999,5574.408602150538
P1392,2529.33,0.104,0.45399999999999996,5571.211453744494
P1093,2528.42,0.104,0.45399999999999996,5569.207048458151
P5750,1948.53,0.0,0.35,5567.228571428572
P3403,1948.0500000000002,0.0,0.35,5565.857142857144
P3619,3789.96,0.331,0.681,5565.286343612334
P7801,2526.21,0.104,0.45399999999999996,5564.339207048459
P1642,3787.74,0.331,0.681,5562.026431718061
P6197,1946.1599999999999,0.0,0.35,5560.457142857143
P6750,1945.6399999999999,0.0,0.35,5558.971428571429
P4578,2521.87,0.104,0.45399999999999996,5554.77973568282
P6397,1941.98,0.0,0.35,5548.514285714286
P4526,1940.83,0.0,0.35,5545.228571428572
P3998,3092.4,0.208,0.5579999999999999,5541.935483870969
P5014,1938.8999999999999,0.0,0.35,5539.714285714285
P3473,2514.2200000000003,0.104,0.45399999999999996,5537.929515418503
P4336,1937.63,0.0,0.35,5536.085714285715
P7591,3769.17,0.331,0.681,5534.757709251101
P3222,2512.61,0.104,0.45399999999999996,5534.383259911895
P6540,3086.54,0.208,0.5579999999999999,5531.433691756273
P5935,2511.0699999999997,0.104,0.45399999999999996,5530.991189427313
P2840,1933.67,0.0,0.35,5524.771428571429
P6932,7987.77,1.097,1.447,5520.228058051141
P1608,2505.44,0.104,0.45399999999999996,5518.590308370045
P3525,2505.35,0.104,0.45399999999999996,5518.392070484581
P2062,4331.85,0.435,0.7849999999999999,5518.280254777071
P7455,2504.96,0.104,0.45399999999999996,5517.533039647577
P7385,1930.95,0.0,0.35,5517.000000000001
P3029,4900.450000000001,0.5389999999999999,0.8889999999999999,5512.317210348708
P2734,1929.0900000000001,0.0,0.35,5511.685714285715
P3432,2502.13,0.104,0.45399999999999996,5511.299559471367
P2691,1928.21,0.0,0.35,5509.171428571429
P1111,1928.08,0.0,0.35,5508.8
P0327,2500.63,0.104,0.45399999999999996,5507.995594713657
P1575,2498.52,0.104,0.45399999999999996,5503.348017621146
P5700,3744.86,0.331,0.681,5499.060205580029
P3978,1924.32,0.0,0.35,5498.057142857143
P3017,1924.28,0.0,0.35,5497.942857142857
P1044,1923.3600000000001,0.0,0.35,5495.314285714287
P7806,1922.95,0.0,0.35,5494.142857142858
P3830,4311.34,0.435,0.7849999999999999,5492.152866242039
P4363,3737.31,0.331,0.681,5487.973568281938
P2730,3735.33,0.331,0.681,5485.066079295154
P1459,2489.7599999999998,0.104,0.45399999999999996,5484.0528634361235
P4053,1919.23,0.0,0.35,5483.514285714286
P6580,1919.23,0.0,0.35,5483.514285714286
P6103,1919.18,0.0,0.35,5483.3714285714295
P7330,1918.2,0.0,0.35,5480.571428571429
P6484,4301.41,0.435,0.7849999999999999,5479.503184713376
P4503,1916.6,0.0,0.35,5476.0
P4194,1916.23,0.0,0.35,5474.942857142858
P1832,4865.82,0.539,0.889,5473.363329583802
P0269,2484.4900000000002,0.104,0.45399999999999996,5472.444933920706
P3561,1915.1699999999998,0.0,0.35,5471.914285714286
P5586,6674.16,0.87,1.22,5470.622950819672
P6576,2480.96,0.104,0.45399999999999996,5464.669603524229
P4220,4289.63,0.435,0.7849999999999999,5464.496815286625
P7448,3721.28,0.331,0.681,5464.434654919236
P0987,1911.5200000000002,0.0,0.35,5461.485714285715
P3546,1911.52,0.0,0.35,5461.4857142857145
P4853,1910.78,0.0,0.35,5459.371428571429
P7529,2477.85,0.104,0.45399999999999996,5457.819383259912
P0612,2477.72,0.104,0.45399999999999996,5457.533039647577
P7512,2477.11,0.104,0.45399999999999996,5456.189427312776
P5507,2476.27,0.104,0.45399999999999996,5454.339207048459
P0721,2475.86,0.104,0.45399999999999996,5453.436123348019
P2310,2475.23,0.104,0.45399999999999996,5452.04845814978
P6571,2473.03,0.104,0.45399999999999996,5447.202643171807
P5634,1906.1999999999998,0.0,0.35,5446.285714285714
P7721,3605.07,0.312,0.6619999999999999,5445.725075528701
P1892,2471.7999999999997,0.104,0.45399999999999996,5444.493392070484
P4474,1905.36,0.0,0.35,5443.885714285714
P5833,2471.08,0.104,0.45399999999999996,5442.907488986784
P3176,1904.83,0.0,0.35,5442.371428571429
P5053,3702.8700000000003,0.331,0.681,5437.400881057269
P1967,1902.6,0.0,0.35,5436.0
P3102,3700.4,0.331,0.681,5433.773861967695
P4902,1900.48,0.0,0.35,5429.942857142858
P2126,2464.2000000000003,0.104,0.45399999999999996,5427.753303964759
P6074,2462.12,0.104,0.45399999999999996,5423.171806167401
P4966,2461.8199999999997,0.104,0.45399999999999996,5422.511013215859
P5744,3024.5699999999997,0.208,0.5579999999999999,5420.376344086021
P2739,3688.85,0.331,0.681,5416.813509544787
P0680,1895.46,0.0,0.35,5415.6
P6784,4248.82,0.435,0.7849999999999999,5412.509554140128
P6236,2457.12,0.104,0.45399999999999996,5412.158590308371
P5888,1893.7800000000002,0.0,0.35,5410.800000000001
P1589,1893.51,0.0,0.35,5410.028571428572
P4002,2455.31,0.104,0.45399999999999996,5408.171806167401
P0594,5369.04,0.643,0.993,5406.888217522659
P6877,1891.6,0.0,0.35,5404.571428571428
P5777,2453.59,0.104,0.45399999999999996,5404.383259911895
P1300,1891.1999999999998,0.0,0.35,5403.428571428572
P6826,2453.13,0.104,0.45399999999999996,5403.370044052865
P7505,2451.8300000000004,0.104,0.45399999999999996,5400.506607929517
P3898,2451.59,0.104,0.45399999999999996,5399.977973568282
P0936,1889.82,0.0,0.35,5399.4857142857145
P5270,1888.7999999999997,0.0,0.35,5396.571428571428
P2512,2449.48,0.104,0.45399999999999996,5395.3303964757715
P0668,4233.73,0.435,0.7849999999999999,5393.286624203822
P2794,1887.15,0.0,0.35,5391.857142857143
P3330,4228.51,0.435,0.7849999999999999,5386.63694267516
P0203,2445.0,0.104,0.45399999999999996,5385.462555066079
P5847,4227.23,0.435,0.7849999999999999,5385.006369426752
P7652,2444.45,0.104,0.45399999999999996,5384.251101321586
P1178,4226.38,0.435,0.7849999999999999,5383.923566878982
P6577,1883.3000000000002,0.0,0.35,5380.857142857144
P4243,1883.03,0.0,0.35,5380.085714285715
P0319,1882.8799999999999,0.0,0.35,5379.657142857143
P7128,1882.81,0.0,0.35,5379.4571428571435
P2018,4222.47,0.435,0.7849999999999999,5378.942675159236
P2640,6000.51,0.766,1.116,5376.801075268817
P7920,1881.49,0.0,0.35,5375.685714285714
P0513,1879.88,0.0,0.35,5371.085714285715
P0271,1878.46,0.0,0.35,5367.028571428572
P7606,1877.44,0.0,0.35,5364.114285714286
P3965,3652.7200000000003,0.331,0.681,5363.759177679883
P6182,2434.34,0.104,0.45399999999999996,5361.982378854626
P5319,2434.06,0.104,0.45399999999999996,5361.3656387665205
P1979,1876.33,0.0,0.35,5360.942857142857
P6022,1876.3,0.0,0.35,5360.857142857143
P5008,1875.69,0.0,0.35,5359.114285714286
P0719,1874.44,0.0,0.35,5355.542857142857
P3595,1873.24,0.0,0.35,5352.114285714286
P4824,2427.16,0.104,0.45399999999999996,5346.167400881058
P4123,1870.5700000000002,0.0,0.35,5344.485714285715
P5338,2980.68,0.208,0.5579999999999999,5341.720430107527
P1318,2423.52,0.104,0.45399999999999996,5338.149779735683
P2044,2423.51,0.104,0.45399999999999996,5338.127753303966
P0008,3634.37,0.331,0.681,5336.813509544787
P3535,2422.45,0.104,0.45399999999999996,5335.79295154185
P7152,1867.41,0.0,0.35,5335.4571428571435
P5549,3630.17,0.331,0.681,5330.646108663729
P5267,3630.04,0.331,0.681,5330.455212922173
P2621,1864.8999999999999,0.0,0.35,5328.285714285715
P5173,2972.7799999999997,0.208,0.5579999999999999,5327.562724014337
P5861,1864.04,0.0,0.35,5325.828571428572
P0570,3625.56,0.331,0.681,5323.8766519823785
P4718,3624.91,0.331,0.681,5322.9221732745955
P1826,2416.34,0.104,0.45399999999999996,5322.334801762116
P4262,1860.98,0.0,0.35,5317.085714285715
P7781,2413.71,0.104,0.45399999999999996,5316.541850220265
P7825,3518.9700000000003,0.312,0.6619999999999999,5315.664652567977
P0418,2410.42,0.104,0.45399999999999996,5309.2951541850225
P6956,2410.22,0.104,0.45399999999999996,5308.854625550661
P6073,1857.29,0.0,0.35,5306.542857142857
P7471,1857.1599999999999,0.0,0.35,5306.171428571429
P2561,2408.85,0.104,0.45399999999999996,5305.837004405286
P1883,1856.8100000000002,0.0,0.35,5305.17142857143
P4631,1856.54,0.0,0.35,5304.400000000001
P3092,2407.37,0.104,0.45399999999999996,5302.577092511014
P0398,3610.32,0.331,0.681,5301.497797356828
P6170,2402.5,0.104,0.45399999999999996,5291.850220264318
P5580,2400.88,0.104,0.45399999999999996,5288.281938325992
P4530,1849.74,0.0,0.35,5284.971428571429
P4981,2398.65,0.104,0.45399999999999996,5283.370044052864
P3009,2398.5299999999997,0.104,0.45399999999999996,5283.105726872247
P4035,2396.89,0.104,0.45399999999999996,5279.493392070484
P7013,1847.74,0.0,0.35,5279.257142857144
P4793,1845.49,0.0,0.35,5272.828571428572
P1809,2392.07,0.104,0.45399999999999996,5268.876651982379
P6386,4135.8,0.435,0.7849999999999999,5268.535031847135
P1982,2390.8999999999996,0.104,0.45399999999999996,5266.299559471366
P2954,1842.4,0.0,0.35,5264.000000000001
P7686,2389.73,0.104,0.45399999999999996,5263.722466960353
P2963,3584.13,0.331,0.681,5263.039647577092
P0246,1841.7099999999998,0.0,0.35,5262.028571428571
P5354,3581.88,0.331,0.681,5259.735682819383
P1084,4128.0,0.435,0.7849999999999999,5258.59872611465
P7555,1839.4399999999998,0.0,0.35,5255.542857142857
P5938,2385.18,0.104,0.45399999999999996,5253.700440528634
P3888,1838.67,0.0,0.35,5253.342857142858
P4751,5315.14,0.662,1.012,5252.114624505929
P1863,2384.03,0.104,0.45399999999999996,5251.167400881058
P0410,2383.79,0.104,0.45399999999999996,5250.6387665198245
P7775,2383.76,0.104,0.45399999999999996,5250.5726872246705
P6613,1837.65,0.0,0.35,5250.4285714285725
P1625,1837.29,0.0,0.35,5249.400000000001
P1999,2928.45,0.208,0.5579999999999999,5248.118279569892
P2634,2380.7,0.104,0.45399999999999996,5243.832599118943
P1933,2380.64,0.104,0.45399999999999996,5243.700440528634
P0045,4116.04,0.435,0.7849999999999999,5243.363057324841
P7213,3569.49,0.331,0.681,5241.541850220264
P6420,2924.74,0.208,0.5579999999999999,5241.469534050179
P6222,4114.29,0.435,0.7849999999999999,5241.133757961784
P7168,2379.39,0.104,0.45399999999999996,5240.9471365638765
P2290,1834.02,0.0,0.35,5240.057142857143
P0914,2923.5099999999998,0.208,0.5579999999999999,5239.265232974911
P1810,2377.59,0.104,0.45399999999999996,5236.982378854626
P6534,1832.43,0.0,0.35,5235.514285714286
P4481,2376.0,0.104,0.45399999999999996,5233.480176211454
P0278,2375.47,0.104,0.45399999999999996,5232.312775330396
P3651,1831.22,0.0,0.35,5232.057142857143
P6407,3562.3199999999997,0.331,0.681,5231.01321585903
P3995,5292.990000000001,0.662,1.012,5230.227272727273
P1454,2373.62,0.104,0.45399999999999996,5228.237885462555
P6991,2373.06,0.104,0.45399999999999996,5227.004405286344
P2643,2372.85,0.104,0.45399999999999996,5226.541850220265
P3163,2372.6,0.104,0.45399999999999996,5225.991189427313
P2338,1828.24,0.0,0.35,5223.542857142857
P7411,2370.88,0.104,0.45399999999999996,5222.202643171807
P6636,1827.19,0.0,0.35,5220.542857142857
P0428,3554.21,0.331,0.681,5219.104258443465
P0476,2909.69,0.208,0.5579999999999999,5214.498207885305
P0505,2366.94,0.104,0.45399999999999996,5213.52422907489
P0191,1824.73,0.0,0.35,5213.514285714286
P7646,3549.96,0.331,0.681,5212.863436123348
P1364,2365.92,0.104,0.45399999999999996,5211.277533039648
P2283,1823.1,0.0,0.35,5208.857142857143
P6252,4087.63,0.435,0.7849999999999999,5207.171974522294
P3454,2363.76,0.104,0.45399999999999996,5206.519823788547
P5747,2362.8900000000003,0.104,0.45399999999999996,5204.603524229076
P1327,1821.5300000000002,0.0,0.35,5204.3714285714295
P6250,1820.71,0.0,0.35,5202.028571428572
P4849,2900.1,0.208,0.5579999999999999,5197.31182795699
P2246,5258.63,0.662,1.012,5196.274703557312
P4049,2899.13,0.208,0.5579999999999999,5195.57347670251
P3845,2358.37,0.104,0.45399999999999996,5194.647577092511
P7487,1817.22,0.0,0.35,5192.057142857143
P4901,2356.92,0.104,0.45399999999999996,5191.453744493393
P2573,1816.94,0.0,0.35,5191.257142857144
P2527,4072.99,0.435,0.7849999999999999,5188.522292993631
P6754,4069.49,0.435,0.7849999999999999,5184.063694267516
P2307,4064.8199999999997,0.435,0.7849999999999999,5178.114649681529
P6574,2350.75,0.104,0.45399999999999996,5177.863436123348
P2663,2350.63,0.104,0.45399999999999996,5177.599118942732
P4372,4061.2200000000003,0.435,0.7849999999999999,5173.528662420383
P7114,1808.94,0.0,0.35,5168.400000000001
P0593,1807.75,0.0,0.35,5165.0
P5119,4053.85,0.435,0.7849999999999999,5164.140127388536
P0854,2880.85,0.208,0.5579999999999999,5162.813620071685
P6008,2880.6400000000003,0.208,0.5579999999999999,5162.437275985664
P7929,2342.85,0.104,0.45399999999999996,5160.462555066079
P6678,2341.0,0.104,0.45399999999999996,5156.387665198238
P3752,5216.929999999999,0.662,1.012,5155.069169960474
P6660,1804.2,0.0,0.35,5154.857142857143
P7029,4046.3,0.435,0.7849999999999999,5154.522292993632
P6930,1802.9899999999998,0.0,0.35,5151.4
P5603,3507.96,0.331,0.681,5151.189427312775
P7461,1802.81,0.0,0.35,5150.885714285714
P2499,1802.54,0.0,0.35,5150.114285714286
P3991,4577.75,0.539,0.889,5149.325084364455
P6430,1801.79,0.0,0.35,5147.971428571429
P5871,2872.3199999999997,0.208,0.5579999999999999,5147.5268817204305
P4689,1801.13,0.0,0.35,5146.085714285715
P7574,2336.27,0.104,0.45399999999999996,5145.969162995595
P5875,1800.84,0.0,0.35,5145.257142857143
P2243,1800.6,0.0,0.35,5144.571428571428
P2559,1799.8600000000001,0.0,0.35,5142.4571428571435
P6200,1798.46,0.0,0.35,5138.4571428571435
P5294,3497.53,0.331,0.681,5135.873715124816
P6262,1797.02,0.0,0.35,5134.342857142858
P0067,2330.59,0.104,0.45399999999999996,5133.458149779736
P6343,4563.46,0.539,0.889,5133.250843644544
P1046,2329.7200000000003,0.104,0.45399999999999996,5131.541850220266
P6388,1795.68,0.0,0.35,5130.514285714286
P4805,1795.4299999999998,0.0,0.35,5129.8
P0647,2328.61,0.104,0.45399999999999996,5129.09691629956
P6247,1794.0700000000002,0.0,0.35,5125.914285714287
P0026,4023.11,0.435,0.7849999999999999,5124.980891719746
P3401,3488.15,0.331,0.681,5122.099853157121
P6263,1791.37,0.0,0.35,5118.2
P6192,4017.52,0.435,0.7849999999999999,5117.859872611465
P0796,1790.2,0.0,0.35,5114.857142857143
P3736,2853.43,0.208,0.5579999999999999,5113.673835125448
P0836,1789.65,0.0,0.35,5113.285714285715
P6942,1789.4899999999998,0.0,0.35,5112.828571428571
P6150,3479.62,0.331,0.681,5109.57415565345
P4021,2319.21,0.104,0.45399999999999996,5108.392070484582
P3138,3477.68,0.331,0.681,5106.725403817914
P2705,2848.15,0.208,0.5579999999999999,5104.211469534051
P3915,1785.88,0.0,0.35,5102.514285714286
P6661,2846.92,0.208,0.5579999999999999,5102.007168458782
P5844,1785.69,0.0,0.35,5101.971428571429
P4158,1785.38,0.0,0.35,5101.085714285715
P5945,1784.77,0.0,0.35,5099.342857142858
P2790,2314.17,0.104,0.45399999999999996,5097.290748898679
P5163,1783.92,0.0,0.35,5096.914285714286
P4551,3469.74,0.331,0.681,5095.066079295154
P4265,2312.62,0.104,0.45399999999999996,5093.876651982379
P4740,1782.3300000000002,0.0,0.35,5092.3714285714295
P5356,1782.27,0.0,0.35,5092.2
P5882,1782.16,0.0,0.35,5091.885714285715
P0329,1782.05,0.0,0.35,5091.571428571428
P3564,2311.2400000000002,0.104,0.45399999999999996,5090.837004405287
P1417,5148.72,0.662,1.012,5087.667984189724
P4364,2309.41,0.104,0.45399999999999996,5086.806167400881
P1253,3462.8199999999997,0.331,0.681,5084.904552129221
P1691,2308.0299999999997,0.104,0.45399999999999996,5083.766519823788
P2369,3460.75,0.331,0.681,5081.864904552129
P2661,2307.15,0.104,0.45399999999999996,5081.8281938326
P3038,1778.57,0.0,0.35,5081.628571428571
P3018,1777.2,0.0,0.35,5077.714285714286
P5418,2303.85,0.104,0.45399999999999996,5074.559471365639
P3168,1776.08,0.0,0.35,5074.5142857142855
P2253,2830.81,0.208,0.5579999999999999,5073.136200716846
P0077,1774.77,0.0,0.35,5070.771428571429
P2518,1773.63,0.0,0.35,5067.514285714286
P7167,3976.87,0.435,0.7849999999999999,5066.076433121019
P3306,2825.6800000000003,0.208,0.5579999999999999,5063.94265232975
P2159,1772.3400000000001,0.0,0.35,5063.828571428572
P7895,1772.03,0.0,0.35,5062.942857142857
P2042,1772.0100000000002,0.0,0.35,5062.885714285715
P4818,3350.87,0.312,0.6619999999999999,5061.737160120846
P2949,3445.86,0.331,0.681,5060.0
P4118,3445.63,0.331,0.681,5059.662261380323
P0021,4497.900000000001,0.539,0.889,5059.505061867267
P0434,3967.54,0.435,0.7849999999999999,5054.191082802548
P6412,2294.31,0.104,0.45399999999999996,5053.546255506608
P6338,2293.3,0.104,0.45399999999999996,5051.321585903084
P7302,2817.26,0.208,0.5579999999999999,5048.853046594983
P5636,1765.93,0.0,0.35,5045.514285714286
P2425,2290.59,0.104,0.45399999999999996,5045.35242290749
P6996,2290.08,0.104,0.45399999999999996,5044.229074889869
P5047,1764.93,0.0,0.35,5042.657142857143
P5756,3433.72,0.331,0.681,5042.173274596182
P3984,3433.66,0.331,0.681,5042.085168869309
P7153,3432.7000000000003,0.331,0.681,5040.675477239354
P2406,1764.17,0.0,0.35,5040.4857142857145
P3257,3956.59,0.435,0.7849999999999999,5040.242038216561
P4045,2287.99,0.104,0.45399999999999996,5039.625550660793
P2769,4480.0199999999995,0.5389999999999999,0.8889999999999999,5039.392575928009
P5613,2287.7799999999997,0.104,0.45399999999999996,5039.162995594714
P4198,6142.99,0.87,1.22,5035.237704918033
P1805,1761.9099999999999,0.0,0.35,5034.028571428571
P2526,1761.66,0.0,0.35,5033.314285714287
P6715,1759.8700000000001,0.0,0.35,5028.200000000001
P3794,2281.9,0.104,0.45399999999999996,5026.211453744494
P5010,3945.17,0.435,0.7849999999999999,5025.694267515924
P1697,2279.09,0.104,0.45399999999999996,5020.022026431719
P7552,2800.4,0.208,0.5579999999999999,5018.637992831542
P6030,1756.37,0.0,0.35,5018.2
P3137,3417.05,0.331,0.681,5017.6945668135095
P1747,3414.41,0.331,0.681,5013.81791483113
P2687,1754.53,0.0,0.35,5012.942857142857
P4130,1753.22,0.0,0.35,5009.200000000001
P6717,2793.89,0.208,0.5579999999999999,5006.971326164875
P5489,3409.29,0.331,0.681,5006.299559471365
P4863,4450.59,0.539,0.889,5006.287964004499
P6328,3408.46,0.331,0.681,5005.080763582966
P6095,1751.28,0.0,0.35,5003.657142857143
P2659,1750.6,0.0,0.35,5001.714285714285
P0631,2269.83,0.104,0.45399999999999996,4999.625550660793
P4993,2269.6,0.104,0.45399999999999996,4999.1189427312775
P7198,3402.21,0.331,0.681,4995.90308370044
P1246,1748.32,0.0,0.35,4995.2
P2671,2786.41,0.208,0.5579999999999999,4993.566308243728
P6348,3918.82,0.435,0.7849999999999999,4992.127388535033
P0965,2266.16,0.104,0.45399999999999996,4991.541850220265
P2806,2266.12,0.104,0.45399999999999996,4991.453744493392
P4617,3302.5299999999997,0.312,0.6619999999999999,4988.716012084592
P6503,2264.13,0.104,0.45399999999999996,4987.070484581499
P2234,1745.2900000000002,0.0,0.35,4986.542857142858
P0407,1745.09,0.0,0.35,4985.971428571429
P3667,2263.57,0.104,0.45399999999999996,4985.837004405287
P3722,5044.58,0.662,1.012,4984.762845849802
P1655,1744.21,0.0,0.35,4983.4571428571435
P0179,3911.4300000000003,0.435,0.7849999999999999,4982.713375796179
P3357,2262.04,0.104,0.45399999999999996,4982.4669603524235
P7891,1743.3400000000001,0.0,0.35,4980.971428571429
P6536,1741.77,0.0,0.35,4976.4857142857145
P6708,2776.6,0.208,0.5579999999999999,4975.985663082438
P0983,3905.8500000000004,0.435,0.7849999999999999,4975.605095541402
P7764,2258.29,0.104,0.45399999999999996,4974.20704845815
P5381,3386.3,0.331,0.681,4972.540381791483
P0321,1739.76,0.0,0.35,4970.742857142857
P5863,2772.2200000000003,0.208,0.5579999999999999,4968.136200716847
P7601,2254.35,0.104,0.45399999999999996,4965.528634361233
P3600,2768.61,0.208,0.5579999999999999,4961.666666666667
P1682,1735.68,0.0,0.35,4959.085714285715
P6229,4404.21,0.539,0.889,4954.116985376828
P4870,1733.02,0.0,0.35,4951.4857142857145
P1861,1732.61,0.0,0.35,4950.314285714286
P7133,1731.58,0.0,0.35,4947.371428571429
P7158,1730.78,0.0,0.35,4945.085714285715
P7005,1730.68,0.0,0.35,4944.8
P4897,2244.62,0.104,0.45399999999999996,4944.09691629956
P2453,2757.94,0.208,0.5579999999999999,4942.5448028673845
P4548,2243.69,0.104,0.45399999999999996,4942.04845814978
P6240,5000.01,0.662,1.012,4940.721343873518
P3141,3364.17,0.331,0.681,4940.044052863436
P0035,3877.34,0.435,0.7849999999999999,4939.286624203823
P3987,1728.71,0.0,0.35,4939.171428571429
P5956,7659.580000000001,1.201,1.5510000000000002,4938.4784010315925
P5708,1728.01,0.0,0.35,4937.171428571429
P2265,2241.15,0.104,0.45399999999999996,4936.453744493393
P6163,4387.92,0.539,0.889,4935.793025871766
P1036,1727.3,0.0,0.35,4935.142857142857
P2868,2240.45,0.104,0.45399999999999996,4934.9118942731275
P7994,2753.56,0.208,0.5579999999999999,4934.695340501792
P4520,1724.94,0.0,0.35,4928.400000000001
P0059,1724.92,0.0,0.35,4928.342857142858
P6023,1724.8899999999999,0.0,0.35,4928.257142857143
P7501,3867.03,0.435,0.7849999999999999,4926.152866242039
P7727,1723.83,0.0,0.35,4925.228571428572
P3187,1723.4,0.0,0.35,4924.000000000001
P1866,2235.45,0.104,0.45399999999999996,4923.898678414097
P7687,1722.8799999999999,0.0,0.35,4922.5142857142855
P3457,1722.23,0.0,0.35,4920.657142857143
P6372,3862.52,0.435,0.7849999999999999,4920.407643312103
P4729,2233.43,0.104,0.45399999999999996,4919.449339207049
P6121,1721.47,0.0,0.35,4918.4857142857145
P2462,2231.48,0.104,0.45399999999999996,4915.1541850220265
P2069,1719.63,0.0,0.35,4913.228571428572
P5525,1719.4,0.0,0.35,4912.571428571429
P0063,5480.69,0.766,1.116,4911.012544802867
P5461,2229.4700000000003,0.104,0.45399999999999996,4910.726872246697
P4690,3250.03,0.312,0.6619999999999999,4909.410876132932
P6241,1717.98,0.0,0.35,4908.514285714286
P7573,1717.5,0.0,0.35,4907.142857142858
P3669,3340.38,0.331,0.681,4905.11013215859
P2800,1716.55,0.0,0.35,4904.428571428572
P7522,2225.8,0.104,0.45399999999999996,4902.6431718061685
P1558,1715.3700000000001,0.0,0.35,4901.057142857144
P6072,2734.13,0.208,0.5579999999999999,4899.874551971327
P5171,3336.18,0.331,0.681,4898.942731277532
P5647,3751.6,0.416,0.766,4897.6501305483025
P2284,3843.1699999999996,0.435,0.7849999999999999,4895.75796178344
P7732,1713.15,0.0,0.35,4894.714285714286
P5357,1711.9399999999998,0.0,0.35,4891.257142857143
P3453,2220.63,0.104,0.45399999999999996,4891.25550660793
P0091,2220.57,0.104,0.45399999999999996,4891.1233480176215
P4613,4348.030000000001,0.5389999999999999,0.8889999999999999,4890.922384701914
P6935,3330.5,0.331,0.681,4890.602055800294
P6822,1710.0800000000002,0.0,0.35,4885.942857142858
P3983,3325.6000000000004,0.331,0.681,4883.4067547723935
P1190,2216.98,0.104,0.45399999999999996,4883.215859030837
P0699,1708.2,0.0,0.35,4880.571428571429
P2764,1707.52,0.0,0.35,4878.628571428571
P6198,3320.99,0.331,0.681,4876.637298091042
P4635,1705.57,0.0,0.35,4873.057142857143
P3358,1705.46,0.0,0.35,4872.742857142857
P1894,1705.1000000000001,0.0,0.35,4871.714285714286
P2565,2211.19,0.104,0.45399999999999996,4870.462555066079
P2924,2210.87,0.104,0.45399999999999996,4869.757709251102
P5512,1704.08,0.0,0.35,4868.8
P3434,1703.9,0.0,0.35,4868.285714285715
P0921,2714.15,0.208,0.5579999999999999,4864.068100358423
P1553,4323.72,0.5389999999999999,0.8889999999999999,4863.5770528683925
P7104,2711.68,0.208,0.5579999999999999,4859.641577060932
P7695,1700.53,0.0,0.35,4858.657142857143
P7628,2205.62,0.104,0.45399999999999996,4858.19383259912
P1784,2205.33,0.104,0.45399999999999996,4857.555066079295
P2658,1699.92,0.0,0.35,4856.914285714286
P5454,1699.82,0.0,0.35,4856.628571428571
P6853,4313.27,0.539,0.889,4851.8222722159735
P3614,2201.76,0.104,0.45399999999999996,4849.691629955948
P2484,2201.24,0.104,0.45399999999999996,4848.546255506608
P5614,1695.37,0.0,0.35,4843.914285714286
P3964,2199.0299999999997,0.104,0.45399999999999996,4843.678414096916
P0976,2198.44,0.104,0.45399999999999996,4842.378854625551
P6107,4303.0599999999995,0.539,0.889,4840.337457817772
P0104,2195.55,0.104,0.45399999999999996,4836.013215859031
P4028,1692.15,0.0,0.35,4834.714285714286
P4524,3794.63,0.435,0.7849999999999999,4833.923566878982
P5714,3291.16,0.331,0.681,4832.834067547723
P1689,1690.67,0.0,0.35,4830.4857142857145
P4435,2192.92,0.104,0.45399999999999996,4830.220264317181
P5814,1690.28,0.0,0.35,4829.371428571429
P6937,1689.97,0.0,0.35,4828.4857142857145
P5988,1689.11,0.0,0.35,4826.028571428571
P1013,1688.51,0.0,0.35,4824.314285714286
P3715,2188.97,0.104,0.45399999999999996,4821.519823788546
P1954,2188.24,0.104,0.45399999999999996,4819.9118942731275
P7073,2187.9900000000002,0.104,0.45399999999999996,4819.361233480177
P3005,2186.86,0.104,0.45399999999999996,4816.872246696036
P7665,1685.8899999999999,0.0,0.35,4816.828571428571
P1486,3186.28,0.312,0.6619999999999999,4813.111782477342
P2939,1684.28,0.0,0.35,4812.228571428572
P6124,3275.84,0.331,0.681,4810.337738619677
P3294,2183.15,0.104,0.45399999999999996,4808.700440528635
P2354,3271.79,0.331,0.681,4804.3906020558
P2073,1680.01,0.0,0.35,4800.028571428572
P0963,1679.92,0.0,0.35,4799.771428571429
P6110,3266.3199999999997,0.331,0.681,4796.358296622613
P1018,3265.32,0.331,0.681,4794.88986784141
P4983,1677.06,0.0,0.35,4791.6
P2430,1676.94,0.0,0.35,4791.257142857144
P7663,2174.93,0.104,0.45399999999999996,4790.594713656387
P4894,3759.16,0.435,0.7849999999999999,4788.738853503185
P0726,3256.38,0.331,0.681,4781.762114537445
P3322,5335.96,0.766,1.116,4781.326164874552
P4767,1673.1399999999999,0.0,0.35,4780.4
P5237,2666.53,0.208,0.5579999999999999,4778.727598566309
P6403,1672.5,0.0,0.35,4778.571428571428
P6925,3254.08,0.331,0.681,4778.384728340675
P2703,1672.24,0.0,0.35,4777.828571428572
P0600,3252.49,0.331,0.681,4776.04992657856
P1496,1671.03,0.0,0.35,4774.371428571429
P0372,3746.11,0.435,0.7849999999999999,4772.114649681529
P6033,2661.08,0.208,0.5579999999999999,4768.960573476703
P5181,3740.8300000000004,0.435,0.7849999999999999,4765.388535031848
P7278,3242.78,0.331,0.681,4761.791483113069
P3458,3737.61,0.435,0.7849999999999999,4761.286624203823
P7014,1665.69,0.0,0.35,4759.114285714286
P5210,2655.55,0.208,0.5579999999999999,4759.05017921147
P0256,2160.25,0.104,0.45399999999999996,4758.2599118942735
P6458,6389.75,0.9930000000000001,1.343,4757.818317200298
P2384,4227.91,0.539,0.889,4755.804274465691
P7483,3238.38,0.331,0.681,4755.330396475771
P6768,2158.21,0.104,0.45399999999999996,4753.766519823789
P6237,2157.67,0.104,0.45399999999999996,4752.577092511014
P2177,1663.25,0.0,0.35,4752.142857142858
P4355,2156.3199999999997,0.104,0.45399999999999996,4749.6035242290745
P6202,1661.6,0.0,0.35,4747.428571428572
P1535,1661.34,0.0,0.35,4746.685714285714
P2217,1660.72,0.0,0.35,4744.914285714286
P6120,2152.55,0.104,0.45399999999999996,4741.299559471367
P0964,4212.45,0.539,0.889,4738.413948256468
P3613,1658.1000000000001,0.0,0.35,4737.4285714285725
P2305,2150.54,0.104,0.45399999999999996,4736.872246696035
P0080,4703.15,0.643,0.993,4736.304128902316
P7184,2149.72,0.104,0.45399999999999996,4735.066079295154
P4652,1657.1,0.0,0.35,4734.571428571428
P5392,1656.79,0.0,0.35,4733.685714285714
P2450,1656.75,0.0,0.35,4733.571428571428
P1563,1656.0900000000001,0.0,0.35,4731.685714285715
P6132,2147.16,0.104,0.45399999999999996,4729.42731277533
P2085,4204.18,0.539,0.889,4729.111361079866
P0768,3220.38,0.331,0.681,4728.898678414097
P4425,1654.31,0.0,0.35,4726.6
P7375,1654.07,0.0,0.35,4725.914285714286
P6906,2145.3199999999997,0.104,0.45399999999999996,4725.374449339207
P4851,5272.5,0.766,1.116,4724.462365591397
P7804,2636.16,0.208,0.5579999999999999,4724.301075268818
P1779,3125.3,0.312,0.6619999999999999,4720.996978851965
P2881,2143.25,0.104,0.45399999999999996,4720.814977973569
P7300,2141.94,0.104,0.45399999999999996,4717.929515418503
P4312,3211.57,0.331,0.681,4715.961820851689
P0184,5262.83,0.766,1.116,4715.797491039426
P0182,1649.6000000000001,0.0,0.35,4713.142857142858
P7530,2139.6200000000003,0.104,0.45399999999999996,4712.819383259913
P3809,1649.34,0.0,0.35,4712.4
P1428,1648.8,0.0,0.35,4710.857142857143
P5369,3697.67,0.435,0.7849999999999999,4710.407643312103
P4492,1648.17,0.0,0.35,4709.057142857143
P4082,2137.58,0.104,0.45399999999999996,4708.325991189427
P5960,2137.1800000000003,0.104,0.45399999999999996,4707.444933920706
P2803,2136.35,0.104,0.45399999999999996,4705.616740088106
P6254,1646.48,0.0,0.35,4704.228571428572
P0474,1645.69,0.0,0.35,4701.971428571429
P5219,3688.92,0.435,0.7849999999999999,4699.261146496816
P4546,1644.48,0.0,0.35,4698.514285714286
P2402,1643.97,0.0,0.35,4697.057142857143
P0354,1643.95,0.0,0.35,4697.0
P6318,2132.31,0.104,0.45399999999999996,4696.718061674009
P1249,1641.44,0.0,0.35,4689.828571428572
P2624,2128.66,0.104,0.45399999999999996,4688.678414096917
P2612,1640.75,0.0,0.35,4687.857142857143
P7499,3189.16,0.331,0.681,4683.054331864904
P7722,3186.2700000000004,0.331,0.681,4678.8105726872245
P2902,2123.63,0.104,0.45399999999999996,4677.599118942732
P5220,2123.19,0.104,0.45399999999999996,4676.629955947137
P1936,3183.1,0.331,0.681,4674.155653450807
P3348,1635.9099999999999,0.0,0.35,4674.028571428571
P4681,1635.8899999999999,0.0,0.35,4673.971428571428
P2943,1635.51,0.0,0.35,4672.885714285714
P5296,1635.35,0.0,0.35,4672.428571428572
P3723,3181.89,0.331,0.681,4672.37885462555
P1680,3179.65,0.331,0.681,4669.089574155653
P6955,2119.11,0.104,0.45399999999999996,4667.6431718061685
P6266,1632.23,0.0,0.35,4663.514285714286
P4979,1631.52,0.0,0.35,4661.4857142857145
P2057,2115.81,0.104,0.45399999999999996,4660.374449339208
P3152,3171.2,0.331,0.681,4656.681350954478
P6936,3651.54,0.435,0.7849999999999999,4651.643312101911
P5862,2110.78,0.104,0.45399999999999996,4649.2951541850225
P4573,2110.5499999999997,0.104,0.45399999999999996,4648.788546255507
P5755,2593.24,0.208,0.5579999999999999,4647.383512544803
P2400,3164.27,0.331,0.681,4646.505139500734
P3919,2590.68,0.208,0.5579999999999999,4642.795698924731
P7757,3160.8599999999997,0.331,0.681,4641.4977973568275
P3831,2589.18,0.208,0.5579999999999999,4640.10752688172
P5456,5660.72,0.87,1.22,4639.934426229508
P1515,1623.77,0.0,0.35,4639.342857142858
P2350,2587.24,0.208,0.5579999999999999,4636.63082437276
P2846,2586.46,0.208,0.5579999999999999,4635.232974910395
P2660,1622.17,0.0,0.35,4634.771428571429
P6606,3066.44,0.312,0.6619999999999999,4632.084592145015
P3415,1620.47,0.0,0.35,4629.914285714286
P5440,2101.51,0.104,0.45399999999999996,4628.876651982379
P3889,1618.82,0.0,0.35,4625.2
P1751,1618.74,0.0,0.35,4624.971428571429
P6633,3630.42,0.435,0.7849999999999999,4624.738853503185
P6306,1618.3500000000001,0.0,0.35,4623.857142857143
P6752,2098.98,0.104,0.45399999999999996,4623.30396475771
P1522,3146.77,0.331,0.681,4620.807635829662
P3851,6112.620000000001,0.974,1.3239999999999998,4616.782477341391
P7031,3143.62,0.331,0.681,4616.182085168869
P7950,1615.5500000000002,0.0,0.35,4615.857142857144
P2424,3622.9,0.435,0.7849999999999999,4615.159235668791
P2470,2095.0499999999997,0.104,0.45399999999999996,4614.647577092511
P2117,1615.1100000000001,0.0,0.35,4614.6
P0292,1614.8600000000001,0.0,0.35,4613.885714285715
P3823,2574.24,0.208,0.5579999999999999,4613.333333333333
P0783,1613.56,0.0,0.35,4610.171428571429
P1523,4098.43,0.539,0.889,4610.157480314961
P0217,1613.23,0.0,0.35,4609.228571428572
P1188,1613.0,0.0,0.35,4608.571428571428
P3907,1612.82,0.0,0.35,4608.057142857143
P7239,2092.03,0.104,0.45399999999999996,4607.995594713657
P7949,1611.83,0.0,0.35,4605.228571428572
P2946,3135.83,0.331,0.681,4604.743024963289
P7036,1611.5,0.0,0.35,4604.285714285715
P5522,2088.19,0.104,0.45399999999999996,4599.5374449339215
P4203,4652.389999999999,0.662,1.012,4597.223320158102
P7397,1608.54,0.0,0.35,4595.828571428571
P6934,3129.46,0.331,0.681,4595.389133627019
P5982,1608.02,0.0,0.35,4594.342857142858
P4852,1607.95,0.0,0.35,4594.142857142858
P0170,3605.07,0.435,0.7849999999999999,4592.445859872612
P4217,1607.08,0.0,0.35,4591.657142857143
P6487,1606.72,0.0,0.35,4590.628571428571
P3346,3124.17,0.331,0.681,4587.621145374449
P5558,4078.35,0.539,0.889,4587.570303712036
P6586,1605.3600000000001,0.0,0.35,4586.742857142858
P6429,3597.5299999999997,0.435,0.7849999999999999,4582.84076433121
P1744,1603.47,0.0,0.35,4581.342857142858
P5968,2079.66,0.104,0.45399999999999996,4580.748898678414
P4379,1601.1399999999999,0.0,0.35,4574.685714285714
P2713,2076.77,0.104,0.45399999999999996,4574.383259911895
P3118,1598.6000000000001,0.0,0.35,4567.4285714285725
P7223,4621.15,0.662,1.012,4566.353754940711
P7323,2547.76,0.208,0.5579999999999999,4565.878136200718
P2314,1597.63,0.0,0.35,4564.657142857143
P6256,3107.24,0.331,0.681,4562.760646108663
P6851,2070.45,0.104,0.45399999999999996,4560.462555066079
P6762,2069.76,0.104,0.45399999999999996,4558.942731277534
P4407,2069.48,0.104,0.45399999999999996,4558.325991189427
P6055,2068.64,0.104,0.45399999999999996,4556.47577092511
P7343,3575.9700000000003,0.435,0.7849999999999999,4555.375796178345
P3543,1594.31,0.0,0.35,4555.171428571429
P2053,1594.24,0.0,0.35,4554.971428571429
P0649,3575.09,0.435,0.7849999999999999,4554.254777070064
P0824,3101.06,0.331,0.681,4553.685756240822
P4712,1593.71,0.0,0.35,4553.4571428571435
P6154,1592.97,0.0,0.35,4551.342857142858
P1885,2065.79,0.104,0.45399999999999996,4550.198237885463
P3646,2065.73,0.104,0.45399999999999996,4550.066079295155
P0935,3570.0,0.435,0.7849999999999999,4547.770700636943
P5585,1591.65,0.0,0.35,4547.571428571429
P7716,1590.97,0.0,0.35,4545.628571428571
P0522,3565.81,0.435,0.7849999999999999,4542.4331210191085
P5092,3565.62,0.435,0.7849999999999999,4542.191082802548
P2235,1588.6999999999998,0.0,0.35,4539.142857142857
P3452,1588.13,0.0,0.35,4537.514285714286
P1631,3089.25,0.331,0.681,4536.343612334801
P0242,2058.92,0.104,0.45399999999999996,4535.066079295155
P4895,4031.33,0.539,0.889,4534.679415073116
P0844,3085.89,0.331,0.681,4531.409691629955
P7030,1585.92,0.0,0.35,4531.200000000001
P5953,1585.72,0.0,0.35,4530.628571428571
P7206,1585.31,0.0,0.35,4529.457142857143
P0605,2054.7200000000003,0.104,0.45399999999999996,4525.8149779735695
P0159,1583.08,0.0,0.35,4523.085714285714
P2897,2521.99,0.208,0.5579999999999999,4519.695340501792
P1849,2051.42,0.104,0.45399999999999996,4518.546255506609
P6096,2520.87,0.208,0.5579999999999999,4517.688172043011
P6137,3074.6899999999996,0.331,0.681,4514.963289280469
P3712,3072.87,0.331,0.681,4512.2907488986775
P2525,1579.25,0.0,0.35,4512.142857142858
P7640,3072.25,0.331,0.681,4511.380323054332
P3328,1578.6,0.0,0.35,4510.285714285715
P7098,3069.0299999999997,0.331,0.681,4506.651982378854
P1601,4475.06,0.643,0.993,4506.606243705942
P7545,1576.85,0.0,0.35,4505.285714285715
P4958,1576.33,0.0,0.35,4503.8
P2438,1575.98,0.0,0.35,4502.8
P1245,1575.71,0.0,0.35,4502.028571428572
P2858,2043.81,0.104,0.45399999999999996,4501.784140969164
P2906,5485.14,0.87,1.22,4496.016393442624
P2572,1573.58,0.0,0.35,4495.942857142857
P5649,1573.1100000000001,0.0,0.35,4494.6
P5621,3060.75,0.331,0.681,4494.493392070484
P7334,2039.1699999999998,0.104,0.45399999999999996,4491.563876651982
P3439,1571.8899999999999,0.0,0.35,4491.114285714286
P1135,3058.27,0.331,0.681,4490.851688693098
P1405,2038.29,0.104,0.45399999999999996,4489.625550660793
P2352,2504.25,0.208,0.5579999999999999,4487.903225806452
P4925,1569.8700000000001,0.0,0.35,4485.342857142858
P3272,1569.81,0.0,0.35,4485.171428571429
P5591,3051.88,0.331,0.681,4481.468428781204
P0917,1567.55,0.0,0.35,4478.714285714286
P0490,1567.02,0.0,0.35,4477.2
P7659,2963.1499999999996,0.312,0.6619999999999999,4476.057401812689
P3261,2032.01,0.104,0.45399999999999996,4475.792951541851
P2822,2497.14,0.208,0.5579999999999999,4475.1612903225805
P1162,1565.96,0.0,0.35,4474.171428571429
P3747,2030.72,0.104,0.45399999999999996,4472.951541850221
P5127,1564.5300000000002,0.0,0.35,4470.085714285715
P2735,1564.32,0.0,0.35,4469.4857142857145
P0068,3506.5,0.435,0.7849999999999999,4466.87898089172
P2015,3970.71,0.539,0.889,4466.490438695163
P4822,2491.7799999999997,0.208,0.5579999999999999,4465.555555555556
P7062,1562.51,0.0,0.35,4464.314285714286
P4571,4981.36,0.766,1.116,4463.58422939068
P0350,2025.87,0.104,0.45399999999999996,4462.268722466961
P7492,3502.56,0.435,0.7849999999999999,4461.859872611465
P6351,1560.75,0.0,0.35,4459.285714285715
P6425,2023.54,0.104,0.45399999999999996,4457.136563876652
P1650,2023.06,0.104,0.45399999999999996,4456.079295154185
P6043,1559.5,0.0,0.35,4455.714285714286
P4216,2949.65,0.312,0.6619999999999999,4455.664652567976
P5342,1559.43,0.0,0.35,4455.514285714286
P6677,2022.59,0.104,0.45399999999999996,4455.044052863436
P7163,2948.28,0.312,0.6619999999999999,4453.5951661631425
P2478,1557.28,0.0,0.35,4449.371428571429
P3441,2019.66,0.104,0.45399999999999996,4448.590308370045
P6335,1557.0,0.0,0.35,4448.571428571428
P0146,1556.84,0.0,0.35,4448.114285714286
P6530,1556.75,0.0,0.35,4447.857142857143
P4360,3028.38,0.331,0.681,4446.960352422907
P7126,1555.93,0.0,0.35,4445.514285714286
P0342,3026.39,0.331,0.681,4444.0381791483105
P2477,2017.33,0.104,0.45399999999999996,4443.458149779736
P0054,1553.93,0.0,0.35,4439.8
P6059,1552.89,0.0,0.35,4436.828571428572
P1183,2474.93,0.208,0.5579999999999999,4435.358422939068
P3652,2013.2,0.104,0.45399999999999996,4434.361233480176
P7012,1551.43,0.0,0.35,4432.657142857143
P3282,2012.1899999999998,0.104,0.45399999999999996,4432.136563876652
P6504,3479.21,0.435,0.7849999999999999,4432.114649681529
P2119,3017.14,0.331,0.681,4430.455212922173
P7733,1550.4199999999998,0.0,0.35,4429.771428571428
P7186,3015.3,0.331,0.681,4427.753303964758
P7312,3014.8399999999997,0.331,0.681,4427.077826725403
P0175,2468.8,0.208,0.5579999999999999,4424.372759856632
P6451,3472.4700000000003,0.435,0.7849999999999999,4423.528662420383
P0763,2468.25,0.208,0.5579999999999999,4423.387096774194
P2112,2008.17,0.104,0.45399999999999996,4423.281938325992
P3975,1548.07,0.0,0.35,4423.057142857143
P1811,1547.81,0.0,0.35,4422.314285714286
P6923,1547.71,0.0,0.35,4422.028571428572
P5240,3469.8900000000003,0.435,0.7849999999999999,4420.242038216561
P4986,3469.8,0.435,0.7849999999999999,4420.127388535033
P0812,3009.89,0.331,0.681,4419.809104258443
P7902,1546.9099999999999,0.0,0.35,4419.742857142857
P0461,3008.05,0.331,0.681,4417.107195301028
P2291,1545.79,0.0,0.35,4416.542857142857
P7473,1545.67,0.0,0.35,4416.200000000001
P3628,4467.05,0.662,1.012,4414.081027667984
P2529,5927.96,0.9930000000000001,1.343,4413.968726731199
P1196,1544.86,0.0,0.35,4413.885714285714
P4222,3461.4100000000003,0.435,0.7849999999999999,4409.43949044586
P0200,3002.47,0.331,0.681,4408.913362701908
P4155,2000.68,0.104,0.45399999999999996,4406.784140969164
P4928,1542.01,0.0,0.35,4405.742857142857
P6813,1541.95,0.0,0.35,4405.571428571429
P1896,2996.35,0.331,0.681,4399.92657856094
P3763,1996.5600000000002,0.104,0.45399999999999996,4397.7092511013225
P3182,3909.1800000000003,0.539,0.889,4397.277840269967
P6856,3449.21,0.435,0.7849999999999999,4393.898089171975
P3559,1537.82,0.0,0.35,4393.771428571428
P3290,2451.16,0.208,0.5579999999999999,4392.759856630824
P7010,1537.36,0.0,0.35,4392.457142857143
P1914,1536.8700000000001,0.0,0.35,4391.057142857144
P5813,2988.81,0.331,0.681,4388.854625550661
P1581,3444.36,0.435,0.7849999999999999,4387.71974522293
P1277,3443.51,0.435,0.7849999999999999,4386.63694267516
P4648,1535.19,0.0,0.35,4386.257142857144
P1412,1534.65,0.0,0.35,4384.714285714286
P7388,1534.55,0.0,0.35,4384.428571428572
P6535,1534.04,0.0,0.35,4382.971428571429
P2780,1533.74,0.0,0.35,4382.114285714286
P7119,2444.88,0.208,0.5579999999999999,4381.5053763440865
P4994,1988.07,0.104,0.45399999999999996,4379.008810572687
P2183,2981.61,0.331,0.681,4378.281938325991
P6852,1987.11,0.104,0.45399999999999996,4376.894273127754
P5438,1986.96,0.104,0.45399999999999996,4376.563876651983
P6090,1986.8999999999999,0.104,0.45399999999999996,4376.4317180616745
P1370,5339.1,0.87,1.22,4376.311475409836
P2718,2980.02,0.331,0.681,4375.9471365638765
P2627,1985.98,0.104,0.45399999999999996,4374.405286343613
P7799,2976.65,0.331,0.681,4370.998531571218
P5820,2974.69,0.331,0.681,4368.120411160058
P6947,1528.04,0.0,0.35,4365.828571428571
P4610,2435.83,0.208,0.5579999999999999,4365.286738351255
P2647,2972.68,0.331,0.681,4365.168869309838
P0391,3425.9500000000003,0.435,0.7849999999999999,4364.267515923568
P5290,1527.4,0.0,0.35,4364.000000000001
P1620,1526.92,0.0,0.35,4362.628571428572
P2483,3424.57,0.435,0.7849999999999999,4362.509554140128
P4374,2433.95,0.208,0.5579999999999999,4361.917562724015
P7839,3423.45,0.435,0.7849999999999999,4361.082802547771
P4415,3422.35,0.435,0.7849999999999999,4359.6815286624205
P0775,3419.71,0.435,0.7849999999999999,4356.31847133758
P7025,1523.48,0.0,0.35,4352.8
P4605,1975.65,0.104,0.45399999999999996,4351.651982378855
P1968,3415.7999999999997,0.435,0.7849999999999999,4351.337579617834
P7623,1522.25,0.0,0.35,4349.285714285715
P6277,2961.6800000000003,0.331,0.681,4349.016152716594
P1785,1974.44,0.104,0.45399999999999996,4348.98678414097
P4354,1520.88,0.0,0.35,4345.3714285714295
P1350,1972.0500000000002,0.104,0.45399999999999996,4343.722466960353
P2378,1520.07,0.0,0.35,4343.057142857143
P0320,1519.89,0.0,0.35,4342.542857142857
P7088,2422.3,0.208,0.5579999999999999,4341.039426523298
P4200,1970.65,0.104,0.45399999999999996,4340.6387665198245
P5615,2872.27,0.312,0.6619999999999999,4338.776435045318
P5109,1518.37,0.0,0.35,4338.2
P7969,1518.05,0.0,0.35,4337.285714285715
P3477,4836.43,0.766,1.116,4333.718637992832
P0975,2949.4,0.331,0.681,4330.983847283406
P6913,1966.2,0.104,0.45399999999999996,4330.837004405287
P5914,3398.59,0.435,0.7849999999999999,4329.414012738855
P0535,1962.94,0.104,0.45399999999999996,4323.656387665199
P7001,4825.05,0.766,1.116,4323.521505376344
P3839,1512.99,0.0,0.35,4322.828571428572
P3316,2411.7799999999997,0.208,0.5579999999999999,4322.186379928316
P3754,2943.35,0.331,0.681,4322.099853157121
P0716,1512.03,0.0,0.35,4320.085714285715
P3870,3837.36,0.539,0.889,4316.490438695163
P7836,1510.29,0.0,0.35,4315.114285714286
P0463,1509.53,0.0,0.35,4312.942857142857
P6682,1508.9099999999999,0.0,0.35,4311.171428571429
P2833,2935.8399999999997,0.331,0.681,4311.071953010278
P6782,1508.8,0.0,0.35,4310.857142857143
P6524,1955.6699999999998,0.104,0.45399999999999996,4307.643171806168
P4000,3380.73,0.435,0.7849999999999999,4306.662420382166
P0409,1955.1100000000001,0.104,0.45399999999999996,4306.409691629957
P7308,2932.55,0.331,0.681,4306.240822320117
P1429,2850.72,0.312,0.6619999999999999,4306.223564954683
P0558,1507.1599999999999,0.0,0.35,4306.171428571429
P6573,2929.91,0.331,0.681,4302.364170337738
P6184,1505.73,0.0,0.35,4302.085714285715
P2428,2847.19,0.312,0.6619999999999999,4300.891238670695
P6088,3822.8199999999997,0.539,0.889,4300.134983127109
P4997,2926.77,0.331,0.681,4297.753303964757
P4102,1950.53,0.104,0.45399999999999996,4296.321585903084
P4940,4346.51,0.662,1.012,4294.970355731225
P1874,1949.83,0.104,0.45399999999999996,4294.77973568282
P2613,1502.93,0.0,0.35,4294.085714285715
P5645,1502.88,0.0,0.35,4293.942857142858
P5559,3369.95,0.435,0.7849999999999999,4292.929936305733
P5108,3368.86,0.435,0.7849999999999999,4291.541401273886
P5096,2840.55,0.312,0.6619999999999999,4290.8610271903335
P7148,2394.23,0.208,0.5579999999999999,4290.73476702509
P1086,1947.94,0.104,0.45399999999999996,4290.616740088106
P0451,2920.54,0.331,0.681,4288.604992657855
P6164,1500.92,0.0,0.35,4288.342857142858
P2170,1946.87,0.104,0.45399999999999996,4288.2599118942735
P1819,1498.6499999999999,0.0,0.35,4281.857142857143
P6130,3359.55,0.435,0.7849999999999999,4279.681528662421
P2227,1497.67,0.0,0.35,4279.057142857143
P6419,1497.54,0.0,0.35,4278.685714285714
P2630,5219.24,0.87,1.22,4278.065573770492
P1925,1496.9,0.0,0.35,4276.857142857143
P2345,2911.81,0.331,0.681,4275.7856093979435
P2910,4326.36,0.662,1.012,4275.059288537549
P2439,3800.2500000000005,0.539,0.889,4274.746906636671
P6449,1496.03,0.0,0.35,4274.371428571429
P2791,3353.21,0.435,0.7849999999999999,4271.605095541402
P3485,4765.32,0.766,1.116,4269.999999999999
P4517,4320.32,0.662,1.012,4269.090909090909
P2533,4320.26,0.662,1.012,4269.03162055336
P5364,2906.63,0.331,0.681,4268.179148311307
P0013,1491.8700000000001,0.0,0.35,4262.4857142857145
P4061,1934.93,0.104,0.45399999999999996,4261.960352422908
P1759,2901.48,0.331,0.681,4260.616740088106
P0404,1491.14,0.0,0.35,4260.400000000001
P7600,2375.85,0.208,0.5579999999999999,4257.795698924731
P6404,2375.1,0.208,0.5579999999999999,4256.451612903226
P4093,1489.51,0.0,0.35,4255.742857142857
P0134,4306.72,0.662,1.012,4255.652173913044
P4205,1487.92,0.0,0.35,4251.200000000001
P5409,1929.55,0.104,0.45399999999999996,4250.11013215859
P7785,3335.31,0.435,0.7849999999999999,4248.802547770701
P0417,1928.1200000000001,0.104,0.45399999999999996,4246.960352422908
P3896,2369.76,0.208,0.5579999999999999,4246.8817204301085
P1565,1486.2800000000002,0.0,0.35,4246.514285714286
P6446,3332.89,0.435,0.7849999999999999,4245.71974522293
P5499,1485.87,0.0,0.35,4245.342857142857
P4328,1485.3100000000002,0.0,0.35,4243.742857142858
P7914,2367.02,0.208,0.5579999999999999,4241.971326164875
P6724,4210.67,0.643,0.993,4240.352467270896
P3524,2887.12,0.331,0.681,4239.530102790014
P2014,1483.71,0.0,0.35,4239.171428571429
P3713,1483.3,0.0,0.35,4238.0
P0265,1483.22,0.0,0.35,4237.771428571429
P0534,2364.56,0.208,0.5579999999999999,4237.562724014338
P0215,1482.63,0.0,0.35,4236.085714285715
P0149,3324.79,0.435,0.7849999999999999,4235.401273885351
P6345,3324.17,0.435,0.7849999999999999,4234.611464968153
P1816,1920.09,0.104,0.45399999999999996,4229.273127753304
P3633,2879.01,0.331,0.681,4227.621145374449
P4184,1479.33,0.0,0.35,4226.657142857143
P5670,2357.65,0.208,0.5579999999999999,4225.1792114695345
P7796,1917.18,0.104,0.45399999999999996,4222.863436123349
P4160,4273.22,0.662,1.012,4222.549407114625
P2665,2872.52,0.331,0.681,4218.091042584434
P0135,2872.33,0.331,0.681,4217.812041116005
P1157,1474.81,0.0,0.35,4213.742857142857
P1480,2869.16,0.331,0.681,4213.157121879588
P4779,2350.85,0.208,0.5579999999999999,4212.992831541219
P5959,1912.59,0.104,0.45399999999999996,4212.753303964758
P5443,2866.6,0.331,0.681,4209.397944199706
P7550,1471.1299999999999,0.0,0.35,4203.228571428572
P1639,1470.9299999999998,0.0,0.35,4202.657142857142
P2767,3298.82,0.435,0.7849999999999999,4202.31847133758
P3498,1907.64,0.104,0.45399999999999996,4201.850220264318
P4209,2860.13,0.331,0.681,4199.897209985315
P1027,1469.07,0.0,0.35,4197.342857142858
P2983,1905.5300000000002,0.104,0.45399999999999996,4197.202643171807
P0318,3731.2,0.539,0.889,4197.075365579302
P0352,2857.94,0.331,0.681,4196.681350954478
P2913,1468.51,0.0,0.35,4195.742857142857
P3049,4681.19,0.766,1.116,4194.614695340501
P4439,1904.27,0.104,0.45399999999999996,4194.42731277533
P0665,1904.0500000000002,0.104,0.45399999999999996,4193.942731277534
P7668,1903.16,0.104,0.45399999999999996,4191.982378854626
P4946,2853.92,0.331,0.681,4190.778267254038
P6168,1466.69,0.0,0.35,4190.542857142857
P0927,1902.46,0.104,0.45399999999999996,4190.440528634362
P1716,1466.65,0.0,0.35,4190.428571428572
P2306,1466.65,0.0,0.35,4190.428571428572
P1612,2853.05,0.331,0.681,4189.500734214391
P4317,2772.89,0.312,0.6619999999999999,4188.655589123868
P0307,3206.74,0.416,0.766,4186.3446475195815
P5375,1900.29,0.104,0.45399999999999996,4185.660792951542
P4485,1464.38,0.0,0.35,4183.942857142858
P2545,1899.4900000000002,0.104,0.45399999999999996,4183.898678414098
P5664,2848.31,0.331,0.681,4182.540381791483
P0675,4667.69,0.766,1.116,4182.517921146953
P3707,3280.95,0.435,0.7849999999999999,4179.554140127389
P5120,2332.19,0.208,0.5579999999999999,4179.551971326166
P3616,5098.31,0.87,1.22,4178.94262295082
P1638,1896.82,0.104,0.45399999999999996,4178.0176211453745
P7632,3279.35,0.435,0.7849999999999999,4177.515923566879
P0636,1895.56,0.104,0.45399999999999996,4175.242290748899
P6757,1461.22,0.0,0.35,4174.914285714286
P1340,1895.13,0.104,0.45399999999999996,4174.2951541850225
P6492,2329.2200000000003,0.208,0.5579999999999999,4174.229390681005
P0262,2842.55,0.331,0.681,4174.082232011748
P7631,1460.79,0.0,0.35,4173.685714285714
P6847,1460.16,0.0,0.35,4171.885714285715
P0140,2837.92,0.331,0.681,4167.283406754772
P3380,2324.5,0.208,0.5579999999999999,4165.770609318997
P3585,3702.7,0.539,0.889,4165.016872890888
P4989,1457.36,0.0,0.35,4163.885714285714
P5717,3701.44,0.5389999999999999,0.8889999999999999,4163.599550056243
P2058,2832.53,0.331,0.681,4159.368575624082
P0705,3264.58,0.435,0.7849999999999999,4158.700636942675
P4911,5502.62,0.974,1.3239999999999998,4156.057401812689
P7189,1454.23,0.0,0.35,4154.942857142857
P2012,2829.3,0.331,0.681,4154.625550660793
P6488,2750.02,0.312,0.6619999999999999,4154.108761329306
P5075,2828.46,0.331,0.681,4153.392070484581
P2239,3259.92,0.435,0.7849999999999999,4152.764331210192
P5526,1884.8,0.104,0.45399999999999996,4151.541850220265
P6242,1883.81,0.104,0.45399999999999996,4149.361233480176
P2955,2824.66,0.331,0.681,4147.812041116005
P1008,1451.65,0.0,0.35,4147.571428571429
P2007,1450.8200000000002,0.0,0.35,4145.200000000001
P2270,1881.4499999999998,0.104,0.45399999999999996,4144.162995594714
P7082,1450.11,0.0,0.35,4143.171428571429
P3129,1880.87,0.104,0.45399999999999996,4142.885462555067
P2109,2821.23,0.331,0.681,4142.7753303964755
P1274,2819.15,0.331,0.681,4139.720998531571
P5117,1448.04,0.0,0.35,4137.257142857143
P7940,2816.56,0.331,0.681,4135.917767988252
P2068,1447.33,0.0,0.35,4135.228571428572
P6719,1447.21,0.0,0.35,4134.885714285715
P6020,2815.83,0.331,0.681,4134.8458149779735
P6169,1446.65,0.0,0.35,4133.285714285715
P3848,1446.58,0.0,0.35,4133.085714285714
P2078,1445.76,0.0,0.35,4130.742857142857
P0601,1445.04,0.0,0.35,4128.685714285714
P2742,2811.3,0.331,0.681,4128.193832599119
P4555,1444.35,0.0,0.35,4126.714285714285
P4743,1873.49,0.104,0.45399999999999996,4126.629955947137
P1378,1444.2,0.0,0.35,4126.285714285715
P7099,2809.4,0.331,0.681,4125.403817914831
P6565,3238.31,0.435,0.7849999999999999,4125.235668789809
P2676,1443.82,0.0,0.35,4125.2
P0546,2808.52,0.331,0.681,4124.111600587371
P4702,4601.75,0.766,1.116,4123.431899641577
P1815,1871.8200000000002,0.104,0.45399999999999996,4122.951541850221
P1342,1442.98,0.0,0.35,4122.8
P4007,1442.75,0.0,0.35,4122.142857142858
P4659,1871.12,0.104,0.45399999999999996,4121.409691629956
P1251,2806.4900000000002,0.331,0.681,4121.130690161527
P3960,2727.03,0.312,0.6619999999999999,4119.380664652569
P4921,3233.41,0.435,0.7849999999999999,4118.993630573249
P1543,2726.24,0.312,0.6619999999999999,4118.187311178248
P4835,1440.85,0.0,0.35,4116.714285714285
P4788,3231.45,0.435,0.7849999999999999,4116.496815286624
P7115,2803.15,0.331,0.681,4116.226138032305
P6101,3230.95,0.435,0.7849999999999999,4115.859872611465
P1923,1868.39,0.104,0.45399999999999996,4115.3964757709255
P4713,3228.8900000000003,0.435,0.7849999999999999,4113.23566878981
P4446,1438.92,0.0,0.35,4111.200000000001
P6542,1866.4299999999998,0.104,0.45399999999999996,4111.079295154185
P3737,3227.1000000000004,0.435,0.7849999999999999,4110.955414012739
P7437,1437.3,0.0,0.35,4106.571428571428
P7771,1436.47,0.0,0.35,4104.200000000001
P4658,1435.72,0.0,0.35,4102.057142857143
P7445,1433.9,0.0,0.35,4096.857142857143
P0713,1433.25,0.0,0.35,4095.0000000000005
P4376,1432.52,0.0,0.35,4092.914285714286
P6912,4990.53,0.87,1.22,4090.5983606557375
P0902,3210.78,0.435,0.7849999999999999,4090.165605095542
P7981,3210.3799999999997,0.435,0.7849999999999999,4089.656050955414
P3620,4562.75,0.766,1.116,4088.485663082437
P3711,3207.3,0.435,0.7849999999999999,4085.7324840764336
P7842,1429.3200000000002,0.0,0.35,4083.771428571429
P7562,2278.5299999999997,0.208,0.5579999999999999,4083.3870967741937
P6260,2779.27,0.331,0.681,4081.160058737151
P3878,1428.26,0.0,0.35,4080.7428571428572
P3177,2277.02,0.208,0.5579999999999999,4080.68100358423
P2595,1852.29,0.104,0.45399999999999996,4079.933920704846
P3278,1852.22,0.104,0.45399999999999996,4079.7797356828196
P0915,2276.33,0.208,0.5579999999999999,4079.444444444445
P6014,1850.8700000000001,0.104,0.45399999999999996,4076.806167400882
P0544,1426.71,0.0,0.35,4076.314285714286
P4353,1425.65,0.0,0.35,4073.2857142857147
P4704,1424.46,0.0,0.35,4069.8857142857146
P0540,1847.66,0.104,0.45399999999999996,4069.735682819384
P2443,2771.14,0.331,0.681,4069.221732745961
P2156,1423.92,0.0,0.35,4068.3428571428576
P1760,1423.58,0.0,0.35,4067.3714285714286
P3735,1423.17,0.0,0.35,4066.2000000000003
P2334,3188.76,0.435,0.7849999999999999,4062.1146496815295
P6041,1421.61,0.0,0.35,4061.7428571428572
P3963,2765.19,0.331,0.681,4060.484581497797
P3170,3186.52,0.435,0.7849999999999999,4059.261146496816
P1574,2686.76,0.312,0.6619999999999999,4058.549848942599
P7865,4528.24,0.766,1.116,4057.5627240143363
P3311,1419.68,0.0,0.35,4056.2285714285717
P1114,3182.79,0.435,0.7849999999999999,4054.509554140128
P4382,1419.07,0.0,0.35,4054.4857142857145
P2266,1840.39,0.104,0.45399999999999996,4053.722466960353
P0646,1418.2299999999998,0.0,0.35,4052.085714285714
P0909,1839.25,0.104,0.45399999999999996,4051.2114537444936
P7218,1839.08,0.104,0.45399999999999996,4050.8370044052867
P3186,2758.59,0.331,0.681,4050.79295154185
P3121,3178.12,0.435,0.7849999999999999,4048.5605095541405
P3353,4517.24,0.766,1.116,4047.7060931899637
P0880,1837.51,0.104,0.45399999999999996,4047.378854625551
P1794,1416.19,0.0,0.35,4046.257142857143
P4504,2257.13,0.208,0.5579999999999999,4045.0358422939075
P3903,1836.17,0.104,0.45399999999999996,4044.427312775331
P7438,1414.85,0.0,0.35,4042.4285714285716
P5371,3172.84,0.435,0.7849999999999999,4041.8343949044593
P0739,2752.2200000000003,0.331,0.681,4041.43906020558
P3430,3172.07,0.435,0.7849999999999999,4040.853503184714
P7995,3171.66,0.435,0.7849999999999999,4040.331210191083
P3312,4087.6000000000004,0.662,1.012,4039.130434782609
P2108,1413.66,0.0,0.35,4039.028571428572
P6105,2749.81,0.331,0.681,4037.900146842878
P7393,4085.84,0.662,1.012,4037.391304347826
P7192,2252.41,0.208,0.5579999999999999,4036.5770609318997
P3256,2251.54,0.208,0.5579999999999999,4035.017921146954
P1506,3929.96,0.624,0.974,4034.8665297741272
P7755,1411.6,0.0,0.35,4033.1428571428573
P6549,1831.03,0.104,0.45399999999999996,4033.105726872247
P7067,1830.97,0.104,0.45399999999999996,4032.9735682819387
P5184,2249.8,0.208,0.5579999999999999,4031.8996415770616
P7726,2745.72,0.331,0.681,4031.8942731277525
P2912,1829.3600000000001,0.104,0.45399999999999996,4029.427312775331
P6065,3162.4,0.435,0.7849999999999999,4028.535031847134
P6924,1409.9,0.0,0.35,4028.2857142857147
P7996,3161.19,0.435,0.7849999999999999,4026.993630573249
P6720,4492.429999999999,0.766,1.116,4025.4749103942645
P4741,1827.25,0.104,0.45399999999999996,4024.7797356828196
P6543,4908.5199999999995,0.87,1.22,4023.3770491803275
P3759,2739.54,0.331,0.681,4022.819383259912
P4345,3157.69,0.435,0.7849999999999999,4022.535031847134
P6610,2244.2400000000002,0.208,0.5579999999999999,4021.9354838709687
P4229,1406.03,0.0,0.35,4017.2285714285717
P7700,1405.3200000000002,0.0,0.35,4015.2000000000007
P5241,1822.72,0.104,0.45399999999999996,4014.8017621145377
P5245,3150.4700000000003,0.435,0.7849999999999999,4013.337579617835
P1869,1822.03,0.104,0.45399999999999996,4013.2819383259916
P0851,1821.87,0.104,0.45399999999999996,4012.9295154185024
P6779,1404.49,0.0,0.35,4012.8285714285716
P0996,3150.07,0.435,0.7849999999999999,4012.828025477708
P6393,1821.38,0.104,0.45399999999999996,4011.8502202643176
P0065,1820.9,0.104,0.45399999999999996,4010.792951541851
P7485,2730.5099999999998,0.331,0.681,4009.5594713656383
P6703,1819.3700000000001,0.104,0.45399999999999996,4007.422907488987
P0033,1402.45,0.0,0.35,4007.0000000000005
P1566,1402.44,0.0,0.35,4006.971428571429
P1626,3144.35,0.435,0.7849999999999999,4005.5414012738856
P4735,2234.45,0.208,0.5579999999999999,4004.390681003584
P1974,1401.53,0.0,0.35,4004.3714285714286
P7870,1817.98,0.104,0.45399999999999996,4004.3612334801765
P4094,1401.41,0.0,0.35,4004.028571428572
P4670,1401.16,0.0,0.35,4003.314285714286
P0999,1817.2,0.104,0.45399999999999996,4002.643171806168
P4775,2232.7,0.208,0.5579999999999999,4001.2544802867383
P1731,2724.3599999999997,0.331,0.681,4000.528634361233
P2743,3140.26,0.435,0.7849999999999999,4000.3312101910833
P3253,1399.8100000000002,0.0,0.35,3999.4571428571435
P4134,1815.75,0.104,0.45399999999999996,3999.449339207049
P4619,1399.78,0.0,0.35,3999.3714285714286
P6499,1399.51,0.0,0.35,3998.6000000000004
P7584,2722.48,0.331,0.681,3997.7679882525695
P5537,1399.03,0.0,0.35,3997.2285714285717
P1233,1398.98,0.0,0.35,3997.0857142857144
P4381,1396.18,0.0,0.35,3989.085714285715
P1758,1810.74,0.104,0.45399999999999996,3988.4140969163
P4910,2225.3,0.208,0.5579999999999999,3987.9928315412194
P3040,2715.17,0.331,0.681,3987.0337738619673
P5055,1394.93,0.0,0.35,3985.514285714286
P6946,2713.07,0.331,0.681,3983.950073421439
P0150,4026.67,0.662,1.012,3978.922924901186
P1270,1392.54,0.0,0.35,3978.6857142857143
P6511,1804.5800000000002,0.104,0.45399999999999996,3974.8458149779744
P6224,2706.77,0.331,0.681,3974.6989720998527
P5839,4021.34,0.662,1.012,3973.6561264822135
P4557,6158.94,1.201,1.5510000000000002,3970.947775628626
P1619,1389.79,0.0,0.35,3970.8285714285716
P5153,1389.57,0.0,0.35,3970.2000000000003
P7318,1802.17,0.104,0.45399999999999996,3969.537444933921
P7259,1801.75,0.104,0.45399999999999996,3968.6123348017622
P1333,1388.16,0.0,0.35,3966.1714285714293
P6866,3113.25,0.435,0.7849999999999999,3965.923566878981
P6152,1388.02,0.0,0.35,3965.7714285714287
P2992,3110.76,0.435,0.7849999999999999,3962.7515923566884
P5056,1798.97,0.104,0.45399999999999996,3962.488986784141
P0765,1798.51,0.104,0.45399999999999996,3961.4757709251103
P3626,1386.3,0.0,0.35,3960.857142857143
P7224,1798.18,0.104,0.45399999999999996,3960.7488986784147
P4963,1385.46,0.0,0.35,3958.457142857143
P6305,3106.43,0.435,0.7849999999999999,3957.235668789809
P7742,2694.52,0.331,0.681,3956.7107195301023
P1022,3105.8599999999997,0.435,0.7849999999999999,3956.5095541401274
P6188,1384.57,0.0,0.35,3955.9142857142856
P4114,1384.27,0.0,0.35,3955.057142857143
P7948,2205.9700000000003,0.208,0.5579999999999999,3953.3512544802875
P0304,1794.75,0.104,0.45399999999999996,3953.193832599119
P2592,1383.56,0.0,0.35,3953.0285714285715
P7392,1794.1000000000001,0.104,0.45399999999999996,3951.7621145374455
P6723,2690.81,0.331,0.681,3951.262848751835
P6376,1793.68,0.104,0.45399999999999996,3950.8370044052867
P4629,3511.3,0.5389999999999999,0.8889999999999999,3949.7187851518565
P2836,1792.6399999999999,0.104,0.45399999999999996,3948.546255506608
P5606,1381.95,0.0,0.35,3948.428571428572
P4923,2687.89,0.331,0.681,3946.975036710719
P5941,1380.9699999999998,0.0,0.35,3945.628571428571
P4606,3507.25,0.539,0.889,3945.1631046119232
P7744,1789.87,0.104,0.45399999999999996,3942.444933920705
P4792,3094.0699999999997,0.435,0.7849999999999999,3941.4904458598726
P3858,1788.89,0.104,0.45399999999999996,3940.2863436123353
P7882,1379.02,0.0,0.35,3940.057142857143
P0624,2682.79,0.331,0.681,3939.4860499265783
P5487,1378.67,0.0,0.35,3939.0571428571434
P2757,1378.47,0.0,0.35,3938.4857142857145
P6218,3501.3,0.5389999999999999,0.8889999999999999,3938.4701912260975
P1756,2607.0099999999998,0.312,0.6619999999999999,3938.081570996979
P3513,2680.8900000000003,0.331,0.681,3936.696035242291
P7841,2195.72,0.208,0.5579999999999999,3934.9820788530465
P0249,2679.39,0.331,0.681,3934.4933920704843
P1425,1376.94,0.0,0.35,3934.1142857142863
P6275,3087.0600000000004,0.435,0.7849999999999999,3932.560509554141
P5211,2677.67,0.331,0.681,3931.9676945668134
P5785,1376.17,0.0,0.35,3931.914285714286
P2575,1375.94,0.0,0.35,3931.257142857143
P7367,1375.07,0.0,0.35,3928.7714285714287
P5624,1375.02,0.0,0.35,3928.628571428572
P7904,1374.97,0.0,0.35,3928.4857142857145
P3490,1374.42,0.0,0.35,3926.914285714286
P6657,1373.14,0.0,0.35,3923.257142857143
P1698,3078.58,0.435,0.7849999999999999,3921.75796178344
P4777,1780.13,0.104,0.45399999999999996,3920.991189427313
P6714,3076.8199999999997,0.435,0.7849999999999999,3919.515923566879
P0376,1371.82,0.0,0.35,3919.4857142857145
P7444,2186.94,0.208,0.5579999999999999,3919.2473118279577
P6694,1371.6499999999999,0.0,0.35,3919.0
P0050,3076.4,0.435,0.7849999999999999,3918.9808917197456
P7077,3076.08,0.435,0.7849999999999999,3918.5732484076434
P4695,2667.62,0.331,0.681,3917.209985315712
P5727,1370.73,0.0,0.35,3916.371428571429
P4531,2183.71,0.208,0.5579999999999999,3913.458781362008
P0761,2664.66,0.331,0.681,3912.8634361233476
P3193,3957.99,0.662,1.012,3911.057312252964
P4832,2663.04,0.331,0.681,3910.484581497797
P1607,1774.44,0.104,0.45399999999999996,3908.4581497797362
P6450,2660.7599999999998,0.331,0.681,3907.1365638766515
P4221,2659.42,0.331,0.681,3905.168869309838
P1238,3064.9700000000003,0.435,0.7849999999999999,3904.420382165606
P4235,1366.04,0.0,0.35,3902.9714285714285
P1066,3949.79,0.662,1.012,3902.9545454545455
P7890,3469.0,0.539,0.889,3902.1372328458942
P2079,1365.1100000000001,0.0,0.35,3900.314285714286
P0573,1364.63,0.0,0.35,3898.9428571428575
P7794,1769.9,0.104,0.45399999999999996,3898.4581497797362
P2409,1363.85,0.0,0.35,3896.714285714286
P0799,1363.16,0.0,0.35,3894.7428571428577
P7150,3461.3999999999996,0.539,0.889,3893.588301462317
P7023,1360.63,0.0,0.35,3887.5142857142864
P4489,1764.24,0.104,0.45399999999999996,3885.991189427313
P5557,3049.97,0.435,0.7849999999999999,3885.312101910828
P2689,1763.8700000000001,0.104,0.45399999999999996,3885.176211453745
P0651,3049.8,0.435,0.7849999999999999,3885.0955414012747
P7143,2644.98,0.331,0.681,3883.964757709251
P4399,2571.16,0.312,0.6619999999999999,3883.92749244713
P2017,4333.99,0.766,1.116,3883.50358422939
P0952,1762.6399999999999,0.104,0.45399999999999996,3882.466960352423
P2909,2973.6099999999997,0.416,0.766,3881.997389033942
P2150,2165.9300000000003,0.208,0.5579999999999999,3881.594982078854
P0216,5137.68,0.974,1.3239999999999998,3880.4229607250763
P2482,1761.51,0.104,0.45399999999999996,3879.9779735682823
P7215,3044.6000000000004,0.435,0.7849999999999999,3878.4713375796186
P3032,3923.61,0.662,1.012,3877.084980237154
P0541,2640.13,0.331,0.681,3876.842878120411
P5877,1356.6200000000001,0.0,0.35,3876.0571428571434
P0445,1356.27,0.0,0.35,3875.057142857143
P1169,4322.88,0.766,1.116,3873.548387096774
P7967,2637.37,0.331,0.681,3872.790014684287
P6158,1757.7199999999998,0.104,0.45399999999999996,3871.6299559471363
P2121,3038.4300000000003,0.435,0.7849999999999999,3870.6114649681535
P3516,2634.47,0.331,0.681,3868.5315712187953
P5033,1353.85,0.0,0.35,3868.1428571428573
P6359,1756.1,0.104,0.45399999999999996,3868.0616740088108
P4398,2633.5299999999997,0.331,0.681,3867.151248164463
P4163,3913.25,0.662,1.012,3866.8478260869565
P5049,1753.8200000000002,0.104,0.45399999999999996,3863.039647577093
P5271,1351.39,0.0,0.35,3861.1142857142863
P5372,3029.9399999999996,0.435,0.7849999999999999,3859.796178343949
P6774,3832.13,0.643,0.993,3859.144008056395
P6232,2628.0199999999995,0.331,0.681,3859.060205580028
P7177,1751.4299999999998,0.104,0.45399999999999996,3857.775330396476
P1931,2626.35,0.331,0.681,3856.607929515418
P4556,2626.34,0.331,0.681,3856.5932452276065
P3547,2624.4,0.331,0.681,3853.74449339207
P4403,2148.5299999999997,0.208,0.5579999999999999,3850.4121863799282
P7918,1747.62,0.104,0.45399999999999996,3849.3832599118946
P2616,1346.76,0.0,0.35,3847.8857142857146
P4512,4293.81,0.766,1.116,3847.5
P2035,3020.18,0.435,0.7849999999999999,3847.363057324841
P7484,3019.27,0.435,0.7849999999999999,3846.2038216560513
P0224,1345.94,0.0,0.35,3845.5428571428574
P4802,1344.95,0.0,0.35,3842.7142857142862
P0047,1744.3300000000002,0.104,0.45399999999999996,3842.136563876653
P7443,2542.95,0.312,0.6619999999999999,3841.3141993957706
P3407,3412.3199999999997,0.539,0.889,3838.38020247469
P2931,2540.2299999999996,0.312,0.6619999999999999,3837.205438066465
P1919,4282.150000000001,0.766,1.116,3837.051971326165
P3166,1741.42,0.104,0.45399999999999996,3835.7268722466965
P3581,1741.37,0.104,0.45399999999999996,3835.616740088106
P6151,3009.86,0.435,0.7849999999999999,3834.2165605095547
P3695,1740.6100000000001,0.104,0.45399999999999996,3833.9427312775338
P3710,2138.45,0.208,0.5579999999999999,3832.347670250896
P0489,1340.87,0.0,0.35,3831.057142857143
P6857,3405.2200000000003,0.539,0.889,3830.393700787402
P0957,2607.82,0.331,0.681,3829.397944199706
P2585,1339.82,0.0,0.35,3828.057142857143
P7007,2135.88,0.208,0.5579999999999999,3827.7419354838717
P7288,3873.66,0.662,1.012,3827.7272727272725
P7864,3003.73,0.435,0.7849999999999999,3826.407643312102
P0840,3870.8900000000003,0.662,1.012,3824.9901185770755
P3455,1736.1399999999999,0.104,0.45399999999999996,3824.0969162995593
P2623,1735.8700000000001,0.104,0.45399999999999996,3823.5022026431725
P5472,2603.33,0.331,0.681,3822.8046989720997
P7019,1735.0,0.104,0.45399999999999996,3821.585903083701
P4431,1337.3,0.0,0.35,3820.857142857143
P2796,2601.77,0.331,0.681,3820.5139500734213
P0282,1336.73,0.0,0.35,3819.2285714285717
P0706,1733.6799999999998,0.104,0.45399999999999996,3818.678414096916
P2176,2600.41,0.331,0.681,3818.516886930983
P6886,1336.31,0.0,0.35,3818.0285714285715
P4143,1336.09,0.0,0.35,3817.4
P3607,1733.04,0.104,0.45399999999999996,3817.2687224669608
P2175,3391.84,0.539,0.889,3815.343082114736
P3918,2598.01,0.331,0.681,3814.992657856094
P7675,1334.91,0.0,0.35,3814.028571428572
P1845,2597.21,0.331,0.681,3813.8179148311306
P3204,2596.79,0.331,0.681,3813.2011747430247
P3230,2596.7799999999997,0.331,0.681,3813.186490455212
P3198,3389.79,0.539,0.889,3813.0371203599548
P7357,1730.3500000000001,0.104,0.45399999999999996,3811.3436123348024
P3588,5514.97,1.097,1.447,3811.313061506565
P4847,3386.15,0.539,0.889,3808.942632170979
P7299,2124.8500000000004,0.208,0.5579999999999999,3807.9749103942663
P2652,1332.72,0.0,0.35,3807.7714285714287
P3259,1332.6999999999998,0.0,0.35,3807.7142857142853
P3377,1728.68,0.104,0.45399999999999996,3807.6651982378858
P3944,2988.5,0.435,0.7849999999999999,3807.006369426752
P0521,1728.17,0.104,0.45399999999999996,3806.5418502202647
P1755,1332.24,0.0,0.35,3806.4
P3632,4246.77,0.766,1.116,3805.3494623655915
P0281,2987.19,0.435,0.7849999999999999,3805.3375796178348
P5426,1726.99,0.104,0.45399999999999996,3803.9427312775333
P4800,1726.94,0.104,0.45399999999999996,3803.832599118943
P2248,1331.1399999999999,0.0,0.35,3803.2571428571428
P2528,1329.03,0.0,0.35,3797.2285714285717
P5672,1723.55,0.104,0.45399999999999996,3796.36563876652
P0222,1328.7,0.0,0.35,3796.2857142857147
P1328,1328.27,0.0,0.35,3795.057142857143
P3832,1328.17,0.0,0.35,3794.771428571429
P1483,1326.95,0.0,0.35,3791.2857142857147
P1368,1326.94,0.0,0.35,3791.257142857143
P1799,1721.1399999999999,0.104,0.45399999999999996,3791.057268722467
P7391,1326.58,0.0,0.35,3790.2285714285713
P0560,1326.2800000000002,0.0,0.35,3789.3714285714295
P3074,2506.15,0.312,0.6619999999999999,3785.7250755287014
P3569,1718.65,0.104,0.45399999999999996,3785.57268722467
P7871,2112.09,0.208,0.5579999999999999,3785.1075268817212
P0834,1324.26,0.0,0.35,3783.6000000000004
P0231,2968.98,0.435,0.7849999999999999,3782.1401273885353
P0485,1323.22,0.0,0.35,3780.628571428572
P7786,1716.14,0.104,0.45399999999999996,3780.0440528634367
P5252,1715.7199999999998,0.104,0.45399999999999996,3779.1189427312775
P5198,2966.25,0.435,0.7849999999999999,3778.662420382166
P7452,3358.45,0.539,0.889,3777.784026996625
P6146,3822.02,0.662,1.012,3776.699604743083
P4121,5857.25,1.201,1.5510000000000002,3776.4345583494514
P5936,1321.7,0.0,0.35,3776.2857142857147
P7974,4214.32,0.766,1.116,3776.2724014336914
P5052,1713.91,0.104,0.45399999999999996,3775.132158590309
P5810,1321.28,0.0,0.35,3775.0857142857144
P3849,3355.99,0.5389999999999999,0.8889999999999999,3775.016872890889
P3788,1713.54,0.104,0.45399999999999996,3774.31718061674
P2376,2105.4,0.208,0.5579999999999999,3773.118279569893
P5189,1711.6599999999999,0.104,0.45399999999999996,3770.1762114537446
P1846,2103.14,0.208,0.5579999999999999,3769.068100358423
P7575,2958.6099999999997,0.435,0.7849999999999999,3768.9299363057326
P1588,2494.39,0.312,0.6619999999999999,3767.960725075529
P3522,1318.67,0.0,0.35,3767.628571428572
P0588,2565.73,0.331,0.681,3767.591776798825
P1519,1709.77,0.104,0.45399999999999996,3766.0132158590313
P6032,2956.08,0.435,0.7849999999999999,3765.707006369427
P5112,1317.8400000000001,0.0,0.35,3765.2571428571437
P3673,2562.8,0.331,0.681,3763.289280469897
P6905,1316.28,0.0,0.35,3760.8
P0969,2098.05,0.208,0.5579999999999999,3759.9462365591403
P1091,2097.17,0.208,0.5579999999999999,3758.3691756272406
P4482,1705.86,0.104,0.45399999999999996,3757.4008810572686
P0577,1705.6200000000001,0.104,0.45399999999999996,3756.8722466960357
P2257,2948.2799999999997,0.435,0.7849999999999999,3755.770700636943
P7808,2947.4500000000003,0.435,0.7849999999999999,3754.713375796179
P2860,1313.98,0.0,0.35,3754.2285714285717
P1732,2556.18,0.331,0.681,3753.5682819383255
P1278,2556.04,0.331,0.681,3753.362701908957
P0955,2094.34,0.208,0.5579999999999999,3753.2974910394273
P1185,2093.99,0.208,0.5579999999999999,3752.6702508960575
P7498,2944.37,0.435,0.7849999999999999,3750.7898089171977
P3095,4183.72,0.766,1.116,3748.853046594982
P5781,2552.31,0.331,0.681,3747.8854625550657
P3969,3331.65,0.539,0.889,3747.6377952755906
P0498,4179.3,0.766,1.116,3744.892473118279
P0823,2939.64,0.435,0.7849999999999999,3744.7643312101914
P5202,1310.5,0.0,0.35,3744.2857142857147
P1580,1699.53,0.104,0.45399999999999996,3743.458149779736
P0301,1310.1000000000001,0.0,0.35,3743.142857142858
P7898,1698.92,0.104,0.45399999999999996,3742.1145374449343
P3112,2548.05,0.331,0.681,3741.6299559471368
P1106,2547.87,0.331,0.681,3741.365638766519
P4052,1309.08,0.0,0.35,3740.2285714285713
P1986,1309.06,0.0,0.35,3740.171428571429
P3649,3323.79,0.539,0.889,3738.7964004499436
P7669,2545.38,0.331,0.681,3737.7092511013216
P7526,1696.63,0.104,0.45399999999999996,3737.0704845814985
P4953,2544.92,0.331,0.681,3737.0337738619673
P1945,5795.84,1.201,1.5510000000000002,3736.8407479045773
P7582,1696.4299999999998,0.104,0.45399999999999996,3736.6299559471368
P6731,2932.9,0.435,0.7849999999999999,3736.178343949045
P7442,1307.06,0.0,0.35,3734.457142857143
P4107,1306.4499999999998,0.0,0.35,3732.7142857142853
P6647,2541.9700000000003,0.331,0.681,3732.7019089574155
P6468,2541.76,0.331,0.681,3732.3935389133626
P1358,1694.44,0.104,0.45399999999999996,3732.2466960352426
P4092,3316.75,0.5389999999999999,0.8889999999999999,3730.8773903262095
P0396,1305.44,0.0,0.35,3729.8285714285716
P2603,2926.0699999999997,0.435,0.7849999999999999,3727.4777070063697
P6599,1304.4699999999998,0.0,0.35,3727.0571428571425
P1055,1691.97,0.104,0.45399999999999996,3726.8061674008813
P2722,2925.17,0.435,0.7849999999999999,3726.3312101910833
P1727,2465.77,0.312,0.6619999999999999,3724.7280966767376
P6147,2535.83,0.331,0.681,3723.685756240822
P4375,2534.93,0.331,0.681,3722.364170337738
P2091,3305.67,0.539,0.889,3718.413948256468
P1871,1301.32,0.0,0.35,3718.057142857143
P6283,3762.6099999999997,0.662,1.012,3717.9940711462446
P1504,1301.21,0.0,0.35,3717.7428571428577
P3327,1687.3500000000001,0.104,0.45399999999999996,3716.629955947137
P3676,2916.96,0.435,0.7849999999999999,3715.8726114649685
P4885,1300.55,0.0,0.35,3715.857142857143
P7467,1300.06,0.0,0.35,3714.457142857143
P3203,3301.7099999999996,0.539,0.889,3713.959505061867
P4891,2071.86,0.208,0.5579999999999999,3713.0107526881725
P2944,1299.49,0.0,0.35,3712.8285714285716
P6928,2913.5,0.435,0.7849999999999999,3711.4649681528667
P7121,1298.99,0.0,0.35,3711.4
P4326,1298.51,0.0,0.35,3710.0285714285715
P2231,1684.32,0.104,0.45399999999999996,3709.955947136564
P2096,2912.18,0.435,0.7849999999999999,3709.783439490446
P4340,1298.22,0.0,0.35,3709.2000000000003
P4795,3296.88,0.5389999999999999,0.8889999999999999,3708.526434195726
P3748,2910.35,0.435,0.7849999999999999,3707.4522292993634
P0332,2523.98,0.331,0.681,3706.284875183553
P7982,2523.88,0.331,0.681,3706.138032305433
P2960,1682.5700000000002,0.104,0.45399999999999996,3706.101321585904
P1562,2909.05,0.435,0.7849999999999999,3705.7961783439496
P0125,2523.48,0.331,0.681,3705.5506607929515
P2343,1681.88,0.104,0.45399999999999996,3704.5814977973573
P1372,4519.34,0.87,1.22,3704.377049180328
P7608,1680.55,0.104,0.45399999999999996,3701.651982378855
P7559,1680.51,0.104,0.45399999999999996,3701.563876651983
P3077,2064.92,0.208,0.5579999999999999,3700.5734767025097
P6777,2904.32,0.435,0.7849999999999999,3699.7707006369433
P6876,2517.66,0.331,0.681,3697.004405286343
P0714,1676.96,0.104,0.45399999999999996,3693.744493392071
P4468,1676.7,0.104,0.45399999999999996,3693.1718061674014
P4063,1676.7,0.104,0.45399999999999996,3693.1718061674014
P2000,1292.48,0.0,0.35,3692.8
P4811,2514.75,0.331,0.681,3692.7312775330392
P6355,2898.7200000000003,0.435,0.7849999999999999,3692.63694267516
P2724,1292.27,0.0,0.35,3692.2000000000003
P7714,3733.4700000000003,0.662,1.012,3689.199604743083
P1621,2895.8700000000003,0.435,0.7849999999999999,3689.0063694267524
P5170,1674.72,0.104,0.45399999999999996,3688.810572687225
P0137,2892.66,0.435,0.7849999999999999,3684.9171974522296
P1393,2055.71,0.208,0.5579999999999999,3684.068100358423
P6814,1289.28,0.0,0.35,3683.657142857143
P5679,2508.54,0.331,0.681,3683.612334801762
P3926,2508.47,0.331,0.681,3683.509544787077
P6974,1289.2,0.0,0.35,3683.428571428572
P4801,1672.1499999999999,0.104,0.45399999999999996,3683.149779735683
P3258,2887.44,0.435,0.7849999999999999,3678.2675159235673
P6009,1669.5900000000001,0.104,0.45399999999999996,3677.5110132158597
P0228,1669.04,0.104,0.45399999999999996,3676.2995594713657
P5617,3266.2799999999997,0.539,0.889,3674.1057367829017
P0826,2501.73,0.331,0.681,3673.612334801762
P2065,2049.64,0.208,0.5579999999999999,3673.189964157706
P1641,2501.24,0.331,0.681,3672.8928046989713
P3445,2049.42,0.208,0.5579999999999999,3672.795698924732
P4033,1667.0,0.104,0.45399999999999996,3671.8061674008813
P2454,1284.86,0.0,0.35,3671.0285714285715
P6834,1284.12,0.0,0.35,3668.9142857142856
P7945,1665.1,0.104,0.45399999999999996,3667.6211453744495
P7431,1664.97,0.104,0.45399999999999996,3667.334801762115
P6418,2495.58,0.331,0.681,3664.5814977973564
P3224,1663.68,0.104,0.45399999999999996,3664.4933920704852
P5394,2876.31,0.435,0.7849999999999999,3664.0891719745227
P2670,2043.69,0.208,0.5579999999999999,3662.5268817204305
P5739,1281.6100000000001,0.0,0.35,3661.7428571428577
P2667,1281.51,0.0,0.35,3661.457142857143
P0475,1662.13,0.104,0.45399999999999996,3661.0792951541857
P1536,2423.38,0.312,0.6619999999999999,3660.694864048339
P4060,2492.09,0.331,0.681,3659.4566813509546
P1311,1660.71,0.104,0.45399999999999996,3657.9515418502206
P1317,4082.21,0.766,1.116,3657.8942652329747
P5728,2040.77,0.208,0.5579999999999999,3657.2939068100363
P2546,2869.83,0.435,0.7849999999999999,3655.834394904459
P4904,5288.46,1.097,1.447,3654.775397373877
P4707,2865.4500000000003,0.435,0.7849999999999999,3650.2547770700644
P5308,2485.02,0.331,0.681,3649.074889867841
P2772,1656.63,0.104,0.45399999999999996,3648.9647577092514
P1152,1276.67,0.0,0.35,3647.628571428572
P0142,2483.05,0.331,0.681,3646.1820851688694
P3700,2482.16,0.331,0.681,3644.8751835535973
P1292,1274.78,0.0,0.35,3642.2285714285717
P4936,1274.68,0.0,0.35,3641.9428571428575
P5906,2858.71,0.435,0.7849999999999999,3641.6687898089176
P6076,4061.75,0.766,1.116,3639.560931899641
P1323,1273.55,0.0,0.35,3638.714285714286
P0192,2855.8,0.435,0.7849999999999999,3637.9617834394912
P4462,1273.27,0.0,0.35,3637.914285714286
P5234,1650.82,0.104,0.45399999999999996,3636.1674008810573
P6368,1272.65,0.0,0.35,3636.142857142858
P3945,1272.6000000000001,0.0,0.35,3636.0000000000005
P6502,1649.94,0.104,0.45399999999999996,3634.229074889868
P7900,2474.86,0.331,0.681,3634.1556534508077
P5782,1271.89,0.0,0.35,3633.971428571429
P3697,1271.46,0.0,0.35,3632.7428571428577
P7034,1271.32,0.0,0.35,3632.342857142857
P6134,1271.15,0.0,0.35,3631.8571428571436
P6441,1270.48,0.0,0.35,3629.9428571428575
P5374,3226.6800000000003,0.539,0.889,3629.5613048368955
P6971,1647.69,0.104,0.45399999999999996,3629.2731277533044
P5475,1270.24,0.0,0.35,3629.257142857143
P1449,1647.38,0.104,0.45399999999999996,3628.5903083700446
P2250,4047.58,0.766,1.116,3626.8637992831536
P7021,1269.22,0.0,0.35,3626.3428571428576
P6621,3669.0,0.662,1.012,3625.494071146245
P6603,3222.92,0.5389999999999999,0.8889999999999999,3625.3318335208105
P7907,2468.74,0.331,0.681,3625.168869309838
P1431,2022.52,0.208,0.5579999999999999,3624.587813620072
P5518,3222.04,0.5389999999999999,0.8889999999999999,3624.3419572553435
P4701,1268.17,0.0,0.35,3623.3428571428576
P0430,4040.86,0.766,1.116,3620.84229390681
P4929,1643.18,0.104,0.45399999999999996,3619.339207048459
P1441,1643.01,0.104,0.45399999999999996,3618.9647577092514
P5367,2018.99,0.208,0.5579999999999999,3618.2616487455202
P4309,3661.22,0.662,1.012,3617.8063241106715
P5146,1266.23,0.0,0.35,3617.8
P5898,1642.03,0.104,0.45399999999999996,3616.8061674008813
P0349,1265.49,0.0,0.35,3615.6857142857148
P0794,1265.21,0.0,0.35,3614.8857142857146
P3738,2461.1,0.331,0.681,3613.9500734214384
P4017,1640.66,0.104,0.45399999999999996,3613.7885462555073
P1676,2460.53,0.331,0.681,3613.1130690161526
P3276,1264.4,0.0,0.35,3612.571428571429
P6166,1263.97,0.0,0.35,3611.3428571428576
P3379,3584.65,0.643,0.993,3609.9194360523666
P4059,2388.7799999999997,0.312,0.6619999999999999,3608.429003021148
P4665,3650.17,0.662,1.012,3606.887351778656
P5183,2456.02,0.331,0.681,3606.490455212922
P4575,1636.57,0.104,0.45399999999999996,3604.7797356828196
P2120,2829.15,0.435,0.7849999999999999,3604.012738853504
P5502,4021.95,0.766,1.116,3603.8978494623652
P2766,1635.67,0.104,0.45399999999999996,3602.797356828194
P7078,1260.9,0.0,0.35,3602.571428571429
P0620,2453.35,0.331,0.681,3602.5697503671067
P3394,1260.75,0.0,0.35,3602.1428571428573
P6054,1260.14,0.0,0.35,3600.4000000000005
P1076,1260.1100000000001,0.0,0.35,3600.314285714286
P6037,2826.05,0.435,0.7849999999999999,3600.0636942675164
P3658,2824.92,0.435,0.7849999999999999,3598.6242038216565
P3240,1633.45,0.104,0.45399999999999996,3597.9074889867848
P7933,1633.41,0.104,0.45399999999999996,3597.8193832599122
P6862,1259.2,0.0,0.35,3597.7142857142862
P7723,2449.89,0.331,0.681,3597.4889867841407
P7566,2449.67,0.331,0.681,3597.1659324522757
P5761,2006.04,0.208,0.5579999999999999,3595.0537634408606
P0403,2005.17,0.208,0.5579999999999999,3593.4946236559144
P0129,2446.66,0.331,0.681,3592.7459618208513
P3539,2378.09,0.312,0.6619999999999999,3592.2809667673723
P4434,1630.1,0.104,0.45399999999999996,3590.528634361234
P0959,2003.32,0.208,0.5579999999999999,3590.1792114695345
P4540,2817.27,0.435,0.7849999999999999,3588.87898089172
P2903,4818.33,0.9930000000000001,1.343,3587.7364110201042
P2008,1628.74,0.104,0.45399999999999996,3587.5330396475774
P0754,2442.58,0.331,0.681,3586.7547723935386
P2845,2000.96,0.208,0.5579999999999999,3585.949820788531
P0671,1254.8899999999999,0.0,0.35,3585.4
P7572,2441.02,0.331,0.681,3584.46402349486
P5930,1626.7099999999998,0.104,0.45399999999999996,3583.0616740088103
P1880,1253.81,0.0,0.35,3582.3142857142857
P4527,1253.49,0.0,0.35,3581.4
P3780,2810.92,0.435,0.7849999999999999,3580.789808917198
P3373,2438.4500000000003,0.331,0.681,3580.690161527166
P1398,3182.9,0.5389999999999999,0.8889999999999999,3580.3149606299216
P6798,1252.87,0.0,0.35,3579.6285714285714
P0162,2437.2799999999997,0.331,0.681,3578.9720998531566
P0845,1252.42,0.0,0.35,3578.3428571428576
P2576,1623.81,0.104,0.45399999999999996,3576.674008810573
P7301,2807.27,0.435,0.7849999999999999,3576.1401273885353
P7159,1251.56,0.0,0.35,3575.885714285714
P7403,1251.17,0.0,0.35,3574.771428571429
P6140,1622.12,0.104,0.45399999999999996,3572.9515418502206
P1143,4798.35,0.9930000000000001,1.343,3572.8592702903948
P7052,1621.5800000000002,0.104,0.45399999999999996,3571.7621145374455
P1130,1992.3899999999999,0.208,0.5579999999999999,3570.5913978494627
P2203,1249.43,0.0,0.35,3569.8
P1722,5164.86,1.097,1.447,3569.357290946786
P7446,1620.41,0.104,0.45399999999999996,3569.1850220264323
P3503,1991.5700000000002,0.208,0.5579999999999999,3569.121863799284
P3007,1249.11,0.0,0.35,3568.885714285714
P1043,2430.2200000000003,0.331,0.681,3568.604992657856
P4251,1620.1399999999999,0.104,0.45399999999999996,3568.590308370044
P4058,3172.21,0.539,0.889,3568.2902137232845
P1210,1619.85,0.104,0.45399999999999996,3567.9515418502206
P5515,1248.75,0.0,0.35,3567.857142857143
P2882,2361.13,0.312,0.6619999999999999,3566.66163141994
P2207,1248.1799999999998,0.0,0.35,3566.2285714285713
P3864,1618.67,0.104,0.45399999999999996,3565.3524229074897
P3778,1618.62,0.104,0.45399999999999996,3565.2422907488985
P5044,1617.6899999999998,0.104,0.45399999999999996,3563.193832599119
P2148,1246.03,0.0,0.35,3560.0857142857144
P5401,1616.2,0.104,0.45399999999999996,3559.9118942731284
P2830,3163.91,0.539,0.889,3558.953880764904
P5218,1615.25,0.104,0.45399999999999996,3557.8193832599122
P5376,1984.92,0.208,0.5579999999999999,3557.2043010752695
P1041,2421.11,0.331,0.681,3555.2276064610865
P4955,2420.83,0.331,0.681,3554.816446402349
P3790,2790.06,0.435,0.7849999999999999,3554.2165605095543
P5859,1982.4,0.208,0.5579999999999999,3552.6881720430115
P7734,1612.8,0.104,0.45399999999999996,3552.422907488987
P5396,1612.39,0.104,0.45399999999999996,3551.519823788547
P4932,2787.46,0.435,0.7849999999999999,3550.9044585987267
P5869,1242.6799999999998,0.0,0.35,3550.5142857142855
P4782,2416.89,0.331,0.681,3549.030837004405
P5897,2349.23,0.312,0.6619999999999999,3548.6858006042303
P0395,3590.98,0.662,1.012,3548.399209486166
P6550,1241.85,0.0,0.35,3548.142857142857
P1985,1241.75,0.0,0.35,3547.857142857143
P1192,1609.87,0.104,0.45399999999999996,3545.9691629955946
P6259,1241.05,0.0,0.35,3545.857142857143
P3962,3152.0,0.539,0.889,3545.556805399325
P5543,1240.81,0.0,0.35,3545.171428571429
P4368,2782.51,0.435,0.7849999999999999,3544.59872611465
P5304,3150.45,0.539,0.889,3543.813273340832
P6890,3148.21,0.539,0.889,3541.2935883014625
P7272,3951.83,0.766,1.116,3541.0663082437272
P2215,2411.34,0.331,0.681,3540.8810572687225
P0291,3583.31,0.662,1.012,3540.8201581027665
P6217,2343.98,0.312,0.6619999999999999,3540.755287009064
P5625,2779.28,0.435,0.7849999999999999,3540.4840764331216
P5974,2778.72,0.435,0.7849999999999999,3539.770700636943
P6293,1238.8400000000001,0.0,0.35,3539.542857142858
P2486,2778.22,0.435,0.7849999999999999,3539.1337579617834
P6995,1238.3600000000001,0.0,0.35,3538.1714285714293
P3084,2777.2799999999997,0.435,0.7849999999999999,3537.936305732484
P1133,1606.12,0.104,0.45399999999999996,3537.7092511013216
P3933,2408.12,0.331,0.681,3536.152716593245
P3008,3140.71,0.5389999999999999,0.8889999999999999,3532.857142857143
P5494,2405.58,0.331,0.681,3532.4229074889863
P7674,1603.56,0.104,0.45399999999999996,3532.070484581498
P0210,1236.13,0.0,0.35,3531.8000000000006
P3999,2404.9,0.331,0.681,3531.424375917768
P3381,1970.05,0.208,0.5579999999999999,3530.5555555555557
P1138,2403.39,0.331,0.681,3529.2070484581495
P4736,1969.12,0.208,0.5579999999999999,3528.888888888889
P5967,1235.01,0.0,0.35,3528.6000000000004
P2167,1600.58,0.104,0.45399999999999996,3525.5066079295157
P0457,1233.85,0.0,0.35,3525.285714285714
P6320,1599.73,0.104,0.45399999999999996,3523.6343612334804
P3329,1599.65,0.104,0.45399999999999996,3523.4581497797362
P4047,1964.3400000000001,0.208,0.5579999999999999,3520.322580645162
P3446,3562.25,0.662,1.012,3520.009881422925
P4358,1231.7,0.0,0.35,3519.1428571428573
P2571,1231.63,0.0,0.35,3518.9428571428575
P6775,1231.51,0.0,0.35,3518.6000000000004
P5662,1231.3600000000001,0.0,0.35,3518.1714285714293
P5632,1597.01,0.104,0.45399999999999996,3517.6431718061676
P6432,1231.05,0.0,0.35,3517.285714285714
P5774,3126.72,0.539,0.889,3517.1203599550054
P0882,1596.25,0.104,0.45399999999999996,3515.969162995595
P6029,3558.0099999999998,0.662,1.012,3515.8201581027665
P2502,1230.52,0.0,0.35,3515.7714285714287
P2564,5085.79,1.097,1.447,3514.7131997235656
P0966,1228.67,0.0,0.35,3510.4857142857145
P2028,2390.57,0.331,0.681,3510.381791483113
P1344,1228.5,0.0,0.35,3510.0
P0907,2389.66,0.331,0.681,3509.045521292217
P5729,1592.43,0.104,0.45399999999999996,3507.5550660792956
P2859,1591.7600000000002,0.104,0.45399999999999996,3506.0792951541857
P3433,1591.14,0.104,0.45399999999999996,3504.7136563876657
P2770,2751.14,0.435,0.7849999999999999,3504.6369426751594
P1099,1590.74,0.104,0.45399999999999996,3503.832599118943
P5366,3114.56,0.539,0.889,3503.442069741282
P1069,1226.04,0.0,0.35,3502.9714285714285
P1939,3908.3999999999996,0.766,1.116,3502.150537634408
P5380,1225.6399999999999,0.0,0.35,3501.828571428571
P2748,3112.72,0.539,0.889,3501.3723284589423
P3304,1953.48,0.208,0.5579999999999999,3500.860215053764
P3144,1589.24,0.104,0.45399999999999996,3500.528634361234
P2602,1225.12,0.0,0.35,3500.342857142857
P5671,1589.02,0.104,0.45399999999999996,3500.0440528634363
P4725,1588.3700000000001,0.104,0.45399999999999996,3498.6123348017627
P1436,1224.45,0.0,0.35,3498.4285714285716
P2668,1223.93,0.0,0.35,3496.9428571428575
P1654,2381.32,0.331,0.681,3496.798825256975
P7317,1223.76,0.0,0.35,3496.457142857143
P1426,1587.0,0.104,0.45399999999999996,3495.594713656388
P3461,3107.58,0.5389999999999999,0.8889999999999999,3495.5905511811025
P1430,2380.41,0.331,0.681,3495.462555066079
P6017,3537.08,0.662,1.012,3495.1383399209485
P4057,2379.43,0.331,0.681,3494.023494860499
P0808,1586.08,0.104,0.45399999999999996,3493.568281938326
P5465,2741.88,0.435,0.7849999999999999,3492.8407643312107
P7767,1585.5900000000001,0.104,0.45399999999999996,3492.4889867841416
P2988,3466.17,0.643,0.993,3490.604229607251
P6423,2310.63,0.312,0.6619999999999999,3490.3776435045324
P4976,1584.35,0.104,0.45399999999999996,3489.7577092511015
P5182,3102.29,0.539,0.889,3489.640044994376
P2851,1583.83,0.104,0.45399999999999996,3488.6123348017622
P1460,2374.56,0.331,0.681,3486.872246696035
P1910,2374.38,0.331,0.681,3486.6079295154186
P1734,1220.1100000000001,0.0,0.35,3486.028571428572
P0169,1218.6,0.0,0.35,3481.714285714286
P1199,1580.3700000000001,0.104,0.45399999999999996,3480.991189427313
P3481,1941.8700000000001,0.208,0.5579999999999999,3480.0537634408606
P7134,2731.7599999999998,0.435,0.7849999999999999,3479.9490445859874
P4977,1217.98,0.0,0.35,3479.9428571428575
P5492,1217.89,0.0,0.35,3479.6857142857148
P4969,2368.96,0.331,0.681,3478.649045521292
P0610,1940.99,0.208,0.5579999999999999,3478.476702508961
P3181,2368.2,0.331,0.681,3477.5330396475765
P6689,2367.56,0.331,0.681,3476.593245227606
P1316,1216.0900000000001,0.0,0.35,3474.542857142858
P6340,1215.78,0.0,0.35,3473.657142857143
P7209,1214.6,0.0,0.35,3470.285714285714
P7396,3445.6499999999996,0.643,0.993,3469.9395770392744
P4068,2723.85,0.435,0.7849999999999999,3469.8726114649685
P7408,2657.2,0.416,0.766,3468.929503916449
P4074,2722.95,0.435,0.7849999999999999,3468.7261146496817
P1279,1214.0300000000002,0.0,0.35,3468.6571428571438
P7439,1213.5900000000001,0.0,0.35,3467.4000000000005
P3750,2361.23,0.331,0.681,3467.298091042584
P0533,3442.41,0.643,0.993,3466.676737160121
P3972,1573.4099999999999,0.104,0.45399999999999996,3465.6607929515417
P4204,2359.82,0.331,0.681,3465.2276064610865
P3212,1572.69,0.104,0.45399999999999996,3464.0748898678416
P4346,3079.5,0.539,0.889,3464.0044994375703
P2141,1572.52,0.104,0.45399999999999996,3463.7004405286348
P0133,1571.92,0.104,0.45399999999999996,3462.378854625551
P0466,2291.77,0.312,0.6619999999999999,3461.888217522659
P5602,3076.81,0.539,0.889,3460.978627671541
P2686,1571.11,0.104,0.45399999999999996,3460.5947136563877
P5410,3074.88,0.539,0.889,3458.80764904387
P0746,3499.74,0.662,1.012,3458.2411067193675
P2887,1210.3400000000001,0.0,0.35,3458.1142857142863
P7556,1210.02,0.0,0.35,3457.2000000000003
P0795,2711.22,0.435,0.7849999999999999,3453.7834394904457
P0657,2350.29,0.331,0.681,3451.2334801762113
P6817,1566.0,0.104,0.45399999999999996,3449.3392070484583
P5694,2348.63,0.331,0.681,3448.7958883994124
P4761,1923.66,0.208,0.5579999999999999,3447.41935483871
P7051,2347.12,0.331,0.681,3446.578560939794
P2383,1206.24,0.0,0.35,3446.4
P1495,2346.9300000000003,0.331,0.681,3446.2995594713657
P7682,1562.9,0.104,0.45399999999999996,3442.5110132158597
P5873,1560.62,0.104,0.45399999999999996,3437.488986784141
P0951,3477.5,0.662,1.012,3436.2648221343875
P4269,1559.31,0.104,0.45399999999999996,3434.603524229075
P4598,1916.04,0.208,0.5579999999999999,3433.7634408602153
P2684,2695.14,0.435,0.7849999999999999,3433.299363057325
P6746,1558.6899999999998,0.104,0.45399999999999996,3433.237885462555
P6802,1558.65,0.104,0.45399999999999996,3433.1497797356833
P1903,4609.12,0.9930000000000001,1.343,3431.958302308265
P4275,3829.28,0.766,1.116,3431.2544802867383
P7436,2336.15,0.331,0.681,3430.469897209985
P6555,2692.65,0.435,0.7849999999999999,3430.1273885350324
P6016,2334.5,0.331,0.681,3428.046989720998
P4715,2690.6,0.435,0.7849999999999999,3427.5159235668793
P7745,2624.0899999999997,0.416,0.766,3425.7049608355087
P2171,2688.98,0.435,0.7849999999999999,3425.4522292993634
P4900,1198.62,0.0,0.35,3424.6285714285714
P3601,2687.83,0.435,0.7849999999999999,3423.987261146497
P4843,2687.54,0.435,0.7849999999999999,3423.6178343949045
P3717,2685.87,0.435,0.7849999999999999,3421.490445859873
P4295,1552.6299999999999,0.104,0.45399999999999996,3419.88986784141
P5306,1196.3,0.0,0.35,3418.0
P5398,2261.63,0.312,0.6619999999999999,3416.359516616315
P6211,1550.06,0.104,0.45399999999999996,3414.229074889868
P1946,3810.14,0.766,1.116,3414.1039426523294
P3302,2325.0,0.331,0.681,3414.0969162995593
P4146,3809.7999999999997,0.766,1.116,3413.7992831541214
P3618,1194.65,0.0,0.35,3413.2857142857147
P1573,1194.16,0.0,0.35,3411.8857142857146
P4467,2323.04,0.331,0.681,3411.218795888399
P1661,1193.62,0.0,0.35,3410.342857142857
P1540,1193.5,0.0,0.35,3410.0
P7679,1193.5,0.0,0.35,3410.0
P7356,2321.27,0.331,0.681,3408.619676945668
P3116,1193.0,0.0,0.35,3408.571428571429
P2423,1546.6399999999999,0.104,0.45399999999999996,3406.6960352422907
P5564,1545.93,0.104,0.45399999999999996,3405.132158590309
P4762,3026.66,0.539,0.889,3404.566929133858
P2052,1191.19,0.0,0.35,3403.4000000000005
P1173,1545.04,0.104,0.45399999999999996,3403.171806167401
P6992,1191.06,0.0,0.35,3403.0285714285715
P3727,2669.2799999999997,0.435,0.7849999999999999,3400.356687898089
P4062,1543.72,0.104,0.45399999999999996,3400.264317180617
P1529,1189.96,0.0,0.35,3399.8857142857146
P7100,1543.35,0.104,0.45399999999999996,3399.4493392070485
P2184,3793.27,0.766,1.116,3398.9874551971325
P6109,2668.07,0.435,0.7849999999999999,3398.8152866242044
P7433,1542.77,0.104,0.45399999999999996,3398.171806167401
P4300,1189.18,0.0,0.35,3397.6571428571433
P3236,1895.79,0.208,0.5579999999999999,3397.4731182795704
P0201,1188.57,0.0,0.35,3395.9142857142856
P1683,1894.8200000000002,0.208,0.5579999999999999,3395.73476702509
P0839,1541.6399999999999,0.104,0.45399999999999996,3395.68281938326
P5607,3371.73,0.643,0.993,3395.498489425982
P3925,1188.4,0.0,0.35,3395.428571428572
P1761,2312.19,0.331,0.681,3395.286343612335
P0814,1894.41,0.208,0.5579999999999999,3395.0000000000005
P4878,2311.92,0.331,0.681,3394.8898678414093
P7281,1541.09,0.104,0.45399999999999996,3394.4713656387667
P4705,3434.41,0.662,1.012,3393.685770750988
P0958,1540.39,0.104,0.45399999999999996,3392.929515418503
P3872,1186.47,0.0,0.35,3389.914285714286
P6325,2661.08,0.435,0.7849999999999999,3389.910828025478
P3909,1186.3400000000001,0.0,0.35,3389.542857142858
P6394,1186.25,0.0,0.35,3389.2857142857147
P2786,1890.92,0.208,0.5579999999999999,3388.745519713262
P2888,1538.49,0.104,0.45399999999999996,3388.744493392071
P7637,1186.04,0.0,0.35,3388.6857142857143
P3883,1184.81,0.0,0.35,3385.171428571429
P1532,2654.7599999999998,0.435,0.7849999999999999,3381.859872611465
P4338,1183.4,0.0,0.35,3381.142857142858
P1690,1886.66,0.208,0.5579999999999999,3381.1111111111118
P2256,1534.8400000000001,0.104,0.45399999999999996,3380.7048458149784
P5459,1534.04,0.104,0.45399999999999996,3378.9427312775333
P1094,1533.4,0.104,0.45399999999999996,3377.5330396475774
P4272,2299.79,0.331,0.681,3377.0778267254036
P3192,1181.8899999999999,0.0,0.35,3376.828571428571
P2584,1181.49,0.0,0.35,3375.6857142857143
P4814,1181.45,0.0,0.35,3375.571428571429
P5566,1882.99,0.208,0.5579999999999999,3374.534050179212
P2861,2999.49,0.539,0.889,3374.00449943757
P0903,1531.17,0.104,0.45399999999999996,3372.62114537445
P1818,2296.24,0.331,0.681,3371.864904552129
P0413,1180.06,0.0,0.35,3371.6
P0597,2294.58,0.331,0.681,3369.42731277533
P6411,1529.65,0.104,0.45399999999999996,3369.2731277533044
P2962,1529.44,0.104,0.45399999999999996,3368.810572687225
P1868,1529.4,0.104,0.45399999999999996,3368.722466960353
P4191,1178.9499999999998,0.0,0.35,3368.428571428571
P7743,2643.89,0.435,0.7849999999999999,3368.0127388535034
P5090,1178.75,0.0,0.35,3367.857142857143
P1587,2293.4900000000002,0.331,0.681,3367.826725403818
P7414,2643.21,0.435,0.7849999999999999,3367.146496815287
P7790,1528.63,0.104,0.45399999999999996,3367.026431718062
P0344,1528.6,0.104,0.45399999999999996,3366.960352422908
P1632,1527.82,0.104,0.45399999999999996,3365.242290748899
P1348,1177.7199999999998,0.0,0.35,3364.914285714285
P0780,1176.99,0.0,0.35,3362.8285714285716
P6253,1526.69,0.104,0.45399999999999996,3362.7533039647583
P6650,2639.65,0.435,0.7849999999999999,3362.6114649681535
P6811,1176.88,0.0,0.35,3362.5142857142864
P3470,2639.25,0.435,0.7849999999999999,3362.1019108280257
P6741,2639.09,0.435,0.7849999999999999,3361.8980891719752
P4991,3401.98,0.662,1.012,3361.6403162055335
P4207,1176.4099999999999,0.0,0.35,3361.1714285714284
P5713,2637.2,0.435,0.7849999999999999,3359.4904458598726
P6793,4508.82,0.9930000000000001,1.343,3357.2747580044675
P2295,1175.03,0.0,0.35,3357.2285714285717
P3456,1523.9299999999998,0.104,0.45399999999999996,3356.6740088105726
P3880,1174.7,0.0,0.35,3356.2857142857147
P1257,1523.05,0.104,0.45399999999999996,3354.7356828193833
P3639,2632.93,0.435,0.7849999999999999,3354.050955414013
P1416,1173.13,0.0,0.35,3351.8000000000006
P5851,3740.12,0.766,1.116,3351.362007168458
P2867,2630.28,0.435,0.7849999999999999,3350.6751592356695
P4038,1521.2,0.104,0.45399999999999996,3350.660792951542
P6352,2281.7,0.331,0.681,3350.513950073421
P2124,1172.6399999999999,0.0,0.35,3350.3999999999996
P7761,1172.5,0.0,0.35,3350.0
P7793,1520.8600000000001,0.104,0.45399999999999996,3349.9118942731284
P2394,1520.77,0.104,0.45399999999999996,3349.7136563876657
P1921,2280.5699999999997,0.331,0.681,3348.8546255506603
P7800,2627.37,0.435,0.7849999999999999,3346.9681528662422
P2396,2279.2200000000003,0.331,0.681,3346.8722466960353
P3022,1867.52,0.208,0.5579999999999999,3346.8100358422944
P2463,1519.3799999999999,0.104,0.45399999999999996,3346.651982378855
P4827,2626.04,0.435,0.7849999999999999,3345.273885350319
P5738,1170.74,0.0,0.35,3344.971428571429
P7422,1169.44,0.0,0.35,3341.257142857143
P4786,1516.78,0.104,0.45399999999999996,3340.925110132159
P3647,2273.16,0.331,0.681,3337.973568281938
P5682,1168.04,0.0,0.35,3337.2571428571428
P6938,2272.08,0.331,0.681,3336.3876651982378
P3151,1167.33,0.0,0.35,3335.2285714285713
P2271,1860.92,0.208,0.5579999999999999,3334.982078853047
P1825,1513.9099999999999,0.104,0.45399999999999996,3334.603524229075
P5393,2270.7,0.331,0.681,3334.3612334801755
P2451,1166.9399999999998,0.0,0.35,3334.1142857142854
P3041,2269.92,0.331,0.681,3333.215859030837
P1640,1166.1,0.0,0.35,3331.714285714286
P1561,1165.68,0.0,0.35,3330.514285714286
P0168,2267.94,0.331,0.681,3330.3083700440525
P4090,1165.52,0.0,0.35,3330.057142857143
P7738,1857.64,0.208,0.5579999999999999,3329.1039426523303
P7137,3305.62,0.643,0.993,3328.9224572004027
P2597,1510.1799999999998,0.104,0.45399999999999996,3326.3876651982378
P0906,1855.68,0.208,0.5579999999999999,3325.5913978494627
P2379,1163.51,0.0,0.35,3324.3142857142857
P3245,3707.6499999999996,0.766,1.116,3322.267025089605
P0299,1853.6200000000001,0.208,0.5579999999999999,3321.8996415770616
P4501,1507.45,0.104,0.45399999999999996,3320.3744493392073
P5305,2259.94,0.331,0.681,3318.56093979442
P0194,1851.5,0.208,0.5579999999999999,3318.1003584229393
P1063,1160.82,0.0,0.35,3316.6285714285714
P5582,2603.17,0.435,0.7849999999999999,3316.1401273885353
P5726,1160.3899999999999,0.0,0.35,3315.3999999999996
P0569,1160.38,0.0,0.35,3315.371428571429
P2832,1160.36,0.0,0.35,3315.3142857142857
P5377,2257.52,0.331,0.681,3315.0073421439056
P6898,1160.11,0.0,0.35,3314.6
P2415,2945.31,0.539,0.889,3313.0596175478063
P3897,2256.06,0.331,0.681,3312.8634361233476
P5131,2944.95,0.539,0.889,3312.654668166479
P3785,2599.65,0.435,0.7849999999999999,3311.6560509554147
P0777,1502.94,0.104,0.45399999999999996,3310.4405286343617
P0373,2254.41,0.331,0.681,3310.440528634361
P1297,2598.5499999999997,0.435,0.7849999999999999,3310.2547770700635
P2487,2254.0,0.331,0.681,3309.8384728340675
P1750,1157.24,0.0,0.35,3306.4
P6933,1501.09,0.104,0.45399999999999996,3306.36563876652
P2429,1844.95,0.208,0.5579999999999999,3306.362007168459
P4330,1157.22,0.0,0.35,3306.3428571428576
P6597,2188.13,0.312,0.6619999999999999,3305.3323262839886
P2083,1500.52,0.104,0.45399999999999996,3305.1101321585907
P5531,2250.51,0.331,0.681,3304.713656387665
P3822,1500.32,0.104,0.45399999999999996,3304.6696035242294
P6316,1156.38,0.0,0.35,3303.9428571428575
P3555,2249.94,0.331,0.681,3303.876651982379
P2300,1156.35,0.0,0.35,3303.8571428571427
P4147,1155.94,0.0,0.35,3302.6857142857148
P7935,2247.81,0.331,0.681,3300.7488986784138
P3099,1154.81,0.0,0.35,3299.457142857143
P7006,1153.75,0.0,0.35,3296.4285714285716
P0807,2244.3199999999997,0.331,0.681,3295.624082232011
P3579,2244.2400000000002,0.331,0.681,3295.5066079295157
P3229,2244.23,0.331,0.681,3295.491923641703
P6658,1153.02,0.0,0.35,3294.342857142857
P5749,2242.74,0.331,0.681,3293.303964757709
P5018,3331.37,0.662,1.012,3291.867588932806
P3160,2241.1899999999996,0.331,0.681,3291.027900146842
P2891,1151.25,0.0,0.35,3289.2857142857147
P6861,2923.71,0.539,0.889,3288.7626546681663
P3115,1493.0900000000001,0.104,0.45399999999999996,3288.744493392071
P0207,2581.32,0.435,0.7849999999999999,3288.305732484077
P5581,1150.75,0.0,0.35,3287.857142857143
P0243,1492.24,0.104,0.45399999999999996,3286.8722466960357
P7625,1150.31,0.0,0.35,3286.6
P1456,1150.28,0.0,0.35,3286.514285714286
P1951,3666.46,0.766,1.116,3285.3584229390676
P2407,1833.1100000000001,0.208,0.5579999999999999,3285.143369175628
P4924,1491.24,0.104,0.45399999999999996,3284.6696035242294
P0431,1831.25,0.208,0.5579999999999999,3281.8100358422944
P5628,1830.6100000000001,0.208,0.5579999999999999,3280.6630824372764
P5229,1148.17,0.0,0.35,3280.4857142857145
P3281,1148.1499999999999,0.0,0.35,3280.428571428571
P5939,3257.31,0.643,0.993,3280.271903323263
P1514,1830.38,0.208,0.5579999999999999,3280.250896057348
P3426,1147.96,0.0,0.35,3279.8857142857146
P5654,1488.32,0.104,0.45399999999999996,3278.2378854625554
P0462,1488.1599999999999,0.104,0.45399999999999996,3277.885462555066
P3493,1488.0900000000001,0.104,0.45399999999999996,3277.73127753304
P7993,3657.56,0.766,1.116,3277.3835125448027
P3201,2571.88,0.435,0.7849999999999999,3276.2802547770707
P1390,1827.75,0.208,0.5579999999999999,3275.5376344086026
P2710,2230.38,0.331,0.681,3275.1541850220265
P3252,1486.9,0.104,0.45399999999999996,3275.1101321585907
P4809,2230.35,0.331,0.681,3275.1101321585897
P7419,2570.83,0.435,0.7849999999999999,3274.942675159236
P4075,2230.09,0.331,0.681,3274.7283406754773
P7648,1486.69,0.104,0.45399999999999996,3274.6475770925113
P0473,2569.78,0.435,0.7849999999999999,3273.605095541402
P3427,2569.5,0.435,0.7849999999999999,3273.2484076433125
P5283,1145.51,0.0,0.35,3272.8857142857146
P4521,2568.8500000000004,0.435,0.7849999999999999,3272.420382165606
P2426,2227.2999999999997,0.331,0.681,3270.631424375917
P3776,1484.69,0.104,0.45399999999999996,3270.242290748899
P0234,1484.54,0.104,0.45399999999999996,3269.911894273128
P5618,2906.8700000000003,0.539,0.889,3269.8200224971883
P2033,1484.17,0.104,0.45399999999999996,3269.09691629956
P0885,1143.76,0.0,0.35,3267.8857142857146
P2241,2225.39,0.331,0.681,3267.8267254038174
P0119,1483.56,0.104,0.45399999999999996,3267.753303964758
P6568,3984.41,0.87,1.22,3265.909836065574
P2094,1142.33,0.0,0.35,3263.8
P7510,1142.07,0.0,0.35,3263.057142857143
P0627,1142.0,0.0,0.35,3262.857142857143
P6245,2221.33,0.331,0.681,3261.864904552129
P0313,5058.94,1.201,1.5510000000000002,3261.7279174725977
P7309,2560.0699999999997,0.435,0.7849999999999999,3261.235668789809
P4412,2220.69,0.331,0.681,3260.9251101321584
P1463,2557.5699999999997,0.435,0.7849999999999999,3258.0509554140126
P2187,2218.05,0.331,0.681,3257.04845814978
P4583,1139.65,0.0,0.35,3256.142857142858
P1817,2555.7799999999997,0.435,0.7849999999999999,3255.770700636943
P4395,2555.52,0.435,0.7849999999999999,3255.43949044586
P1927,4310.030000000001,0.974,1.3239999999999998,3255.309667673717
P4892,1816.27,0.208,0.5579999999999999,3254.9641577060934
P7109,1816.22,0.208,0.5579999999999999,3254.8745519713266
P4655,1138.23,0.0,0.35,3252.0857142857144
P3037,1476.4199999999998,0.104,0.45399999999999996,3252.0264317180618
P5315,3291.01,0.662,1.012,3251.9861660079055
P5201,1137.94,0.0,0.35,3251.257142857143
P0359,2551.81,0.435,0.7849999999999999,3250.7133757961788
P1969,1137.24,0.0,0.35,3249.257142857143
P6496,3286.84,0.662,1.012,3247.8656126482215
P2869,2548.13,0.435,0.7849999999999999,3246.0254777070068
P4341,1134.78,0.0,0.35,3242.2285714285717
P4040,2207.08,0.331,0.681,3240.9397944199704
P3913,1808.19,0.208,0.5579999999999999,3240.4838709677424
P6112,1471.13,0.104,0.45399999999999996,3240.374449339208
P7649,2542.44,0.435,0.7849999999999999,3238.7770700636947
P2197,1133.57,0.0,0.35,3238.7714285714287
P3770,1133.28,0.0,0.35,3237.942857142857
P6467,3276.67,0.662,1.012,3237.816205533597
P1614,2541.38,0.435,0.7849999999999999,3237.426751592357
P6196,1469.23,0.104,0.45399999999999996,3236.1894273127755
P2093,1468.8,0.104,0.45399999999999996,3235.242290748899
P4178,2875.9700000000003,0.539,0.889,3235.061867266592
P5175,2202.98,0.331,0.681,3234.9192364170335
P5281,3272.7999999999997,0.662,1.012,3233.9920948616596
P4342,4678.98,1.097,1.447,3233.572909467864
P7542,1131.49,0.0,0.35,3232.8285714285716
P4679,1466.57,0.104,0.45399999999999996,3230.330396475771
P3860,2535.74,0.435,0.7849999999999999,3230.2420382165606
P5504,1130.5,0.0,0.35,3230.0
P4622,1802.03,0.208,0.5579999999999999,3229.444444444445
P6950,2198.81,0.331,0.681,3228.7958883994124
P2712,2534.3,0.435,0.7849999999999999,3228.4076433121027
P3048,2198.09,0.331,0.681,3227.7386196769457
P4748,2197.91,0.331,0.681,3227.4743024963286
P5225,1464.57,0.104,0.45399999999999996,3225.925110132159
P4597,1128.9,0.0,0.35,3225.428571428572
P3531,1464.0900000000001,0.104,0.45399999999999996,3224.867841409692
P1423,2530.89,0.435,0.7849999999999999,3224.063694267516
P3179,2195.1800000000003,0.331,0.681,3223.465491923642
P0572,1128.2,0.0,0.35,3223.4285714285716
P7335,2194.92,0.331,0.681,3223.0837004405284
P6641,3596.89,0.766,1.116,3223.019713261648
P7176,3928.93,0.87,1.22,3220.434426229508
P3996,3257.62,0.662,1.012,3218.99209486166
P1710,1461.3,0.104,0.45399999999999996,3218.7224669603524
P5144,3592.01,0.766,1.116,3218.646953405018
P2323,1795.79,0.208,0.5579999999999999,3218.26164874552
P3670,1126.1000000000001,0.0,0.35,3217.428571428572
P3512,2525.6,0.435,0.7849999999999999,3217.3248407643314
P1796,1795.0,0.208,0.5579999999999999,3216.845878136201
P1977,3255.11,0.662,1.012,3216.51185770751
P1764,2524.61,0.435,0.7849999999999999,3216.0636942675164
P6620,1125.62,0.0,0.35,3216.057142857143
P6285,1459.53,0.104,0.45399999999999996,3214.823788546256
P6864,1124.92,0.0,0.35,3214.0571428571434
P4304,3252.61,0.662,1.012,3214.0415019762845
P1792,2522.26,0.435,0.7849999999999999,3213.070063694268
P1385,2521.76,0.435,0.7849999999999999,3212.433121019109
P6239,1123.89,0.0,0.35,3211.1142857142863
P3146,1123.83,0.0,0.35,3210.942857142857
P7833,2519.79,0.435,0.7849999999999999,3209.923566878981
P6495,1123.44,0.0,0.35,3209.8285714285716
P2704,1457.16,0.104,0.45399999999999996,3209.6035242290754
P3021,1790.88,0.208,0.5579999999999999,3209.4623655913983
P0846,1123.09,0.0,0.35,3208.828571428571
P3506,1122.99,0.0,0.35,3208.5428571428574
P2505,2184.94,0.331,0.681,3208.4287812041116
P2474,2184.88,0.331,0.681,3208.340675477239
P5954,2183.87,0.331,0.681,3206.8575624082227
P6097,2517.03,0.435,0.7849999999999999,3206.4076433121027
P2275,2183.54,0.331,0.681,3206.3729809104257
P6643,1788.55,0.208,0.5579999999999999,3205.286738351255
P7199,2120.71,0.312,0.6619999999999999,3203.4894259818734
P2984,1121.13,0.0,0.35,3203.2285714285717
P4783,2181.39,0.331,0.681,3203.215859030837
P5152,1121.01,0.0,0.35,3202.8857142857146
P5992,2513.81,0.435,0.7849999999999999,3202.3057324840765
P2719,2513.43,0.435,0.7849999999999999,3201.8216560509554
P0502,1119.91,0.0,0.35,3199.7428571428577
P1042,1452.68,0.104,0.45399999999999996,3199.735682819384
P7345,2511.33,0.435,0.7849999999999999,3199.146496815287
P0634,1119.24,0.0,0.35,3197.8285714285716
P2648,2509.72,0.435,0.7849999999999999,3197.0955414012737
P3840,2841.7200000000003,0.539,0.889,3196.5354330708665
P6464,2176.7799999999997,0.331,0.681,3196.4464023494857
P5001,1783.33,0.208,0.5579999999999999,3195.9318996415773
P7704,2176.3,0.331,0.681,3195.741556534508
P5689,2176.27,0.331,0.681,3195.697503671072
P0131,1118.2,0.0,0.35,3194.857142857143
P3841,2506.54,0.435,0.7849999999999999,3193.0445859872616
P3125,1117.3999999999999,0.0,0.35,3192.5714285714284
P1728,2837.75,0.539,0.889,3192.0697412823397
P2641,2172.2200000000003,0.331,0.681,3189.7503671071954
P7481,2503.68,0.435,0.7849999999999999,3189.4012738853503
P3213,1446.7,0.104,0.45399999999999996,3186.563876651983
P3295,2500.92,0.435,0.7849999999999999,3185.885350318472
P7178,2500.88,0.435,0.7849999999999999,3185.8343949044593
P7164,1446.32,0.104,0.45399999999999996,3185.726872246696
P5427,1114.57,0.0,0.35,3184.4857142857145
P4084,2168.18,0.331,0.681,3183.81791483113
P7190,2830.11,0.539,0.889,3183.4758155230597
P1706,1445.15,0.104,0.45399999999999996,3183.1497797356833
P0678,3551.11,0.766,1.116,3181.9982078853045
P2548,1113.4,0.0,0.35,3181.142857142858
P1671,2166.15,0.331,0.681,3180.8370044052863
P5912,1113.23,0.0,0.35,3180.6571428571433
P5231,2494.9,0.435,0.7849999999999999,3178.2165605095547
P5228,1442.9,0.104,0.45399999999999996,3178.1938325991196
P4390,1442.85,0.104,0.45399999999999996,3178.083700440529
P5123,1112.28,0.0,0.35,3177.942857142857
P0598,1442.31,0.104,0.45399999999999996,3176.8942731277534
P3886,2162.87,0.331,0.681,3176.0205580029365
P0377,3542.89,0.766,1.116,3174.632616487455
P1516,2101.56,0.312,0.6619999999999999,3174.5619335347433
P7072,2491.1,0.435,0.7849999999999999,3173.375796178344
P0098,1440.71,0.104,0.45399999999999996,3173.3700440528637
P5457,2161.03,0.331,0.681,3173.3186490455214
P0362,2159.78,0.331,0.681,3171.4831130690163
P6676,1439.8,0.104,0.45399999999999996,3171.36563876652
P5918,3868.41,0.87,1.22,3170.827868852459
P7525,1109.31,0.0,0.35,3169.457142857143
P4348,2486.6600000000003,0.435,0.7849999999999999,3167.7197452229307
P6398,2157.06,0.331,0.681,3167.4889867841407
P2587,3204.41,0.662,1.012,3166.4130434782605
P0458,1108.06,0.0,0.35,3165.885714285714
P5242,1766.28,0.208,0.5579999999999999,3165.3763440860216
P2901,1107.77,0.0,0.35,3165.057142857143
P2273,2095.2,0.312,0.6619999999999999,3164.954682779456
P4233,3470.75,0.747,1.097,3163.855970829535
P4839,2152.76,0.331,0.681,3161.1747430249634
P6091,1106.34,0.0,0.35,3160.9714285714285
P1615,3855.34,0.87,1.22,3160.1147540983607
P3196,1106.01,0.0,0.35,3160.0285714285715
P0446,2151.9,0.331,0.681,3159.9118942731275
P6921,1434.5900000000001,0.104,0.45399999999999996,3159.8898678414103
P1330,1763.11,0.208,0.5579999999999999,3159.695340501792
P4511,1105.52,0.0,0.35,3158.6285714285714
P1121,2478.77,0.435,0.7849999999999999,3157.6687898089176
P7532,1105.05,0.0,0.35,3157.285714285714
P2186,1433.18,0.104,0.45399999999999996,3156.784140969163
P4357,3133.91,0.643,0.993,3156.002014098691
P3169,2805.64,0.539,0.889,3155.9505061867267
P1177,2149.1200000000003,0.331,0.681,3155.8296622613807
P5793,1431.31,0.104,0.45399999999999996,3152.6651982378858
P7314,1430.6399999999999,0.104,0.45399999999999996,3151.1894273127755
P1288,2145.79,0.331,0.681,3150.9397944199704
P0772,2144.5699999999997,0.331,0.681,3149.148311306901
P4638,2143.95,0.331,0.681,3148.2378854625545
P2554,1101.6799999999998,0.0,0.35,3147.6571428571424
P1839,1101.4299999999998,0.0,0.35,3146.942857142857
P0701,2469.58,0.435,0.7849999999999999,3145.961783439491
P4409,2468.82,0.435,0.7849999999999999,3144.993630573249
P0788,1427.77,0.104,0.45399999999999996,3144.8678414096917
P3067,2139.93,0.331,0.681,3142.3348017621142
P3031,1753.31,0.208,0.5579999999999999,3142.1326164874554
P6755,1426.2,0.104,0.45399999999999996,3141.4096916299563
P4607,1099.31,0.0,0.35,3140.885714285714
P5140,2138.17,0.331,0.681,3139.750367107195
P3948,1098.8200000000002,0.0,0.35,3139.485714285715
P3139,1424.6100000000001,0.104,0.45399999999999996,3137.9074889867848
P2032,2136.33,0.331,0.681,3137.0484581497794
P0609,2462.51,0.435,0.7849999999999999,3136.9554140127393
P1518,1097.75,0.0,0.35,3136.4285714285716
P4290,1750.08,0.208,0.5579999999999999,3136.3440860215055
P1643,1423.72,0.104,0.45399999999999996,3135.947136563877
P0988,1097.46,0.0,0.35,3135.6000000000004
P4657,3172.0299999999997,0.662,1.012,3134.4169960474305
P5963,1096.8500000000001,0.0,0.35,3133.8571428571436
P1039,2133.64,0.331,0.681,3133.09838472834
P2941,1421.87,0.104,0.45399999999999996,3131.8722466960353
P5277,1747.45,0.208,0.5579999999999999,3131.6308243727603
P0397,1095.8300000000002,0.0,0.35,3130.942857142858
P7008,2132.16,0.331,0.681,3130.9251101321584
P6604,1421.3200000000002,0.104,0.45399999999999996,3130.6607929515426
P5550,1095.64,0.0,0.35,3130.4000000000005
P0180,1095.49,0.0,0.35,3129.971428571429
P0218,1420.9499999999998,0.104,0.45399999999999996,3129.8458149779735
P3389,3492.7,0.766,1.116,3129.659498207885
P1335,1746.05,0.208,0.5579999999999999,3129.1218637992833
P4731,1095.1100000000001,0.0,0.35,3128.885714285715
P4039,1420.45,0.104,0.45399999999999996,3128.744493392071
P4429,1094.92,0.0,0.35,3128.3428571428576
P7930,1745.53,0.208,0.5579999999999999,3128.1899641577065
P1433,1094.58,0.0,0.35,3127.3714285714286
P7569,1419.29,0.104,0.45399999999999996,3126.1894273127755
P2037,1093.89,0.0,0.35,3125.4000000000005
P2895,2452.46,0.435,0.7849999999999999,3124.1528662420387
P5158,1418.08,0.104,0.45399999999999996,3123.52422907489
P5716,1417.76,0.104,0.45399999999999996,3122.8193832599122
P1209,2775.9900000000002,0.539,0.889,3122.5984251968507
P4944,2450.8,0.435,0.7849999999999999,3122.03821656051
P6920,2125.96,0.331,0.681,3121.820851688693
P2287,1092.58,0.0,0.35,3121.657142857143
P2653,2125.3599999999997,0.331,0.681,3120.93979441997
P5995,3806.9900000000002,0.87,1.22,3120.4836065573772
P1915,1092.05,0.0,0.35,3120.1428571428573
P6733,3481.79,0.766,1.116,3119.8835125448027
P7333,3157.2,0.662,1.012,3119.762845849802
P6106,1740.51,0.208,0.5579999999999999,3119.193548387097
P2225,1415.66,0.104,0.45399999999999996,3118.1938325991196
P5697,1091.27,0.0,0.35,3117.914285714286
P0236,3802.69,0.87,1.22,3116.9590163934427
P3528,2122.48,0.331,0.681,3116.710719530103
P4292,4184.87,0.9930000000000001,1.343,3116.061057334326
P2729,3153.27,0.662,1.012,3115.879446640316
P5969,2121.42,0.331,0.681,3115.1541850220265
P7265,2444.0899999999997,0.435,0.7849999999999999,3113.4904458598726
P2089,2119.7,0.331,0.681,3112.628487518355
P4170,1089.25,0.0,0.35,3112.1428571428573
P0582,2119.3,0.331,0.681,3112.041116005874
P0911,1089.07,0.0,0.35,3111.6285714285714
P4980,2118.99,0.331,0.681,3111.5859030837
P0197,2764.86,0.539,0.889,3110.0787401574803
P7180,1088.5,0.0,0.35,3110.0
P5460,1734.16,0.208,0.5579999999999999,3107.813620071685
P2226,1410.82,0.104,0.45399999999999996,3107.5330396475774
P4860,1087.53,0.0,0.35,3107.2285714285717
P0599,2438.59,0.435,0.7849999999999999,3106.4840764331216
P0662,1410.15,0.104,0.45399999999999996,3106.0572687224676
P4420,1087.06,0.0,0.35,3105.885714285714
P2373,3142.34,0.662,1.012,3105.0790513833995
P2738,2759.79,0.539,0.889,3104.3757030371203
P7247,1086.47,0.0,0.35,3104.2000000000003
P6787,1731.33,0.208,0.5579999999999999,3102.741935483871
P0956,2435.5,0.435,0.7849999999999999,3102.547770700637
P0835,1408.3899999999999,0.104,0.45399999999999996,3102.180616740088
P5416,2112.4700000000003,0.331,0.681,3102.0117474302497
P2582,3139.15,0.662,1.012,3101.926877470356
P7588,2435.0,0.435,0.7849999999999999,3101.910828025478
P4711,1408.04,0.104,0.45399999999999996,3101.4096916299563
P5696,2110.9,0.331,0.681,3099.706314243759
P0400,2110.75,0.331,0.681,3099.4860499265783
P3610,2051.79,0.312,0.6619999999999999,3099.380664652568
P2302,3135.13,0.662,1.012,3097.9545454545455
P0830,2109.6,0.331,0.681,3097.7973568281936
P5789,1728.06,0.208,0.5579999999999999,3096.8817204301076
P7707,3776.21,0.87,1.22,3095.254098360656
P4478,1726.41,0.208,0.5579999999999999,3093.924731182796
P1083,2106.69,0.331,0.681,3093.5242290748897
P3867,3127.81,0.662,1.012,3090.7213438735175
P0985,1081.59,0.0,0.35,3090.2571428571428
P0075,2425.82,0.435,0.7849999999999999,3090.2165605095547
P7447,2104.21,0.331,0.681,3089.8825256975033
P0778,1081.1499999999999,0.0,0.35,3089.0
P4129,1723.64,0.208,0.5579999999999999,3088.960573476703
P2987,1723.43,0.208,0.5579999999999999,3088.5842293906812
P7563,1080.9299999999998,0.0,0.35,3088.371428571428
P0263,3066.55,0.643,0.993,3088.1671701913397
P5923,1723.05,0.208,0.5579999999999999,3087.9032258064517
P2162,2102.67,0.331,0.681,3087.621145374449
P5916,3065.8900000000003,0.643,0.993,3087.502517623364
P5284,1080.56,0.0,0.35,3087.3142857142857
P4680,1401.63,0.104,0.45399999999999996,3087.290748898679
P4404,2102.2799999999997,0.331,0.681,3087.048458149779
P7358,2423.31,0.435,0.7849999999999999,3087.019108280255
P3682,2102.23,0.331,0.681,3086.9750367107195
P6943,1080.01,0.0,0.35,3085.7428571428572
P0889,1079.62,0.0,0.35,3084.6285714285714
P6438,2100.25,0.331,0.681,3084.067547723935
P5327,1079.28,0.0,0.35,3083.657142857143
P0198,2420.67,0.435,0.7849999999999999,3083.6560509554142
P6607,1399.51,0.104,0.45399999999999996,3082.6211453744495
P4332,1078.83,0.0,0.35,3082.3714285714286
P3523,2419.29,0.435,0.7849999999999999,3081.898089171975
P1511,1399.16,0.104,0.45399999999999996,3081.8502202643176
P6208,1399.12,0.104,0.45399999999999996,3081.762114537445
P5934,2418.59,0.435,0.7849999999999999,3081.006369426752
P1657,1719.09,0.208,0.5579999999999999,3080.8064516129034
P1964,1077.9,0.0,0.35,3079.7142857142862
P7463,2096.37,0.331,0.681,3078.3700440528632
P3119,2095.5699999999997,0.331,0.681,3077.1953010278994
P1693,1077.0,0.0,0.35,3077.1428571428573
P7320,2095.15,0.331,0.681,3076.5785609397944
P2824,1396.6,0.104,0.45399999999999996,3076.2114537444936
P7250,3113.09,0.662,1.012,3076.1758893280635
P3982,2094.7,0.331,0.681,3075.917767988252
P6918,5148.05,1.324,1.674,3075.298685782557
P0076,2413.93,0.435,0.7849999999999999,3075.0700636942674
P3499,3431.74,0.766,1.116,3075.035842293906
P2948,1076.25,0.0,0.35,3075.0
P5837,1076.2,0.0,0.35,3074.857142857143
P7884,2412.83,0.435,0.7849999999999999,3073.6687898089176
P2127,3428.92,0.766,1.116,3072.5089605734765
P5174,2411.7,0.435,0.7849999999999999,3072.229299363057
P2153,1075.16,0.0,0.35,3071.8857142857146
P0578,2091.7999999999997,0.331,0.681,3071.65932452276
P4599,2411.24,0.435,0.7849999999999999,3071.643312101911
P7336,1394.46,0.104,0.45399999999999996,3071.4977973568284
P7730,1074.78,0.0,0.35,3070.8
P4674,1074.47,0.0,0.35,3069.914285714286
P3537,2728.87,0.539,0.889,3069.5950506186723
P5767,1393.1399999999999,0.104,0.45399999999999996,3068.590308370044
P4362,1392.97,0.104,0.45399999999999996,3068.2158590308372
P1357,2089.17,0.331,0.681,3067.7973568281936
P6396,1392.75,0.104,0.45399999999999996,3067.7312775330397
P6296,1073.58,0.0,0.35,3067.3714285714286
P6673,2088.79,0.331,0.681,3067.239353891336
P4746,1073.11,0.0,0.35,3066.0285714285715
P1223,1709.25,0.208,0.5579999999999999,3063.172043010753
P6801,2085.28,0.331,0.681,3062.08516886931
P0747,3097.78,0.662,1.012,3061.0474308300395
P6595,2084.33,0.331,0.681,3060.6901615271654
P3070,1389.1999999999998,0.104,0.45399999999999996,3059.9118942731275
P7219,3414.7,0.766,1.116,3059.7670250896053
P0048,2083.4,0.331,0.681,3059.3245227606462
P3264,2024.8200000000002,0.312,0.6619999999999999,3058.6404833836864
P2607,1387.86,0.104,0.45399999999999996,3056.9603524229074
P1032,2399.65,0.435,0.7849999999999999,3056.87898089172
P6230,2081.39,0.331,0.681,3056.372980910425
P0855,2081.34,0.331,0.681,3056.2995594713657
P7644,3092.66,0.662,1.012,3055.98814229249
P0998,3409.98,0.766,1.116,3055.5376344086017
P2534,2080.59,0.331,0.681,3055.1982378854627
P3142,2397.31,0.435,0.7849999999999999,3053.898089171975
P4473,1386.02,0.104,0.45399999999999996,3052.9074889867843
P6730,2078.9500000000003,0.331,0.681,3052.790014684288
P7474,1703.3799999999999,0.208,0.5579999999999999,3052.652329749104
P7724,3406.01,0.766,1.116,3051.980286738351
P1741,2076.65,0.331,0.681,3049.4126284875183
P7534,2393.33,0.435,0.7849999999999999,3048.8280254777073
P6572,1066.3999999999999,0.0,0.35,3046.8571428571427
P2717,1700.1,0.208,0.5579999999999999,3046.7741935483873
P7047,2391.3199999999997,0.435,0.7849999999999999,3046.267515923567
P4083,2015.9099999999999,0.312,0.6619999999999999,3045.1812688821756
P3335,1065.36,0.0,0.35,3043.885714285714
P6815,3080.24,0.662,1.012,3043.7154150197625
P0970,2388.5499999999997,0.435,0.7849999999999999,3042.7388535031846
P7533,1064.9,0.0,0.35,3042.571428571429
P6745,2071.98,0.331,0.681,3042.555066079295
P5069,5409.32,1.428,1.778,3042.3622047244094
P3692,1064.54,0.0,0.35,3041.5428571428574
P0801,1064.49,0.0,0.35,3041.4
P7402,1380.4,0.104,0.45399999999999996,3040.528634361234
P3908,1064.14,0.0,0.35,3040.4000000000005
P2374,1063.89,0.0,0.35,3039.6857142857148
P2609,1695.94,0.208,0.5579999999999999,3039.318996415771
P6462,1063.6799999999998,0.0,0.35,3039.085714285714
P4834,1379.67,0.104,0.45399999999999996,3038.9207048458156
P1284,1062.8,0.0,0.35,3036.5714285714284
P1624,1694.26,0.208,0.5579999999999999,3036.308243727599
P2473,1062.5,0.0,0.35,3035.714285714286
P7693,1062.27,0.0,0.35,3035.057142857143
P7491,2382.27,0.435,0.7849999999999999,3034.738853503185
P2636,1061.9199999999998,0.0,0.35,3034.0571428571425
P1205,3385.6,0.766,1.116,3033.691756272401
P5481,2381.18,0.435,0.7849999999999999,3033.3503184713377
P3044,1376.85,0.104,0.45399999999999996,3032.7092511013216
P4608,3699.36,0.87,1.22,3032.2622950819673
P2886,1060.95,0.0,0.35,3031.2857142857147
P7973,2379.5299999999997,0.435,0.7849999999999999,3031.248407643312
P0449,2378.5800000000004,0.435,0.7849999999999999,3030.03821656051
P4941,2063.4100000000003,0.331,0.681,3029.9706314243763
P2355,1690.71,0.208,0.5579999999999999,3029.9462365591403
P5432,2378.09,0.435,0.7849999999999999,3029.414012738854
P6498,2062.5499999999997,0.331,0.681,3028.70778267254
P5635,2062.54,0.331,0.681,3028.6930983847283
P6353,1059.63,0.0,0.35,3027.5142857142864
P1656,2060.95,0.331,0.681,3026.358296622613
P1102,3062.27,0.662,1.012,3025.9584980237155
P2067,1059.02,0.0,0.35,3025.7714285714287
P4728,4689.68,1.201,1.5510000000000002,3023.6492585428755
P4111,1686.5100000000002,0.208,0.5579999999999999,3022.41935483871
P2936,2057.68,0.331,0.681,3021.556534508076
P7946,1371.4799999999998,0.104,0.45399999999999996,3020.881057268722
P5894,2685.3500000000004,0.539,0.889,3020.6411698537686
P7846,1371.37,0.104,0.45399999999999996,3020.638766519824
P0425,1056.97,0.0,0.35,3019.914285714286
P4252,2055.7000000000003,0.331,0.681,3018.6490455212925
P5311,2369.36,0.435,0.7849999999999999,3018.2929936305736
P6941,3994.08,0.974,1.3239999999999998,3016.6767371601213
P6927,1055.6399999999999,0.0,0.35,3016.1142857142854
P0072,1369.31,0.104,0.45399999999999996,3016.1013215859034
P4426,1055.47,0.0,0.35,3015.628571428572
P6021,2367.16,0.435,0.7849999999999999,3015.4904458598726
P3285,1368.27,0.104,0.45399999999999996,3013.810572687225
P4073,2052.02,0.331,0.681,3013.245227606461
P3414,1054.51,0.0,0.35,3012.8857142857146
P4195,1054.25,0.0,0.35,3012.1428571428573
P7564,2051.24,0.331,0.681,3012.0998531571213
P2136,1367.24,0.104,0.45399999999999996,3011.5418502202647
P3589,1053.97,0.0,0.35,3011.3428571428576
P6617,3360.2200000000003,0.766,1.116,3010.9498207885304
P1840,3672.75,0.87,1.22,3010.4508196721313
P5388,2049.91,0.331,0.681,3010.14684287812
P5620,2675.68,0.539,0.889,3009.7637795275587
P6989,1053.36,0.0,0.35,3009.6
P3154,3045.44,0.662,1.012,3009.3280632411065
P1045,1052.85,0.0,0.35,3008.142857142857
P1208,2361.17,0.435,0.7849999999999999,3007.8598726114656
P6342,1052.14,0.0,0.35,3006.1142857142863
P5704,2359.71,0.435,0.7849999999999999,3006.0000000000005
P2688,1052.1,0.0,0.35,3006.0
P4965,1677.31,0.208,0.5579999999999999,3005.9318996415773
P0120,3041.0,0.662,1.012,3004.9407114624505
P1299,1364.16,0.104,0.45399999999999996,3004.757709251102
P4640,2046.18,0.331,0.681,3004.669603524229
P1769,2046.18,0.331,0.681,3004.669603524229
P7307,1051.3500000000001,0.0,0.35,3003.8571428571436
P2080,3350.6200000000003,0.766,1.116,3002.347670250896
P4153,2356.64,0.435,0.7849999999999999,3002.0891719745223
P4647,1362.77,0.104,0.45399999999999996,3001.696035242291
P7934,1050.52,0.0,0.35,3001.4857142857145
P4174,2043.4299999999998,0.331,0.681,3000.6314243759175
P6552,2043.3600000000001,0.331,0.681,3000.5286343612333
P3164,1050.18,0.0,0.35,3000.514285714286
P4284,1050.12,0.0,0.35,3000.342857142857
P4116,1361.73,0.104,0.45399999999999996,2999.4052863436127
P3265,2353.79,0.435,0.7849999999999999,2998.458598726115
P2455,2041.72,0.331,0.681,2998.1204111600587
P0829,1049.34,0.0,0.35,2998.114285714286
P7872,1360.53,0.104,0.45399999999999996,2996.762114537445
P2333,2040.12,0.331,0.681,2995.770925110132
P2745,2662.52,0.539,0.889,2994.9606299212596
P4264,1047.8700000000001,0.0,0.35,2993.914285714286
P0483,3340.9,0.766,1.116,2993.637992831541
P5446,1358.98,0.104,0.45399999999999996,2993.3480176211456
P3892,2038.03,0.331,0.681,2992.7019089574155
P0109,2348.97,0.435,0.7849999999999999,2992.3184713375795
P5788,4328.719999999999,1.097,1.447,2991.513476157567
P7353,1046.9099999999999,0.0,0.35,2991.1714285714284
P1733,1357.93,0.104,0.45399999999999996,2991.0352422907495
P7604,1046.73,0.0,0.35,2990.6571428571433
P3946,3647.01,0.87,1.22,2989.352459016394
P3463,1357.1299999999999,0.104,0.45399999999999996,2989.273127753304
P5928,1978.42,0.312,0.6619999999999999,2988.5498489425986
P3877,1045.78,0.0,0.35,2987.942857142857
P3976,1356.52,0.104,0.45399999999999996,2987.9295154185024
P1664,2965.33,0.643,0.993,2986.2336354481367
P0084,2033.58,0.331,0.681,2986.167400881057
P5765,1045.05,0.0,0.35,2985.857142857143
P5148,1355.43,0.104,0.45399999999999996,2985.528634361234
P3098,1044.52,0.0,0.35,2984.342857142857
P6238,2342.2,0.435,0.7849999999999999,2983.6942675159235
P7651,2030.82,0.331,0.681,2982.114537444934
P1531,2030.62,0.331,0.681,2981.8208516886925
P2356,2030.45,0.331,0.681,2981.5712187958884
P7118,1043.48,0.0,0.35,2981.3714285714286
P0367,2029.9499999999998,0.331,0.681,2980.837004405286
P5870,3015.84,0.662,1.012,2980.0790513833995
P4961,1041.9299999999998,0.0,0.35,2976.942857142857
P0138,2026.9099999999999,0.331,0.681,2976.372980910425
P6830,2026.18,0.331,0.681,2975.301027900147
P0586,2334.7599999999998,0.435,0.7849999999999999,2974.2165605095543
P3126,1350.27,0.104,0.45399999999999996,2974.1629955947137
P6999,1350.07,0.104,0.45399999999999996,2973.7224669603524
P5853,1658.8899999999999,0.208,0.5579999999999999,2972.9211469534052
P2362,1040.48,0.0,0.35,2972.8
P0843,1040.33,0.0,0.35,2972.3714285714286
P7210,2332.57,0.435,0.7849999999999999,2971.426751592357
P4831,1348.77,0.104,0.45399999999999996,2970.8590308370044
P5866,3623.62,0.87,1.22,2970.1803278688526
P7282,1348.09,0.104,0.45399999999999996,2969.3612334801765
P2081,1348.07,0.104,0.45399999999999996,2969.31718061674
P3666,1655.0,0.208,0.5579999999999999,2965.949820788531
P4319,2327.63,0.435,0.7849999999999999,2965.133757961784
P3478,2019.1799999999998,0.331,0.681,2965.0220264317177
P7670,2326.83,0.435,0.7849999999999999,2964.114649681529
P1163,3306.06,0.766,1.116,2962.4193548387093
P4494,2633.1,0.539,0.889,2961.867266591676
P3073,2325.02,0.435,0.7849999999999999,2961.8089171974525
P3293,1036.56,0.0,0.35,2961.6
P6608,1344.26,0.104,0.45399999999999996,2960.925110132159
P2583,2995.2599999999998,0.662,1.012,2959.7430830039525
P7086,1035.69,0.0,0.35,2959.114285714286
P7193,2937.39,0.643,0.993,2958.09667673716
P1609,2933.19,0.643,0.993,2953.867069486405
P4316,1033.8,0.0,0.35,2953.714285714286
P1878,2318.13,0.435,0.7849999999999999,2953.031847133758
P5984,3909.6800000000003,0.974,1.3239999999999998,2952.9305135951668
P0542,2010.6799999999998,0.331,0.681,2952.5403817914826
P6387,1646.79,0.208,0.5579999999999999,2951.236559139785
P4098,1032.82,0.0,0.35,2950.9142857142856
P1087,1032.16,0.0,0.35,2949.028571428572
P4410,1645.38,0.208,0.5579999999999999,2948.7096774193556
P4104,1031.87,0.0,0.35,2948.2
P6615,2007.6200000000001,0.331,0.681,2948.0469897209987
P4669,1031.64,0.0,0.35,2947.5428571428574
P5506,1031.42,0.0,0.35,2946.914285714286
P5041,2006.6899999999998,0.331,0.681,2946.681350954478
P2321,2006.18,0.331,0.681,2945.9324522760644
P1469,3593.88,0.87,1.22,2945.8032786885246
P3916,1030.73,0.0,0.35,2944.9428571428575
P1442,2615.98,0.539,0.889,2942.609673790776
P3459,1947.82,0.312,0.6619999999999999,2942.3262839879158
P3246,2615.55,0.539,0.889,2942.1259842519685
P5028,1029.49,0.0,0.35,2941.4
P4396,1640.24,0.208,0.5579999999999999,2939.498207885305
P1214,1333.99,0.104,0.45399999999999996,2938.3039647577093
P4196,2000.74,0.331,0.681,2937.944199706314
P7079,2000.4499999999998,0.331,0.681,2937.5183553597644
P1485,3277.65,0.766,1.116,2936.962365591398
P5903,1333.22,0.104,0.45399999999999996,2936.6079295154186
P0226,1332.8500000000001,0.104,0.45399999999999996,2935.792951541851
P0755,1332.77,0.104,0.45399999999999996,2935.616740088106
P6390,1332.43,0.104,0.45399999999999996,2934.867841409692
P4106,1332.12,0.104,0.45399999999999996,2934.185022026432
P2509,1637.08,0.208,0.5579999999999999,2933.835125448029
P0295,2607.72,0.539,0.889,2933.3183352080987
P1346,1997.26,0.331,0.681,2932.834067547724
P5561,1635.99,0.208,0.5579999999999999,2931.8817204301076
P3351,1330.91,0.104,0.45399999999999996,2931.5198237885465
P2911,1996.1999999999998,0.331,0.681,2931.277533039647
P3435,1330.6100000000001,0.104,0.45399999999999996,2930.859030837005
P1719,1995.5,0.331,0.681,2930.2496328928046
P1058,1025.35,0.0,0.35,2929.5714285714284
P7083,1329.77,0.104,0.45399999999999996,2929.0088105726873
P5858,2963.84,0.662,1.012,2928.695652173913
P2131,1329.46,0.104,0.45399999999999996,2928.3259911894274
P3874,1993.9700000000003,0.331,0.681,2928.0029368575624
P6415,1993.96,0.331,0.681,2927.9882525697503
P0043,1992.8700000000001,0.331,0.681,2926.3876651982378
P1527,2296.57,0.435,0.7849999999999999,2925.5668789808924
P3467,2296.39,0.435,0.7849999999999999,2925.3375796178343
P7997,1991.85,0.331,0.681,2924.8898678414093
P1203,1327.88,0.104,0.45399999999999996,2924.845814977974
P5699,1023.29,0.0,0.35,2923.6857142857143
P4632,2294.5600000000004,0.435,0.7849999999999999,2923.0063694267524
P3686,1022.96,0.0,0.35,2922.7428571428572
P0208,2293.56,0.435,0.7849999999999999,2921.732484076433
P5298,2293.55,0.435,0.7849999999999999,2921.7197452229307
P1291,1933.79,0.312,0.6619999999999999,2921.1329305135955
P4523,2955.09,0.662,1.012,2920.0494071146245
P5334,3258.67,0.766,1.116,2919.9551971326164
P2457,1325.02,0.104,0.45399999999999996,2918.5462555066083
P3957,2290.9300000000003,0.435,0.7849999999999999,2918.3821656050964
P1773,2594.43,0.539,0.889,2918.368953880765
P0232,1324.81,0.104,0.45399999999999996,2918.083700440529
P6248,2290.61,0.435,0.7849999999999999,2917.974522292994
P5205,1324.45,0.104,0.45399999999999996,2917.290748898679
P5913,1020.89,0.0,0.35,2916.8285714285716
P1100,1020.81,0.0,0.35,2916.6
P5441,1627.45,0.208,0.5579999999999999,2916.5770609319
P2476,2287.5,0.435,0.7849999999999999,2914.0127388535034
P4444,1019.6500000000001,0.0,0.35,2913.2857142857147
P1942,2947.98,0.662,1.012,2913.0237154150195
P1952,1983.44,0.331,0.681,2912.540381791483
P0648,1982.8500000000001,0.331,0.681,2911.6740088105726
P1418,2285.33,0.435,0.7849999999999999,2911.2484076433125
P3175,2587.66,0.539,0.889,2910.7536557930257
P3066,3551.04,0.87,1.22,2910.688524590164
P3191,1321.32,0.104,0.45399999999999996,2910.396475770925
P2024,3247.5,0.766,1.116,2909.9462365591394
P1833,1981.59,0.331,0.681,2909.8237885462554
P3362,1321.05,0.104,0.45399999999999996,2909.8017621145377
P1396,1981.3700000000001,0.331,0.681,2909.5007342143904
P0849,2283.86,0.435,0.7849999999999999,2909.3757961783444
P2026,1320.64,0.104,0.45399999999999996,2908.8986784140975
P7848,1018.04,0.0,0.35,2908.6857142857143
P0559,1017.49,0.0,0.35,2907.114285714286
P7978,1622.09,0.208,0.5579999999999999,2906.971326164875
P4525,1979.5299999999997,0.331,0.681,2906.7988252569744
P3409,1978.67,0.331,0.681,2905.5359765051394
P7361,1318.93,0.104,0.45399999999999996,2905.132158590309
P3954,1978.3000000000002,0.331,0.681,2904.992657856094
P4563,2939.06,0.662,1.012,2904.209486166008
P0083,1016.4,0.0,0.35,2904.0
P4661,1317.35,0.104,0.45399999999999996,2901.651982378855
P7928,2277.72,0.435,0.7849999999999999,2901.5541401273886
P7685,1316.51,0.104,0.45399999999999996,2899.8017621145377
P4500,1974.4899999999998,0.331,0.681,2899.3979441997058
P6082,2276.0099999999998,0.435,0.7849999999999999,2899.375796178344
P3530,1014.74,0.0,0.35,2899.257142857143
P2873,2933.88,0.662,1.012,2899.090909090909
P6690,1014.5300000000001,0.0,0.35,2898.6571428571433
P3655,1014.3,0.0,0.35,2898.0
P5071,3891.2,0.9930000000000001,1.343,2897.3938942665673
P5724,1315.25,0.104,0.45399999999999996,2897.0264317180618
P7089,2930.76,0.662,1.012,2896.00790513834
P3672,1314.62,0.104,0.45399999999999996,2895.638766519824
P4566,1013.1899999999999,0.0,0.35,2894.8285714285716
P4664,2928.12,0.662,1.012,2893.399209486166
P5130,1970.3999999999999,0.331,0.681,2893.392070484581
P1578,1969.3,0.331,0.681,2891.7767988252567
P3271,2569.11,0.539,0.889,2889.8875140607424
P3086,1011.24,0.0,0.35,2889.257142857143
P4125,1967.2199999999998,0.331,0.681,2888.722466960352
P6486,1010.81,0.0,0.35,2888.0285714285715
P0482,2512.35,0.52,0.87,2887.758620689655
P4765,2867.4700000000003,0.643,0.993,2887.683786505539
P0738,3221.91,0.766,1.116,2887.0161290322576
P5977,1310.41,0.104,0.45399999999999996,2886.36563876652
P1993,2264.92,0.435,0.7849999999999999,2885.2484076433125
P1397,1309.82,0.104,0.45399999999999996,2885.0660792951544
P7127,1964.48,0.331,0.681,2884.698972099853
P1550,1009.34,0.0,0.35,2883.8285714285716
P4768,2918.3599999999997,0.662,1.012,2883.754940711462
P7166,1008.5699999999999,0.0,0.35,2881.6285714285714
P1457,2915.17,0.662,1.012,2880.602766798419
P1763,1008.19,0.0,0.35,2880.5428571428574
P7468,1307.26,0.104,0.45399999999999996,2879.427312775331
P3760,1306.68,0.104,0.45399999999999996,2878.1497797356833
P5279,1959.76,0.331,0.681,2877.7679882525695
P3326,1959.49,0.331,0.681,2877.3715124816445
P6618,1605.56,0.208,0.5579999999999999,2877.347670250896
P7355,2258.63,0.435,0.7849999999999999,2877.2356687898096
P0087,1306.21,0.104,0.45399999999999996,2877.1145374449343
P6863,1006.93,0.0,0.35,2876.942857142857
P0602,1006.71,0.0,0.35,2876.314285714286
P2709,2909.79,0.662,1.012,2875.286561264822
P1005,1957.53,0.331,0.681,2874.4933920704843
P4773,1304.65,0.104,0.45399999999999996,2873.6784140969166
P5037,1005.61,0.0,0.35,2873.171428571429
P3097,1005.5300000000001,0.0,0.35,2872.9428571428575
P7936,1005.5,0.0,0.35,2872.857142857143
P1820,1956.25,0.331,0.681,2872.613803230543
P6267,1005.3899999999999,0.0,0.35,2872.542857142857
P7266,1956.18,0.331,0.681,2872.511013215859
P3556,3857.5699999999997,0.9930000000000001,1.343,2872.3529411764703
P6514,1952.92,0.331,0.681,2867.7239353891337
P4830,3796.62,0.974,1.3239999999999998,2867.5377643504535
P6333,1002.94,0.0,0.35,2865.5428571428574
P2626,1950.71,0.331,0.681,2864.4787077826722
P2619,1002.25,0.0,0.35,2863.571428571429
P1474,1950.08,0.331,0.681,2863.5535976505134
P7108,2544.76,0.539,0.889,2862.497187851519
P6520,2246.46,0.435,0.7849999999999999,2861.7324840764336
P1097,1298.7800000000002,0.104,0.45399999999999996,2860.7488986784147
P3094,1001.23,0.0,0.35,2860.6571428571433
P5142,2245.21,0.435,0.7849999999999999,2860.1401273885353
P0452,1947.21,0.331,0.681,2859.339207048458
P3779,1297.54,0.104,0.45399999999999996,2858.0176211453745
P3117,1297.21,0.104,0.45399999999999996,2857.290748898679
P5007,999.72,0.0,0.35,2856.3428571428576
P4568,1296.4099999999999,0.104,0.45399999999999996,2855.5286343612333
P6410,1889.9299999999998,0.312,0.6619999999999999,2854.87915407855
P2787,1943.71,0.331,0.681,2854.1997063142435
P4493,2239.43,0.435,0.7849999999999999,2852.7770700636943
P7457,997.42,0.0,0.35,2849.7714285714287
P3367,2533.1899999999996,0.539,0.889,2849.4825646794147
P4770,2883.6099999999997,0.662,1.012,2849.4169960474305
P3994,1940.08,0.331,0.681,2848.8693098384724
P7183,997.08,0.0,0.35,2848.8
P1577,2532.41,0.539,0.889,2848.6051743532057
P6858,1939.44,0.331,0.681,2847.929515418502
P4302,2235.5299999999997,0.435,0.7849999999999999,2847.808917197452
P4808,1939.11,0.331,0.681,2847.4449339207044
P1309,3473.12,0.87,1.22,2846.8196721311474
P2016,2234.2799999999997,0.435,0.7849999999999999,2846.2165605095543
P2113,2179.9700000000003,0.416,0.766,2845.9138381201046
P1000,1587.8600000000001,0.208,0.5579999999999999,2845.62724014337
P0798,995.76,0.0,0.35,2845.0285714285715
P4620,1291.62,0.104,0.45399999999999996,2844.977973568282
P0357,4115.139999999999,1.097,1.447,2843.911541119557
P3844,2877.8199999999997,0.662,1.012,2843.6956521739125
P6102,2231.94,0.435,0.7849999999999999,2843.235668789809
P0239,2230.97,0.435,0.7849999999999999,2842.0
P7618,2230.66,0.435,0.7849999999999999,2841.605095541401
P5773,1585.23,0.208,0.5579999999999999,2840.913978494624
P3510,2229.9700000000003,0.435,0.7849999999999999,2840.726114649682
P4785,993.8599999999999,0.0,0.35,2839.6
P3914,2229.06,0.435,0.7849999999999999,2839.566878980892
P3997,1288.93,0.104,0.45399999999999996,2839.052863436124
P4240,2228.1,0.435,0.7849999999999999,2838.343949044586
P4841,2228.06,0.435,0.7849999999999999,2838.2929936305736
P7058,2872.24,0.662,1.012,2838.181818181818
P0508,2871.16,0.662,1.012,2837.1146245059285
P5391,3461.18,0.87,1.22,2837.032786885246
P2498,1287.98,0.104,0.45399999999999996,2836.960352422908
P1928,992.9,0.0,0.35,2836.857142857143
P0813,1931.88,0.331,0.681,2836.828193832599
P6722,2225.98,0.435,0.7849999999999999,2835.6433121019113
P5068,1285.98,0.104,0.45399999999999996,2832.5550660792956
P6672,2222.21,0.435,0.7849999999999999,2830.8407643312107
P6369,1285.0,0.104,0.45399999999999996,2830.3964757709255
P2200,990.54,0.0,0.35,2830.114285714286
P0589,990.48,0.0,0.35,2829.9428571428575
P4871,990.2,0.0,0.35,2829.1428571428573
P5733,3799.02,0.9930000000000001,1.343,2828.7565152643338
P0062,1283.93,0.104,0.45399999999999996,2828.039647577093
P5015,1925.54,0.331,0.681,2827.518355359765
P6987,989.61,0.0,0.35,2827.457142857143
P3323,1925.1,0.331,0.681,2826.872246696035
P4270,1576.7,0.208,0.5579999999999999,2825.6272401433694
P0324,2858.91,0.662,1.012,2825.0098814229245
P7254,2856.97,0.662,1.012,2823.092885375494
P2386,987.87,0.0,0.35,2822.4857142857145
P7807,987.87,0.0,0.35,2822.4857142857145
P7337,987.8,0.0,0.35,2822.285714285714
P2839,987.76,0.0,0.35,2822.171428571429
P1413,1281.17,0.104,0.45399999999999996,2821.960352422908
P3905,1281.07,0.104,0.45399999999999996,2821.740088105727
P4918,4375.61,1.201,1.5510000000000002,2821.154094132817
P1801,2507.1400000000003,0.539,0.889,2820.1799775028126
P6548,1920.15,0.331,0.681,2819.603524229075
P4215,1279.48,0.104,0.45399999999999996,2818.2378854625554
P3808,1279.3000000000002,0.104,0.45399999999999996,2817.841409691631
P7016,1918.67,0.331,0.681,2817.430249632893
P6310,1278.9,0.104,0.45399999999999996,2816.960352422908
P1720,985.28,0.0,0.35,2815.0857142857144
P1195,1916.9199999999998,0.331,0.681,2814.860499265785
P0416,1916.3800000000003,0.331,0.681,2814.0675477239356
P2646,1277.0,0.104,0.45399999999999996,2812.775330396476
P6727,984.3799999999999,0.0,0.35,2812.5142857142855
P3429,2207.81,0.435,0.7849999999999999,2812.4968152866245
P1646,1569.29,0.208,0.5579999999999999,2812.3476702508965
P2805,984.1199999999999,0.0,0.35,2811.7714285714283
P6544,2843.71,0.662,1.012,2809.990118577075
P5310,983.43,0.0,0.35,2809.8
P6631,1275.6100000000001,0.104,0.45399999999999996,2809.7136563876657
P1110,1275.51,0.104,0.45399999999999996,2809.493392070485
P7472,2496.14,0.539,0.889,2807.806524184477
P7514,1274.73,0.104,0.45399999999999996,2807.775330396476
P4026,982.58,0.0,0.35,2807.371428571429
P2801,3132.04,0.766,1.116,2806.4874551971325
P7789,1911.02,0.331,0.681,2806.196769456681
P1089,1273.88,0.104,0.45399999999999996,2805.903083700441
P0875,2839.56,0.662,1.012,2805.889328063241
P2908,1909.9,0.331,0.681,2804.5521292217327
P2697,981.3100000000001,0.0,0.35,2803.7428571428577
P1490,3420.4300000000003,0.87,1.22,2803.631147540984
P4864,981.22,0.0,0.35,2803.4857142857145
P4314,981.1899999999999,0.0,0.35,2803.4
P0771,981.1600000000001,0.0,0.35,2803.314285714286
P3671,2199.25,0.435,0.7849999999999999,2801.5923566878982
P3782,2145.84,0.416,0.766,2801.3577023498697
P3046,1271.77,0.104,0.45399999999999996,2801.25550660793
P5151,3072.09,0.747,1.097,2800.446672743847
P7165,1907.1,0.331,0.681,2800.440528634361
P2076,1271.32,0.104,0.45399999999999996,2800.2643171806167
P6952,979.41,0.0,0.35,2798.3142857142857
P5275,979.27,0.0,0.35,2797.914285714286
P1854,1904.91,0.331,0.681,2797.224669603524
P6457,3121.46,0.766,1.116,2797.007168458781
P7076,978.85,0.0,0.35,2796.714285714286
P5630,978.06,0.0,0.35,2794.457142857143
P7497,1268.39,0.104,0.45399999999999996,2793.810572687225
P6665,2826.09,0.662,1.012,2792.5790513833995
P4553,2191.4,0.435,0.7849999999999999,2791.5923566878987
P5039,976.81,0.0,0.35,2790.885714285714
P6879,976.76,0.0,0.35,2790.7428571428572
P7821,1266.8000000000002,0.104,0.45399999999999996,2790.3083700440534
P0735,3746.98,0.9930000000000001,1.343,2790.0074460163814
P2046,976.49,0.0,0.35,2789.971428571429
P6649,1899.92,0.331,0.681,2789.897209985316
P3399,976.1600000000001,0.0,0.35,2789.028571428572
P3350,1899.13,0.331,0.681,2788.7371512481645
P1234,975.85,0.0,0.35,2788.1428571428573
P5927,1265.46,0.104,0.45399999999999996,2787.356828193833
P5407,975.1500000000001,0.0,0.35,2786.142857142858
P7151,1554.59,0.208,0.5579999999999999,2786.003584229391
P1616,2186.91,0.435,0.7849999999999999,2785.872611464968
P3990,1264.54,0.104,0.45399999999999996,2785.330396475771
P7326,1896.47,0.331,0.681,2784.8311306901614
P7026,973.7,0.0,0.35,2782.0000000000005
P7087,2183.57,0.435,0.7849999999999999,2781.617834394905
P1935,2183.1,0.435,0.7849999999999999,2781.019108280255
P7328,2182.38,0.435,0.7849999999999999,2780.101910828026
P5556,1261.93,0.104,0.45399999999999996,2779.5814977973573
P0809,1892.06,0.331,0.681,2778.355359765051
P0787,972.41,0.0,0.35,2778.3142857142857
P6048,2180.73,0.435,0.7849999999999999,2778.0000000000005
P4873,1891.56,0.331,0.681,2777.621145374449
P7064,1891.42,0.331,0.681,2777.4155653450807
P1124,971.98,0.0,0.35,2777.0857142857144
P7822,1890.48,0.331,0.681,2776.0352422907486
P0375,971.4,0.0,0.35,2775.4285714285716
P2280,2467.32,0.5389999999999999,0.8889999999999999,2775.3880764904393
P6687,1259.9299999999998,0.104,0.45399999999999996,2775.1762114537446
P5511,971.1700000000001,0.0,0.35,2774.771428571429
P2019,2178.06,0.435,0.7849999999999999,2774.5987261146497
P1156,2177.64,0.435,0.7849999999999999,2774.063694267516
P4067,1888.7399999999998,0.331,0.681,2773.480176211453
P1307,3094.0600000000004,0.766,1.116,2772.4551971326164
P5403,1887.46,0.331,0.681,2771.600587371512
P2140,970.01,0.0,0.35,2771.457142857143
P3520,3380.81,0.87,1.22,2771.155737704918
P7597,1886.44,0.331,0.681,2770.102790014684
P1870,1885.9,0.331,0.681,2769.309838472834
P4956,2173.88,0.435,0.7849999999999999,2769.273885350319
P6329,1885.77,0.331,0.681,2769.1189427312775
P3881,1885.31,0.331,0.681,2768.4434654919232
P4475,968.7,0.0,0.35,2767.7142857142862
P6349,968.61,0.0,0.35,2767.457142857143
P0545,2800.1,0.662,1.012,2766.897233201581
P5680,2459.15,0.539,0.889,2766.1979752530933
P0188,1883.0600000000002,0.331,0.681,2765.1395007342144
P4311,1255.24,0.104,0.45399999999999996,2764.845814977974
P1127,967.4,0.0,0.35,2764.0
P2262,967.24,0.0,0.35,2763.5428571428574
P0640,2168.84,0.435,0.7849999999999999,2762.8535031847136
P3677,2167.73,0.435,0.7849999999999999,2761.43949044586
P6983,1253.56,0.104,0.45399999999999996,2761.145374449339
P0667,1253.46,0.104,0.45399999999999996,2760.925110132159
P4432,1540.41,0.208,0.5579999999999999,2760.5913978494627
P7845,1879.5099999999998,0.331,0.681,2759.926578560939
P0066,2740.47,0.643,0.993,2759.788519637462
P5286,2165.85,0.435,0.7849999999999999,2759.044585987261
P5838,2165.44,0.435,0.7849999999999999,2758.522292993631
P4971,965.4399999999999,0.0,0.35,2758.4
P4766,2791.08,0.662,1.012,2757.98418972332
P0689,1252.08,0.104,0.45399999999999996,2757.885462555066
P3349,1877.85,0.331,0.681,2757.4889867841407
P4703,1538.6,0.208,0.5579999999999999,2757.347670250896
P7937,1251.8,0.104,0.45399999999999996,2757.2687224669603
P4126,1877.4,0.331,0.681,2756.828193832599
P6389,2787.87,0.662,1.012,2754.8122529644265
P7795,2162.08,0.435,0.7849999999999999,2754.2420382165606
P5350,1535.91,0.208,0.5579999999999999,2752.5268817204305
P1139,1873.8500000000001,0.331,0.681,2751.6152716593247
P7342,2159.1,0.435,0.7849999999999999,2750.4458598726114
P5324,2158.7599999999998,0.435,0.7849999999999999,2750.0127388535034
P3922,1248.33,0.104,0.45399999999999996,2749.625550660793
P4365,960.88,0.0,0.35,2745.3714285714286
P6783,1869.26,0.331,0.681,2744.8751835535973
P7828,1816.59,0.312,0.6619999999999999,2744.093655589124
P7480,960.4000000000001,0.0,0.35,2744.0000000000005
P6878,1531.0300000000002,0.208,0.5579999999999999,2743.7813620071693
P4081,2153.76,0.435,0.7849999999999999,2743.6433121019113
P1126,2151.8199999999997,0.435,0.7849999999999999,2741.171974522293
P2522,959.4,0.0,0.35,2741.1428571428573
P1404,2774.0299999999997,0.662,1.012,2741.1363636363635
P1770,1866.33,0.331,0.681,2740.572687224669
P2399,1865.0099999999998,0.331,0.681,2738.6343612334795
P0870,958.35,0.0,0.35,2738.1428571428573
P3887,2149.01,0.435,0.7849999999999999,2737.5923566878987
P4307,958.01,0.0,0.35,2737.171428571429
P1749,957.94,0.0,0.35,2736.971428571429
P4790,957.76,0.0,0.35,2736.457142857143
P7910,1863.48,0.331,0.681,2736.3876651982378
P7339,1242.24,0.104,0.45399999999999996,2736.2114537444936
P2365,2431.6800000000003,0.5389999999999999,0.8889999999999999,2735.2980877390332
P4180,2431.48,0.5389999999999999,0.8889999999999999,2735.0731158605176
P3024,1241.29,0.104,0.45399999999999996,2734.118942731278
P2326,1525.25,0.208,0.5579999999999999,2733.4229390681007
P6061,1861.41,0.331,0.681,2733.348017621145
P3917,2145.4,0.435,0.7849999999999999,2732.993630573249
P0046,1240.5700000000002,0.104,0.45399999999999996,2732.533039647578
P3834,2377.21,0.52,0.87,2732.425287356322
P6408,1860.7600000000002,0.331,0.681,2732.393538913363
P5541,1240.5,0.104,0.45399999999999996,2732.378854625551
P3354,955.9399999999999,0.0,0.35,2731.2571428571428
P1674,1859.8400000000001,0.331,0.681,2731.042584434655
P0781,1859.8,0.331,0.681,2730.9838472834067
P4356,955.5200000000001,0.0,0.35,2730.0571428571434
P0181,2142.8,0.435,0.7849999999999999,2729.681528662421
P6964,1238.75,0.104,0.45399999999999996,2728.52422907489
P1889,2141.35,0.435,0.7849999999999999,2727.834394904459
P7768,1237.96,0.104,0.45399999999999996,2726.784140969163
P5867,2140.33,0.435,0.7849999999999999,2726.5350318471337
P2071,2140.2200000000003,0.435,0.7849999999999999,2726.3949044585993
P0127,1237.66,0.104,0.45399999999999996,2726.1233480176215
P3412,2139.45,0.435,0.7849999999999999,2725.4140127388537
P4239,2758.09,0.662,1.012,2725.3853754940715
P1377,1235.96,0.104,0.45399999999999996,2722.378854625551
P6892,3653.32,0.9930000000000001,1.343,2720.268056589725
P3277,952.03,0.0,0.35,2720.0857142857144
P2588,1852.1,0.331,0.681,2719.676945668135
P0108,951.84,0.0,0.35,2719.5428571428574
P0289,1516.6100000000001,0.208,0.5579999999999999,2717.939068100359
P7843,1516.2,0.208,0.5579999999999999,2717.204301075269
P1493,1516.08,0.208,0.5579999999999999,2716.989247311828
P6541,1233.46,0.104,0.45399999999999996,2716.8722466960357
P6364,950.83,0.0,0.35,2716.6571428571433
P7290,3031.2799999999997,0.766,1.116,2716.2007168458777
P5896,2413.39,0.5389999999999999,0.8889999999999999,2714.724409448819
P2163,950.14,0.0,0.35,2714.6857142857143
P1225,2130.4,0.435,0.7849999999999999,2713.885350318472
P0294,2129.98,0.435,0.7849999999999999,2713.3503184713377
P4545,949.53,0.0,0.35,2712.942857142857
P3249,949.39,0.0,0.35,2712.5428571428574
P3718,948.5999999999999,0.0,0.35,2710.285714285714
P0353,1510.34,0.208,0.5579999999999999,2706.7025089605736
P2388,3301.79,0.87,1.22,2706.3852459016393
P1598,2404.41,0.539,0.889,2704.623172103487
P6311,2123.0099999999998,0.435,0.7849999999999999,2704.4713375796177
P1386,1227.55,0.104,0.45399999999999996,2703.854625550661
P3611,1840.82,0.331,0.681,2703.1130690161526
P0549,945.62,0.0,0.35,2701.7714285714287
P4677,1226.31,0.104,0.45399999999999996,2701.123348017621
P7042,1839.31,0.331,0.681,2700.895741556534
P1679,2731.4,0.662,1.012,2699.01185770751
P6883,2116.61,0.435,0.7849999999999999,2696.31847133758
P7415,1223.87,0.104,0.45399999999999996,2695.748898678414
P0554,2727.47,0.662,1.012,2695.1284584980235
P0639,3005.86,0.766,1.116,2693.4229390681003
P2762,2724.44,0.662,1.012,2692.1343873517785
P2387,2113.29,0.435,0.7849999999999999,2692.0891719745227
P0348,1833.0,0.331,0.681,2691.6299559471363
P2834,1221.45,0.104,0.45399999999999996,2690.4185022026436
P3590,941.18,0.0,0.35,2689.0857142857144
P5921,1220.77,0.104,0.45399999999999996,2688.920704845815
P5519,940.87,0.0,0.35,2688.2000000000003
P0364,1830.3,0.331,0.681,2687.6651982378853
P2782,2108.52,0.435,0.7849999999999999,2686.0127388535034
P6161,2108.2900000000004,0.435,0.7849999999999999,2685.7197452229307
P3500,1828.6200000000001,0.331,0.681,2685.1982378854627
P3657,1218.95,0.104,0.45399999999999996,2684.911894273128
P6235,1828.25,0.331,0.681,2684.654919236417
P4716,1218.67,0.104,0.45399999999999996,2684.2951541850225
P0552,939.09,0.0,0.35,2683.114285714286
P1471,1217.77,0.104,0.45399999999999996,2682.3127753303966
P6179,2105.54,0.435,0.7849999999999999,2682.2165605095543
P2638,1217.16,0.104,0.45399999999999996,2680.969162995595
P3026,1495.7,0.208,0.5579999999999999,2680.465949820789
P5397,1216.72,0.104,0.45399999999999996,2680.0000000000005
P7287,937.78,0.0,0.35,2679.3714285714286
P4115,936.9300000000001,0.0,0.35,2676.9428571428575
P1236,936.6800000000001,0.0,0.35,2676.2285714285717
P1400,1822.33,0.331,0.681,2675.9618208516886
P5243,2986.22,0.766,1.116,2675.824372759856
P2182,1821.72,0.331,0.681,2675.066079295154
P3594,2985.29,0.766,1.116,2674.991039426523
P4962,2099.5,0.435,0.7849999999999999,2674.522292993631
P6299,1492.3600000000001,0.208,0.5579999999999999,2674.480286738352
P7351,935.79,0.0,0.35,2673.6857142857143
P5895,3261.21,0.87,1.22,2673.122950819672
P6494,1769.5900000000001,0.312,0.6619999999999999,2673.0966767371606
P0388,935.3900000000001,0.0,0.35,2672.5428571428574
P3308,2375.85,0.539,0.889,2672.4971878515184
P7404,935.04,0.0,0.35,2671.5428571428574
P3558,934.95,0.0,0.35,2671.2857142857147
P2732,934.6700000000001,0.0,0.35,2670.4857142857145
P4110,1818.21,0.331,0.681,2669.9118942731275
P3630,3257.1,0.87,1.22,2669.754098360656
P0193,1817.6799999999998,0.331,0.681,2669.133627019089
P0038,934.1,0.0,0.35,2668.857142857143
P3801,2978.25,0.766,1.116,2668.6827956989246
P6155,934.02,0.0,0.35,2668.6285714285714
P0926,1488.48,0.208,0.5579999999999999,2667.5268817204305
P5159,2370.93,0.5389999999999999,0.8889999999999999,2666.9628796400452
P1973,2093.0,0.435,0.7849999999999999,2666.2420382165606
P1791,933.1800000000001,0.0,0.35,2666.2285714285717
P2654,2697.84,0.662,1.012,2665.8498023715415
P0450,3857.35,1.097,1.447,2665.7567380787837
P1125,1814.51,0.331,0.681,2664.4787077826722
P7260,1813.6100000000001,0.331,0.681,2663.157121879589
P0784,931.96,0.0,0.35,2662.7428571428572
P2105,2089.6800000000003,0.435,0.7849999999999999,2662.012738853504
P2036,2693.86,0.662,1.012,2661.916996047431
P1594,2089.2,0.435,0.7849999999999999,2661.4012738853503
P7643,931.45,0.0,0.35,2661.2857142857147
P5657,1207.69,0.104,0.45399999999999996,2660.1101321585907
P4454,2364.5,0.539,0.889,2659.730033745782
P2701,1207.07,0.104,0.45399999999999996,2658.7444933920706
P1345,2086.97,0.435,0.7849999999999999,2658.56050955414
P5331,1810.36,0.331,0.681,2658.3847283406753
P3661,930.0999999999999,0.0,0.35,2657.4285714285716
P2075,1482.32,0.208,0.5579999999999999,2656.487455197133
P6789,1206.02,0.104,0.45399999999999996,2656.431718061674
P6489,3567.48,0.9930000000000001,1.343,2656.3514519731943
P5892,2963.2400000000002,0.766,1.116,2655.232974910394
P4001,2084.21,0.435,0.7849999999999999,2655.0445859872616
P3941,1807.55,0.331,0.681,2654.258443465492
P0361,1204.54,0.104,0.45399999999999996,2653.171806167401
P5285,2958.74,0.766,1.116,2651.2007168458777
P7032,1805.27,0.331,0.681,2650.9104258443463
P7131,2080.53,0.435,0.7849999999999999,2650.3566878980896
P4219,1804.85,0.331,0.681,2650.2936857562404
P5415,2079.94,0.435,0.7849999999999999,2649.6050955414016
P4813,1478.15,0.208,0.5579999999999999,2649.014336917563
P3128,1202.57,0.104,0.45399999999999996,2648.8325991189427
P0002,927.01,0.0,0.35,2648.6000000000004
P2447,2078.9,0.435,0.7849999999999999,2648.2802547770702
P6560,1202.08,0.104,0.45399999999999996,2647.753303964758
P0126,3230.23,0.87,1.22,2647.7295081967213
P1282,926.7,0.0,0.35,2647.7142857142862
P5236,926.62,0.0,0.35,2647.4857142857145
P0712,2353.6,0.5389999999999999,0.8889999999999999,2647.4690663667043
P4515,1201.95,0.104,0.45399999999999996,2647.466960352423
P5278,1802.87,0.331,0.681,2647.3861967694565
P1948,3554.88,0.9930000000000001,1.343,2646.969471332837
P7613,1801.48,0.331,0.681,2645.3450807635827
P1071,2076.2400000000002,0.435,0.7849999999999999,2644.8917197452233
P1088,3825.81,1.097,1.447,2643.9599170697993
P4133,2675.5,0.662,1.012,2643.774703557312
P0369,925.24,0.0,0.35,2643.5428571428574
P5276,2673.85,0.662,1.012,2642.1442687747035
P1170,1799.17,0.331,0.681,2641.9530102790013
P4156,2621.54,0.643,0.993,2640.0201409869082
P2364,1797.54,0.331,0.681,2639.5594713656387
P3816,923.47,0.0,0.35,2638.4857142857145
P2844,923.33,0.0,0.35,2638.0857142857144
P4861,1197.54,0.104,0.45399999999999996,2637.753303964758
P4804,1795.98,0.331,0.681,2637.2687224669603
P5133,1471.23,0.208,0.5579999999999999,2636.612903225807
P5952,1795.51,0.331,0.681,2636.578560939794
P6519,1794.97,0.331,0.681,2635.785609397944
P2629,2068.85,0.435,0.7849999999999999,2635.4777070063697
P7511,2342.35,0.539,0.889,2634.814398200225
P4279,922.0,0.0,0.35,2634.2857142857147
P2956,2067.88,0.435,0.7849999999999999,2634.242038216561
P4684,921.8499999999999,0.0,0.35,2633.8571428571427
P4465,2615.11,0.643,0.993,2633.544813695871
P3043,1469.21,0.208,0.5579999999999999,2632.992831541219
P3806,4083.65,1.201,1.5510000000000002,2632.9142488716957
P7434,1792.75,0.331,0.681,2632.525697503671
P2690,1792.68,0.331,0.681,2632.4229074889868
P0904,1792.56,0.331,0.681,2632.246696035242
P2242,3210.86,0.87,1.22,2631.852459016394
P1140,1792.05,0.331,0.681,2631.497797356828
P2914,1194.69,0.104,0.45399999999999996,2631.4757709251103
P2444,920.82,0.0,0.35,2630.914285714286
P3200,2065.23,0.435,0.7849999999999999,2630.866242038217
P5587,920.73,0.0,0.35,2630.6571428571433
P4223,1790.92,0.331,0.681,2629.8384728340675
P2747,1193.8,0.104,0.45399999999999996,2629.515418502203
P4266,919.78,0.0,0.35,2627.942857142857
P4819,2062.83,0.435,0.7849999999999999,2627.8089171974525
P4072,1192.94,0.104,0.45399999999999996,2627.6211453744495
P1547,919.3799999999999,0.0,0.35,2626.7999999999997
P0061,1192.52,0.104,0.45399999999999996,2626.696035242291
P5778,918.92,0.0,0.35,2625.4857142857145
P4662,2656.48,0.662,1.012,2624.98023715415
P6083,918.7,0.0,0.35,2624.857142857143
P4361,917.98,0.0,0.35,2622.8
P2475,917.9399999999999,0.0,0.35,2622.6857142857143
P5249,917.9200000000001,0.0,0.35,2622.628571428572
P1280,2330.1,0.539,0.889,2621.0348706411696
P4581,3196.77,0.87,1.22,2620.3032786885246
P5230,2600.9,0.643,0.993,2619.2346424974826
P3857,2054.78,0.435,0.7849999999999999,2617.554140127389
P2969,2054.6800000000003,0.435,0.7849999999999999,2617.4267515923575
P6977,916.07,0.0,0.35,2617.3428571428576
P6654,915.7,0.0,0.35,2616.2857142857147
P7516,1187.73,0.104,0.45399999999999996,2616.1453744493397
P0989,915.3199999999999,0.0,0.35,2615.2
P5282,2052.91,0.435,0.7849999999999999,2615.171974522293
P5828,1187.16,0.104,0.45399999999999996,2614.8898678414103
P3420,914.63,0.0,0.35,2613.2285714285717
P1204,2050.67,0.435,0.7849999999999999,2612.31847133758
P7908,913.83,0.0,0.35,2610.9428571428575
P0356,2048.64,0.435,0.7849999999999999,2609.732484076433
P2759,1455.99,0.208,0.5579999999999999,2609.3010752688174
P0078,2048.25,0.435,0.7849999999999999,2609.235668789809
P0122,1184.57,0.104,0.45399999999999996,2609.185022026432
P4320,1184.53,0.104,0.45399999999999996,2609.09691629956
P3297,1184.32,0.104,0.45399999999999996,2608.6343612334804
P2531,1776.0,0.331,0.681,2607.929515418502
P2411,2317.67,0.539,0.889,2607.0528683914513
P1653,2637.63,0.662,1.012,2606.3537549407115
P4117,2044.4,0.435,0.7849999999999999,2604.3312101910833
P7346,1182.33,0.104,0.45399999999999996,2604.251101321586
P6031,1773.29,0.331,0.681,2603.950073421439
P6973,1181.41,0.104,0.45399999999999996,2602.2246696035245
P2760,1181.3,0.104,0.45399999999999996,2601.9823788546255
P0683,1771.32,0.331,0.681,2601.0572687224667
P2495,2041.03,0.435,0.7849999999999999,2600.0382165605097
P7038,2630.92,0.662,1.012,2599.723320158103
P6019,3760.0400000000004,1.097,1.447,2598.5072563925364
P5079,1449.88,0.208,0.5579999999999999,2598.351254480287
P5985,909.28,0.0,0.35,2597.942857142857
P6315,1448.9,0.208,0.5579999999999999,2596.5949820788533
P1673,1178.74,0.104,0.45399999999999996,2596.343612334802
P1003,908.7,0.0,0.35,2596.2857142857147
P3939,1448.57,0.208,0.5579999999999999,2596.003584229391
P4076,1448.22,0.208,0.5579999999999999,2595.3763440860216
P1988,1177.97,0.104,0.45399999999999996,2594.6475770925113
P7362,2036.54,0.435,0.7849999999999999,2594.31847133758
P0876,1766.03,0.331,0.681,2593.2892804698968
P1098,3163.14,0.87,1.22,2592.7377049180327
P2318,1177.08,0.104,0.45399999999999996,2592.6872246696034
P6206,907.07,0.0,0.35,2591.628571428572
P5232,907.01,0.0,0.35,2591.457142857143
P6062,1445.78,0.208,0.5579999999999999,2591.003584229391
P5013,906.62,0.0,0.35,2590.342857142857
P3855,2033.26,0.435,0.7849999999999999,2590.1401273885353
P3491,1445.24,0.208,0.5579999999999999,2590.035842293907
P7063,1763.55,0.331,0.681,2589.647577092511
P7837,2302.16,0.539,0.889,2589.606299212598
P7124,1762.64,0.331,0.681,2588.3113069016154
P1814,1761.98,0.331,0.681,2587.3421439060203
P0401,2030.1599999999999,0.435,0.7849999999999999,2586.191082802548
P7394,1173.48,0.104,0.45399999999999996,2584.7577092511015
P4471,904.48,0.0,0.35,2584.2285714285717
P3269,1172.97,0.104,0.45399999999999996,2583.6343612334804
P2174,1758.86,0.331,0.681,2582.7606461086634
P7022,1172.3400000000001,0.104,0.45399999999999996,2582.2466960352426
P2555,2881.71,0.766,1.116,2582.1774193548385
P1520,2026.4800000000002,0.435,0.7849999999999999,2581.5031847133764
P5970,1171.95,0.104,0.45399999999999996,2581.387665198238
P5040,1171.8899999999999,0.104,0.45399999999999996,2581.2555066079294
P5879,1977.2,0.416,0.766,2581.201044386423
P7349,1756.92,0.331,0.681,2579.9118942731275
P3296,902.12,0.0,0.35,2577.4857142857145
P5874,1437.93,0.208,0.5579999999999999,2576.9354838709683
P5610,901.86,0.0,0.35,2576.7428571428572
P0032,901.85,0.0,0.35,2576.714285714286
P4088,1754.74,0.331,0.681,2576.710719530103
P5178,1754.21,0.331,0.681,2575.9324522760644
P2744,1169.15,0.104,0.45399999999999996,2575.220264317181
P5272,3141.6000000000004,0.87,1.22,2575.081967213115
P7661,901.22,0.0,0.35,2574.914285714286
P6810,2020.9299999999998,0.435,0.7849999999999999,2574.4331210191085
P7258,900.83,0.0,0.35,2573.8
P0408,900.63,0.0,0.35,2573.2285714285717
P7135,1751.36,0.331,0.681,2571.7474302496325
P5573,2286.07,0.539,0.889,2571.507311586052
P3384,1167.1,0.104,0.45399999999999996,2570.704845814978
P2336,1750.52,0.331,0.681,2570.5139500734213
P4483,899.52,0.0,0.35,2570.057142857143
P0660,2284.39,0.539,0.889,2569.617547806524
P2827,1433.81,0.208,0.5579999999999999,2569.551971326165
P3691,1166.52,0.104,0.45399999999999996,2569.4273127753304
P6481,1748.09,0.331,0.681,2566.9456681350953
P4734,2281.82,0.539,0.889,2566.7266591676043
P7988,1165.19,0.104,0.45399999999999996,2566.4977973568284
P7208,1164.76,0.104,0.45399999999999996,2565.550660792952
P3766,897.7800000000001,0.0,0.35,2565.085714285715
P5216,897.73,0.0,0.35,2564.9428571428575
P7222,1164.47,0.104,0.45399999999999996,2564.911894273128
P2107,1164.35,0.104,0.45399999999999996,2564.6475770925113
P7028,1430.72,0.208,0.5579999999999999,2564.014336917563
P6957,1163.47,0.104,0.45399999999999996,2562.709251101322
P2413,2011.69,0.435,0.7849999999999999,2562.662420382166
P5595,3705.47,1.097,1.447,2560.7947477539733
P6686,1743.57,0.331,0.681,2560.3083700440525
P6482,1428.53,0.208,0.5579999999999999,2560.0896057347672
P1497,1742.3,0.331,0.681,2558.4434654919232
P6189,1742.25,0.331,0.681,2558.3700440528632
P5651,1160.56,0.104,0.45399999999999996,2556.2995594713657
P0548,2005.74,0.435,0.7849999999999999,2555.082802547771
P5565,1739.74,0.331,0.681,2554.684287812041
P2779,4540.75,1.428,1.778,2553.8526434195724
P6911,1159.1399999999999,0.104,0.45399999999999996,2553.171806167401
P6854,2583.42,0.662,1.012,2552.786561264822
P4023,1424.28,0.208,0.5579999999999999,2552.47311827957
P3064,893.0699999999999,0.0,0.35,2551.6285714285714
P0831,1737.2,0.331,0.681,2550.9544787077825
P5560,892.7,0.0,0.35,2550.571428571429
P7774,1422.86,0.208,0.5579999999999999,2549.9283154121863
P1530,1157.6499999999999,0.104,0.45399999999999996,2549.88986784141
P3344,2000.43,0.435,0.7849999999999999,2548.31847133758
P1802,1156.84,0.104,0.45399999999999996,2548.1057268722466
P0151,1734.57,0.331,0.681,2547.0925110132157
P4456,1998.96,0.435,0.7849999999999999,2546.445859872612
P5981,891.23,0.0,0.35,2546.3714285714286
P5209,891.13,0.0,0.35,2546.0857142857144
P1305,1155.91,0.104,0.45399999999999996,2546.057268722467
P3447,1997.82,0.435,0.7849999999999999,2544.9936305732485
P3221,1733.02,0.331,0.681,2544.8164464023494
P3690,1997.5700000000002,0.435,0.7849999999999999,2544.675159235669
P2508,1155.1699999999998,0.104,0.45399999999999996,2544.4273127753304
P6545,1154.92,0.104,0.45399999999999996,2543.8766519823794
P1505,1731.3799999999999,0.331,0.681,2542.408223201174
P1901,1995.69,0.435,0.7849999999999999,2542.2802547770702
P3231,889.66,0.0,0.35,2541.885714285714
P1219,3410.41,0.9930000000000001,1.343,2539.39687267312
P0379,1993.31,0.435,0.7849999999999999,2539.2484076433125
P4630,2255.98,0.539,0.889,2537.660292463442
P4331,887.9000000000001,0.0,0.35,2536.857142857143
P5516,1726.76,0.331,0.681,2535.6240822320115
P7527,2829.68,0.766,1.116,2535.555555555555
P2401,1151.07,0.104,0.45399999999999996,2535.396475770925
P1513,1726.04,0.331,0.681,2534.5668135095448
P7228,1150.2,0.104,0.45399999999999996,2533.480176211454
P7162,886.63,0.0,0.35,2533.2285714285717
P2236,1149.8,0.104,0.45399999999999996,2532.5991189427314
P4651,1676.52,0.312,0.6619999999999999,2532.507552870091
P7141,1987.5800000000002,0.435,0.7849999999999999,2531.949044585988
P2328,885.78,0.0,0.35,2530.8
P4996,1722.8600000000001,0.331,0.681,2529.897209985316
P6533,2248.35,0.539,0.889,2529.0776152980875
P4554,2248.34,0.539,0.889,2529.066366704162
P0283,1721.91,0.331,0.681,2528.5022026431716
P2850,1984.3,0.435,0.7849999999999999,2527.770700636943
P4333,1146.93,0.104,0.45399999999999996,2526.277533039648
P7860,1982.78,0.435,0.7849999999999999,2525.834394904459
P7862,883.97,0.0,0.35,2525.628571428572
P3640,883.94,0.0,0.35,2525.5428571428574
P5466,1409.25,0.208,0.5579999999999999,2525.5376344086026
P3280,1146.08,0.104,0.45399999999999996,2524.4052863436123
P1179,1718.64,0.331,0.681,2523.7004405286343
P5646,883.16,0.0,0.35,2523.3142857142857
P7225,882.64,0.0,0.35,2521.8285714285716
P3242,1143.5,0.104,0.45399999999999996,2518.7224669603524
P5107,881.44,0.0,0.35,2518.4
P2706,2238.31,0.539,0.889,2517.7840269966255
P4277,1976.4,0.435,0.7849999999999999,2517.7070063694273
P1934,880.66,0.0,0.35,2516.171428571429
P0974,1713.1799999999998,0.331,0.681,2515.6828193832594
P2461,2236.29,0.5389999999999999,0.8889999999999999,2515.511811023622
P7658,1974.53,0.435,0.7849999999999999,2515.3248407643314
P2682,1974.49,0.435,0.7849999999999999,2515.273885350319
P7977,880.29,0.0,0.35,2515.114285714286
P6385,880.18,0.0,0.35,2514.8
P6874,3376.3500000000004,0.9930000000000001,1.343,2514.0357408786303
P3708,879.7199999999999,0.0,0.35,2513.485714285714
P5195,879.5799999999999,0.0,0.35,2513.0857142857144
P2404,1972.72,0.435,0.7849999999999999,2513.019108280255
P3275,2804.41,0.766,1.116,2512.912186379928
P4443,3374.7799999999997,0.9930000000000001,1.343,2512.8667163067757
P6761,1711.13,0.331,0.681,2512.6725403817914
P1539,3635.47,1.097,1.447,2512.4187975120935
P5676,879.26,0.0,0.35,2512.171428571429
P1604,1972.0500000000002,0.435,0.7849999999999999,2512.165605095542
P1023,878.73,0.0,0.35,2510.657142857143
P0585,1709.25,0.331,0.681,2509.9118942731275
P2445,1139.21,0.104,0.45399999999999996,2509.2731277533044
P7523,877.97,0.0,0.35,2508.4857142857145
P6846,1138.84,0.104,0.45399999999999996,2508.458149779736
P0037,2490.84,0.643,0.993,2508.3987915407856
P3299,2536.63,0.662,1.012,2506.5513833992095
P1290,1137.8000000000002,0.104,0.45399999999999996,2506.167400881058
P1144,1398.42,0.208,0.5579999999999999,2506.129032258065
P1823,1137.52,0.104,0.45399999999999996,2505.550660792952
P7947,876.6500000000001,0.0,0.35,2504.7142857142862
P0664,1705.54,0.331,0.681,2504.46402349486
P6204,876.41,0.0,0.35,2504.0285714285715
P6980,1136.19,0.104,0.45399999999999996,2502.6211453744495
P4691,1136.13,0.104,0.45399999999999996,2502.4889867841416
P4738,1963.62,0.435,0.7849999999999999,2501.4267515923566
P4293,875.41,0.0,0.35,2501.171428571429
P4003,1703.27,0.331,0.681,2501.130690161527
P4722,1962.5100000000002,0.435,0.7849999999999999,2500.012738853504
P4139,1962.25,0.435,0.7849999999999999,2499.6815286624205
P7145,1961.97,0.435,0.7849999999999999,2499.3248407643314
P6736,1134.55,0.104,0.45399999999999996,2499.0088105726873
P3527,874.65,0.0,0.35,2499.0
P0539,2788.38,0.766,1.116,2498.548387096774
P0751,1961.34,0.435,0.7849999999999999,2498.522292993631
P6363,3355.46,0.9930000000000001,1.343,2498.481012658228
P5352,874.41,0.0,0.35,2498.3142857142857
P6357,873.8199999999999,0.0,0.35,2496.6285714285714
P3571,1392.97,0.208,0.5579999999999999,2496.362007168459
P0056,873.52,0.0,0.35,2495.7714285714287
P0163,1959.1,0.435,0.7849999999999999,2495.668789808917
P5538,2525.52,0.662,1.012,2495.573122529644
P2849,873.4000000000001,0.0,0.35,2495.428571428572
P3388,1958.6799999999998,0.435,0.7849999999999999,2495.1337579617834
P5449,1699.03,0.331,0.681,2494.9045521292214
P0422,1699.01,0.331,0.681,2494.8751835535973
P6645,873.13,0.0,0.35,2494.657142857143
P2662,1132.25,0.104,0.45399999999999996,2493.9427312775333
P6034,1957.71,0.435,0.7849999999999999,2493.898089171975
P2878,1132.02,0.104,0.45399999999999996,2493.4361233480176
P4840,2523.35,0.662,1.012,2493.4288537549405
P4880,1697.94,0.331,0.681,2493.3039647577093
P4947,1131.93,0.104,0.45399999999999996,2493.2378854625554
P0512,2216.27,0.539,0.889,2492.9921259842517
P2228,1956.8,0.435,0.7849999999999999,2492.738853503185
P1613,1956.3,0.435,0.7849999999999999,2492.1019108280257
P5579,872.0999999999999,0.0,0.35,2491.714285714286
P1895,1131.2299999999998,0.104,0.45399999999999996,2491.6960352422907
P3083,1131.2,0.104,0.45399999999999996,2491.6299559471368
P0214,871.77,0.0,0.35,2490.7714285714287
P7565,2730.73,0.747,1.097,2489.270738377393
P3228,870.75,0.0,0.35,2487.857142857143
P5387,2211.37,0.539,0.889,2487.4803149606296
P6454,1952.67,0.435,0.7849999999999999,2487.4777070063697
P0547,870.5600000000001,0.0,0.35,2487.314285714286
P2049,1387.84,0.208,0.5579999999999999,2487.168458781362
P0896,2775.42,0.766,1.116,2486.935483870968
P1217,2210.7799999999997,0.539,0.889,2486.81664791901
P4030,1693.23,0.331,0.681,2486.3876651982378
P2360,1692.37,0.331,0.681,2485.124816446402
P0297,1692.23,0.331,0.681,2484.9192364170335
P3734,1128.1,0.104,0.45399999999999996,2484.8017621145373
P4535,1128.06,0.104,0.45399999999999996,2484.713656387665
P5496,1691.5,0.331,0.681,2483.8472834067547
P1161,1127.1899999999998,0.104,0.45399999999999996,2482.7973568281936
P3431,1948.79,0.435,0.7849999999999999,2482.535031847134
P0225,1901.18,0.416,0.766,2481.958224543081
P6554,868.59,0.0,0.35,2481.6857142857143
P5759,2510.88,0.662,1.012,2481.106719367589
P5852,1126.15,0.104,0.45399999999999996,2480.5066079295157
P1331,867.94,0.0,0.35,2479.8285714285716
P4536,867.88,0.0,0.35,2479.657142857143
P7233,1124.29,0.104,0.45399999999999996,2476.409691629956
P3197,866.55,0.0,0.35,2475.8571428571427
P0856,1685.62,0.331,0.681,2475.2129221732744
P3726,1943.02,0.435,0.7849999999999999,2475.1847133757965
P5980,1123.22,0.104,0.45399999999999996,2474.0528634361235
P7475,865.91,0.0,0.35,2474.0285714285715
P5751,865.88,0.0,0.35,2473.942857142857
P3953,1684.28,0.331,0.681,2473.245227606461
P1487,865.54,0.0,0.35,2472.9714285714285
P0015,1683.9,0.331,0.681,2472.6872246696034
P1359,865.25,0.0,0.35,2472.1428571428573
P2137,2197.16,0.539,0.889,2471.4960629921256
P1583,1682.81,0.331,0.681,2471.086637298091
P7762,1939.5,0.435,0.7849999999999999,2470.7006369426754
P2433,1635.4599999999998,0.312,0.6619999999999999,2470.4833836858006
P1202,1939.27,0.435,0.7849999999999999,2470.407643312102
P0717,1378.01,0.208,0.5579999999999999,2469.551971326165
P3863,864.13,0.0,0.35,2468.942857142857
P0910,2193.61,0.5389999999999999,0.8889999999999999,2467.502812148482
P4218,2496.75,0.662,1.012,2467.1442687747035
P2720,863.24,0.0,0.35,2466.4
P6592,1935.8899999999999,0.435,0.7849999999999999,2466.1019108280257
P0575,2192.36,0.539,0.889,2466.0967379077615
P5078,1375.92,0.208,0.5579999999999999,2465.8064516129034
P7271,1119.3600000000001,0.104,0.45399999999999996,2465.550660792952
P3004,862.6199999999999,0.0,0.35,2464.6285714285714
P6704,862.6,0.0,0.35,2464.571428571429
P1850,2447.13,0.643,0.993,2464.380664652568
P0384,1933.8899999999999,0.435,0.7849999999999999,2463.5541401273886
P6127,1676.27,0.331,0.681,2461.483113069016
P5802,861.02,0.0,0.35,2460.057142857143
P6624,860.95,0.0,0.35,2459.857142857143
P1943,1372.6,0.208,0.5579999999999999,2459.856630824373
P3931,1116.6299999999999,0.104,0.45399999999999996,2459.5374449339206
P7624,1930.34,0.435,0.7849999999999999,2459.031847133758
P2799,1116.28,0.104,0.45399999999999996,2458.7665198237887
P4529,860.54,0.0,0.35,2458.6857142857143
P2965,2743.09,0.766,1.116,2457.9659498207884
P2789,2487.15,0.662,1.012,2457.6581027667985
P6600,1115.23,0.104,0.45399999999999996,2456.453744493392
P5162,1625.55,0.312,0.6619999999999999,2455.513595166163
P3938,1671.0,0.331,0.681,2453.74449339207
P1800,1670.5,0.331,0.681,2453.0102790014685
P0001,1670.33,0.331,0.681,2452.7606461086634
P6849,1925.41,0.435,0.7849999999999999,2452.7515923566884
P5280,1623.6399999999999,0.312,0.6619999999999999,2452.628398791541
P0941,858.4100000000001,0.0,0.35,2452.6000000000004
P3689,1113.3799999999999,0.104,0.45399999999999996,2452.3788546255505
P1596,1113.35,0.104,0.45399999999999996,2452.3127753303966
P5287,1924.71,0.435,0.7849999999999999,2451.859872611465
P3104,2478.59,0.662,1.012,2449.199604743083
P0296,1366.14,0.208,0.5579999999999999,2448.279569892474
P0399,1667.23,0.331,0.681,2448.2085168869307
P7953,1111.46,0.104,0.45399999999999996,2448.1497797356833
P5137,1111.23,0.104,0.45399999999999996,2447.6431718061676
P4417,1920.57,0.435,0.7849999999999999,2446.585987261147
P0276,2173.8,0.539,0.889,2445.2193475815525
P3968,1919.13,0.435,0.7849999999999999,2444.7515923566884
P6405,1664.6100000000001,0.331,0.681,2444.361233480176
P6705,2172.33,0.539,0.889,2443.565804274466
P7241,855.01,0.0,0.35,2442.8857142857146
P3862,1109.05,0.104,0.45399999999999996,2442.84140969163
P5478,1917.46,0.435,0.7849999999999999,2442.6242038216565
P4325,854.13,0.0,0.35,2440.3714285714286
P0818,854.09,0.0,0.35,2440.257142857143
P3517,1361.59,0.208,0.5579999999999999,2440.125448028674
P4391,1107.28,0.104,0.45399999999999996,2438.9427312775333
P7486,1107.0900000000001,0.104,0.45399999999999996,2438.5242290748906
P1049,1107.02,0.104,0.45399999999999996,2438.3700440528637
P5447,853.36,0.0,0.35,2438.171428571429
P4105,1660.29,0.331,0.681,2438.017621145374
P4479,852.9300000000001,0.0,0.35,2436.9428571428575
P5926,852.81,0.0,0.35,2436.6
P7553,852.79,0.0,0.35,2436.542857142857
P0971,1912.3999999999999,0.435,0.7849999999999999,2436.1783439490446
P7971,1658.56,0.331,0.681,2435.477239353891
P0990,1105.46,0.104,0.45399999999999996,2434.933920704846
P5365,1910.25,0.435,0.7849999999999999,2433.43949044586
P2681,1909.42,0.435,0.7849999999999999,2432.382165605096
P0691,1656.23,0.331,0.681,2432.0558002936855
P6922,851.15,0.0,0.35,2431.857142857143
P3055,2460.55,0.662,1.012,2431.3735177865615
P7926,850.9699999999999,0.0,0.35,2431.342857142857
P0336,1908.03,0.435,0.7849999999999999,2430.611464968153
P5599,1907.9,0.435,0.7849999999999999,2430.445859872612
P1597,2964.93,0.87,1.22,2430.2704918032787
P3685,1907.72,0.435,0.7849999999999999,2430.2165605095543
P6443,1654.44,0.331,0.681,2429.4273127753304
P2070,1654.34,0.331,0.681,2429.2804698972095
P7827,1906.35,0.435,0.7849999999999999,2428.4713375796177
P4602,2457.5099999999998,0.662,1.012,2428.369565217391
P4837,1102.23,0.104,0.45399999999999996,2427.8193832599122
P5529,3260.5,0.9930000000000001,1.343,2427.7736411020105
P4472,1101.79,0.104,0.45399999999999996,2426.850220264317
P4774,2707.91,0.766,1.116,2426.442652329749
P7568,1353.62,0.208,0.5579999999999999,2425.84229390681
P6433,1651.71,0.331,0.681,2425.418502202643
P1160,1651.39,0.331,0.681,2424.9486049926577
P0244,848.73,0.0,0.35,2424.9428571428575
P0861,848.5799999999999,0.0,0.35,2424.5142857142855
P2212,1902.73,0.435,0.7849999999999999,2423.859872611465
P2639,1650.4899999999998,0.331,0.681,2423.627019089574
P7142,1099.89,0.104,0.45399999999999996,2422.6651982378858
P3958,1649.1,0.331,0.681,2421.5859030837
P2568,847.55,0.0,0.35,2421.5714285714284
P3553,3251.95,0.9930000000000001,1.343,2421.4072970960538
P0124,847.21,0.0,0.35,2420.6000000000004
P5840,847.01,0.0,0.35,2420.0285714285715
P4142,1647.8500000000001,0.331,0.681,2419.7503671071954
P2446,846.9,0.0,0.35,2419.714285714286
P3475,1647.31,0.331,0.681,2418.957415565345
P3418,1897.37,0.435,0.7849999999999999,2417.031847133758
P0233,1645.25,0.331,0.681,2415.9324522760644
P2674,1896.48,0.435,0.7849999999999999,2415.898089171975
P1180,1096.69,0.104,0.45399999999999996,2415.616740088106
P7913,1895.4099999999999,0.435,0.7849999999999999,2414.5350318471337
P1768,1644.26,0.331,0.681,2414.4787077826722
P0690,1095.96,0.104,0.45399999999999996,2414.0088105726877
P4565,2693.9700000000003,0.766,1.116,2413.951612903226
P7173,844.85,0.0,0.35,2413.857142857143
P7886,844.73,0.0,0.35,2413.514285714286
P1053,1642.87,0.331,0.681,2412.4375917767984
P4580,2690.93,0.766,1.116,2411.2275985663077
P2862,1094.45,0.104,0.45399999999999996,2410.6828193832603
P2775,1891.29,0.435,0.7849999999999999,2409.2866242038217
P3508,2937.2200000000003,0.87,1.22,2407.5573770491806
P2611,842.2,0.0,0.35,2406.2857142857147
P5473,841.91,0.0,0.35,2405.457142857143
P7191,2682.67,0.766,1.116,2403.826164874552
P1444,1341.08,0.208,0.5579999999999999,2403.36917562724
P4898,1636.5,0.331,0.681,2403.0837004405284
P1556,1090.98,0.104,0.45399999999999996,2403.0396475770926
P0888,1090.74,0.104,0.45399999999999996,2402.5110132158593
P2393,1635.88,0.331,0.681,2402.173274596182
P5932,840.7,0.0,0.35,2402.0000000000005
P7857,1090.42,0.104,0.45399999999999996,2401.8061674008813
P6209,1634.98,0.331,0.681,2400.8516886930984
P6331,2134.2599999999998,0.5389999999999999,0.8889999999999999,2400.7424071991
P6027,1634.44,0.331,0.681,2400.058737151248
P5701,2678.09,0.766,1.116,2399.722222222222
P5771,1883.49,0.435,0.7849999999999999,2399.3503184713377
P2320,2926.25,0.87,1.22,2398.565573770492
P7788,1587.36,0.312,0.6619999999999999,2397.824773413897
P6183,839.14,0.0,0.35,2397.5428571428574
P6264,2131.2799999999997,0.539,0.889,2397.3903262092235
P5341,2379.52,0.643,0.993,2396.294058408862
P1617,838.6800000000001,0.0,0.35,2396.2285714285717
P5022,1087.88,0.104,0.45399999999999996,2396.211453744494
P1259,1631.4299999999998,0.331,0.681,2395.6387665198235
P1338,1086.99,0.104,0.45399999999999996,2394.2511013215862
P2282,1086.9,0.104,0.45399999999999996,2394.052863436124
P6066,2422.62,0.662,1.012,2393.893280632411
P0718,2422.34,0.662,1.012,2393.616600790514
P6500,2671.0,0.766,1.116,2393.36917562724
P5693,1629.64,0.331,0.681,2393.0102790014685
P2696,837.48,0.0,0.35,2392.8
P3852,1878.1100000000001,0.435,0.7849999999999999,2392.4968152866245
P0500,1876.92,0.435,0.7849999999999999,2390.9808917197456
P1790,1582.5700000000002,0.312,0.6619999999999999,2390.58912386707
P2020,1627.77,0.331,0.681,2390.2643171806167
P3411,836.0899999999999,0.0,0.35,2388.828571428571
P6590,1084.09,0.104,0.45399999999999996,2387.863436123348
P6770,2122.34,0.539,0.889,2387.334083239595
P3000,1625.6399999999999,0.331,0.681,2387.1365638766515
P1437,1625.58,0.331,0.681,2387.0484581497794
P3301,1083.3799999999999,0.104,0.45399999999999996,2386.2995594713657
P7221,1623.63,0.331,0.681,2384.185022026432
P4137,1623.44,0.331,0.681,2383.9060205580026
P6358,1082.1599999999999,0.104,0.45399999999999996,2383.612334801762
P5363,1870.9,0.435,0.7849999999999999,2383.3121019108285
P5574,1329.34,0.208,0.5579999999999999,2382.329749103943
P1167,833.81,0.0,0.35,2382.3142857142857
P3214,833.65,0.0,0.35,2381.857142857143
P6093,3985.7200000000003,1.324,1.674,2380.955794504182
P7212,1621.06,0.331,0.681,2380.411160058737
P0328,833.0,0.0,0.35,2380.0
P6145,832.9100000000001,0.0,0.35,2379.7428571428577
P1634,1575.25,0.312,0.6619999999999999,2379.531722054381
P3082,1080.05,0.104,0.45399999999999996,2378.964757709251
P3641,2406.62,0.662,1.012,2378.083003952569
P5725,3193.36,0.9930000000000001,1.343,2377.781087118392
P5412,1618.62,0.331,0.681,2376.8281938325986
P1260,1078.88,0.104,0.45399999999999996,2376.387665198238
P0189,1865.22,0.435,0.7849999999999999,2376.0764331210194
P0938,2359.15,0.643,0.993,2375.780463242699
P6840,831.35,0.0,0.35,2375.2857142857147
P1306,1617.5400000000002,0.331,0.681,2375.242290748899
P3966,2111.4700000000003,0.5389999999999999,0.8889999999999999,2375.1068616422954
P4547,2403.44,0.662,1.012,2374.9407114624505
P7614,1617.1999999999998,0.331,0.681,2374.743024963289
P2252,1617.0800000000002,0.331,0.681,2374.5668135095448
P6287,830.34,0.0,0.35,2372.4
P7412,2109.0,0.539,0.889,2372.328458942632
P2889,1862.18,0.435,0.7849999999999999,2372.2038216560513
P2367,1076.8700000000001,0.104,0.45399999999999996,2371.960352422908
P7262,829.8499999999999,0.0,0.35,2371.0
P7384,1322.49,0.208,0.5579999999999999,2370.0537634408606
P5061,2106.7,0.5389999999999999,0.8889999999999999,2369.7412823397076
P5314,2395.67,0.662,1.012,2367.2628458498025
P0670,828.14,0.0,0.35,2366.114285714286
P7810,1074.03,0.104,0.45399999999999996,2365.704845814978
P5101,1610.94,0.331,0.681,2365.5506607929515
P0595,1319.54,0.208,0.5579999999999999,2364.767025089606
P4242,1073.15,0.104,0.45399999999999996,2363.766519823789
P3625,827.31,0.0,0.35,2363.7428571428572
P5527,1608.75,0.331,0.681,2362.3348017621142
P5076,826.74,0.0,0.35,2362.114285714286
P7638,1853.94,0.435,0.7849999999999999,2361.707006369427
P4327,2099.15,0.539,0.889,2361.2485939257595
P8000,826.4200000000001,0.0,0.35,2361.2000000000003
P3612,1562.7599999999998,0.312,0.6619999999999999,2360.6646525679757
P0157,1853.0,0.435,0.7849999999999999,2360.5095541401274
P0351,1852.96,0.435,0.7849999999999999,2360.458598726115
P2507,1852.5,0.435,0.7849999999999999,2359.8726114649685
P2838,1607.07,0.331,0.681,2359.867841409691
P6038,1607.04,0.331,0.681,2359.8237885462554
P7382,825.49,0.0,0.35,2358.5428571428574
P1415,2631.14,0.766,1.116,2357.6523297491035
P0058,1069.96,0.104,0.45399999999999996,2356.740088105727
P3395,1849.92,0.435,0.7849999999999999,2356.585987261147
P3103,824.76,0.0,0.35,2356.457142857143
P7780,1849.52,0.435,0.7849999999999999,2356.0764331210194
P3003,1849.51,0.435,0.7849999999999999,2356.063694267516
P4950,824.4300000000001,0.0,0.35,2355.514285714286
P6931,2093.54,0.539,0.889,2354.938132733408
P4383,1602.59,0.331,0.681,2353.2892804698968
P6079,1312.93,0.208,0.5579999999999999,2352.9211469534052
P0230,1846.5900000000001,0.435,0.7849999999999999,2352.343949044586
P6994,823.28,0.0,0.35,2352.2285714285713
P2798,2868.98,0.87,1.22,2351.622950819672
P2515,1845.72,0.435,0.7849999999999999,2351.235668789809
P4321,3402.13,1.097,1.447,2351.1610228058053
P7567,1845.54,0.435,0.7849999999999999,2351.006369426752
P5720,2089.33,0.5389999999999999,0.8889999999999999,2350.2024746906636
P2756,1600.03,0.331,0.681,2349.5301027900146
P6269,821.94,0.0,0.35,2348.4
P6698,1598.57,0.331,0.681,2347.3861967694565
P6732,1065.61,0.104,0.45399999999999996,2347.15859030837
P4829,821.49,0.0,0.35,2347.114285714286
P2237,1598.1699999999998,0.331,0.681,2346.798825256975
P5843,2374.88,0.662,1.012,2346.719367588933
P0447,2618.36,0.766,1.116,2346.200716845878
P4103,2374.27,0.662,1.012,2346.116600790514
P0333,821.0899999999999,0.0,0.35,2345.9714285714285
P7938,821.06,0.0,0.35,2345.885714285714
P6392,1065.01,0.104,0.45399999999999996,2345.8370044052867
P1145,2084.47,0.539,0.889,2344.7356580427445
P5600,820.5899999999999,0.0,0.35,2344.542857142857
P1777,1064.25,0.104,0.45399999999999996,2344.1629955947137
P3593,2371.7,0.662,1.012,2343.577075098814
P3321,1307.6,0.208,0.5579999999999999,2343.36917562724
P2082,1595.77,0.331,0.681,2343.274596182085
P2793,1062.89,0.104,0.45399999999999996,2341.167400881058
P1853,2612.66,0.766,1.116,2341.0931899641573
P2491,1836.83,0.435,0.7849999999999999,2339.9108280254777
P7797,1593.2,0.331,0.681,2339.5007342143904
P3054,1592.64,0.331,0.681,2338.678414096916
P0804,818.51,0.0,0.35,2338.6
P7776,1592.17,0.331,0.681,2337.9882525697503
P4875,1591.6499999999999,0.331,0.681,2337.224669603524
P0770,1591.5800000000002,0.331,0.681,2337.12187958884
P6860,1302.9699999999998,0.208,0.5579999999999999,2335.0716845878137
P6945,1589.8899999999999,0.331,0.681,2334.6402349486048
P4727,1059.79,0.104,0.45399999999999996,2334.3392070484583
P0825,816.99,0.0,0.35,2334.257142857143
P4230,2074.84,0.539,0.889,2333.9032620922385
P5091,2604.51,0.766,1.116,2333.7903225806454
P4626,2361.6,0.662,1.012,2333.596837944664
P5082,2603.99,0.766,1.116,2333.324372759856
P6701,1588.94,0.331,0.681,2333.245227606461
P3927,1588.75,0.331,0.681,2332.966226138032
P6144,1831.3700000000001,0.435,0.7849999999999999,2332.9554140127393
P5085,1831.03,0.435,0.7849999999999999,2332.522292993631
P5445,1588.27,0.331,0.681,2332.2613803230543
P1882,1058.72,0.104,0.45399999999999996,2331.982378854626
P5730,3373.14,1.097,1.447,2331.126468555632
P2341,815.87,0.0,0.35,2331.057142857143
P6302,1829.5,0.435,0.7849999999999999,2330.5732484076434
P3714,1586.74,0.331,0.681,2330.014684287812
P4948,2356.61,0.662,1.012,2328.6660079051385
P2240,3080.17,0.974,1.3239999999999998,2326.412386706949
P5468,813.9000000000001,0.0,0.35,2325.428571428572
P0697,813.8699999999999,0.0,0.35,2325.342857142857
P4697,813.86,0.0,0.35,2325.3142857142857
P4939,3122.61,0.9930000000000001,1.343,2325.1005212211467
P5118,813.47,0.0,0.35,2324.2000000000003
P5143,2591.38,0.766,1.116,2322.0250896057346
P4127,1822.22,0.435,0.7849999999999999,2321.299363057325
P3706,1579.97,0.331,0.681,2320.07342143906
P0148,1579.57,0.331,0.681,2319.4860499265783
P4943,2302.29,0.643,0.993,2318.5196374622356
P3140,1578.62,0.331,0.681,2318.0910425844345
P7004,2345.89,0.662,1.012,2318.073122529644
P7154,1819.01,0.435,0.7849999999999999,2317.210191082803
P6575,1051.8600000000001,0.104,0.45399999999999996,2316.8722466960357
P1247,1577.76,0.331,0.681,2316.828193832599
P5909,1051.82,0.104,0.45399999999999996,2316.784140969163
P0606,1051.5,0.104,0.45399999999999996,2316.0792951541853
P4211,1817.43,0.435,0.7849999999999999,2315.1974522293
P3156,1051.03,0.104,0.45399999999999996,2315.0440528634363
P1713,809.53,0.0,0.35,2312.942857142857
P1545,1049.9,0.104,0.45399999999999996,2312.5550660792956
P7735,1815.31,0.435,0.7849999999999999,2312.4968152866245
P0383,1573.7,0.331,0.681,2310.8663729809105
P1695,1573.21,0.331,0.681,2310.1468428781204
P3283,1572.8400000000001,0.331,0.681,2309.603524229075
P6699,1048.19,0.104,0.45399999999999996,2308.788546255507
P0305,1811.98,0.435,0.7849999999999999,2308.254777070064
P0102,1571.8600000000001,0.331,0.681,2308.164464023495
P6289,2335.8,0.662,1.012,2308.102766798419
P0346,1571.41,0.331,0.681,2307.503671071953
P0943,2334.24,0.662,1.012,2306.561264822134
P6904,1047.09,0.104,0.45399999999999996,2306.36563876652
P0259,1810.08,0.435,0.7849999999999999,2305.834394904459
P7338,3095.9700000000003,0.9930000000000001,1.343,2305.264333581534
P7053,806.38,0.0,0.35,2303.942857142857
P0538,1568.87,0.331,0.681,2303.7738619676943
P6313,2047.34,0.539,0.889,2302.9696287964002
P1960,1284.9,0.208,0.5579999999999999,2302.688172043011
P6136,2330.29,0.662,1.012,2302.6581027667985
P4254,1567.94,0.331,0.681,2302.4082232011747
P6291,805.5799999999999,0.0,0.35,2301.657142857143
P6077,1566.81,0.331,0.681,2300.7488986784138
P3370,3088.68,0.9930000000000001,1.343,2299.836187639613
P7470,1565.6399999999999,0.331,0.681,2299.030837004405
P5626,804.6500000000001,0.0,0.35,2299.0000000000005
P6634,2042.72,0.539,0.889,2297.7727784026997
P7451,2562.81,0.766,1.116,2296.4247311827953
P6424,1801.98,0.435,0.7849999999999999,2295.5159235668793
P3105,803.2,0.0,0.35,2294.857142857143
P7070,802.85,0.0,0.35,2293.857142857143
P2129,3035.87,0.974,1.3239999999999998,2292.9531722054385
P2856,1799.9299999999998,0.435,0.7849999999999999,2292.9044585987263
P1663,1040.9,0.104,0.45399999999999996,2292.73127753304
P1118,1799.3500000000001,0.435,0.7849999999999999,2292.1656050955417
P5467,802.12,0.0,0.35,2291.7714285714287
P2544,802.07,0.0,0.35,2291.628571428572
P3981,1560.57,0.331,0.681,2291.5859030837
P2872,2318.46,0.662,1.012,2290.9683794466405
P6162,801.57,0.0,0.35,2290.2000000000003
P0092,1039.5900000000001,0.104,0.45399999999999996,2289.845814977974
P7792,1039.47,0.104,0.45399999999999996,2289.5814977973573
P0580,1797.1499999999999,0.435,0.7849999999999999,2289.3630573248406
P0686,800.94,0.0,0.35,2288.4
P6773,1557.89,0.331,0.681,2287.650513950073
P6220,800.59,0.0,0.35,2287.4
P4584,800.23,0.0,0.35,2286.3714285714286
P7425,1275.3899999999999,0.208,0.5579999999999999,2285.6451612903224
P6632,1556.43,0.331,0.681,2285.506607929515
P4537,1037.4,0.104,0.45399999999999996,2285.0220264317186
P6143,799.69,0.0,0.35,2284.8285714285716
P1079,2311.6800000000003,0.662,1.012,2284.2687747035575
P2382,799.29,0.0,0.35,2283.6857142857143
P6307,799.25,0.0,0.35,2283.571428571429
P0523,1554.16,0.331,0.681,2282.173274596182
P6587,2309.45,0.662,1.012,2282.065217391304
P0515,2308.92,0.662,1.012,2281.5415019762845
P1337,1510.23,0.312,0.6619999999999999,2281.3141993957706
P1408,1272.76,0.208,0.5579999999999999,2280.9318996415773
P2191,798.31,0.0,0.35,2280.885714285714
P4544,797.71,0.0,0.35,2279.171428571429
P4237,3297.42,1.097,1.447,2278.7975120939877
P1992,1271.36,0.208,0.5579999999999999,2278.4229390681003
P5359,2305.38,0.662,1.012,2278.0434782608695
P0993,1270.9,0.208,0.5579999999999999,2277.5985663082442
P3576,1033.43,0.104,0.45399999999999996,2276.277533039648
P4303,1549.85,0.331,0.681,2275.844346549192
P5791,1033.1,0.104,0.45399999999999996,2275.5506607929515
P3743,1784.92,0.435,0.7849999999999999,2273.783439490446
P6807,795.78,0.0,0.35,2273.657142857143
P6626,2300.27,0.662,1.012,2272.994071146245
P5197,1784.26,0.435,0.7849999999999999,2272.942675159236
P7548,1268.1399999999999,0.208,0.5579999999999999,2272.652329749104
P0154,2299.45,0.662,1.012,2272.183794466403
P6186,1546.6399999999999,0.331,0.681,2271.1306901615267
P5753,1546.5,0.331,0.681,2270.9251101321584
P7713,1782.51,0.435,0.7849999999999999,2270.7133757961788
P1851,794.73,0.0,0.35,2270.657142857143
P5710,794.6,0.0,0.35,2270.2857142857147
P3833,3799.96,1.324,1.674,2269.9880525686976
P6463,1545.14,0.331,0.681,2268.9280469897208
P2898,1545.03,0.331,0.681,2268.7665198237883
P3081,1029.77,0.104,0.45399999999999996,2268.2158590308372
P6304,2295.43,0.662,1.012,2268.2114624505925
P6742,1265.5,0.208,0.5579999999999999,2267.9211469534052
P2950,1780.22,0.435,0.7849999999999999,2267.796178343949
P1512,2530.81,0.766,1.116,2267.7508960573473
P6472,1780.0,0.435,0.7849999999999999,2267.5159235668793
P6047,1029.35,0.104,0.45399999999999996,2267.2907488986784
P4274,2293.36,0.662,1.012,2266.1660079051385
P4087,1778.91,0.435,0.7849999999999999,2266.127388535032
P7464,1778.76,0.435,0.7849999999999999,2265.9363057324845
P7125,1542.72,0.331,0.681,2265.374449339207
P2230,792.5699999999999,0.0,0.35,2264.485714285714
P3127,2291.48,0.662,1.012,2264.308300395257
P1789,2290.7999999999997,0.662,1.012,2263.6363636363635
P2605,2761.62,0.87,1.22,2263.622950819672
P4179,1775.37,0.435,0.7849999999999999,2261.6178343949045
P5020,1775.08,0.435,0.7849999999999999,2261.248407643312
P0420,2286.96,0.662,1.012,2259.8418972332015
P6491,2286.3999999999996,0.662,1.012,2259.2885375494066
P5663,1772.7,0.435,0.7849999999999999,2258.2165605095543
P7838,1537.6100000000001,0.331,0.681,2257.870778267254
P1739,1537.02,0.331,0.681,2257.0044052863436
P0487,789.8100000000001,0.0,0.35,2256.6000000000004
P1675,1024.42,0.104,0.45399999999999996,2256.4317180616745
P4645,1024.21,0.104,0.45399999999999996,2255.969162995595
P6582,1023.89,0.104,0.45399999999999996,2255.264317180617
P4460,1769.7,0.435,0.7849999999999999,2254.394904458599
P4951,1767.08,0.435,0.7849999999999999,2251.0573248407645
P1877,787.83,0.0,0.35,2250.9428571428575
P2562,2277.3,0.662,1.012,2250.296442687747
P7847,787.6,0.0,0.35,2250.2857142857147
P4101,1532.33,0.331,0.681,2250.1174743024962
P4749,787.46,0.0,0.35,2249.8857142857146
P2879,1531.78,0.331,0.681,2249.3098384728337
P5102,1999.23,0.539,0.889,2248.8526434195724
P4570,1764.47,0.435,0.7849999999999999,2247.7324840764336
P4144,2274.21,0.662,1.012,2247.2430830039525
P4618,1530.11,0.331,0.681,2246.8575624082227
P3891,1763.69,0.435,0.7849999999999999,2246.738853503185
P5390,786.3199999999999,0.0,0.35,2246.6285714285714
P4850,1529.56,0.331,0.681,2246.0499265785606
P2535,1486.2,0.312,0.6619999999999999,2245.0151057401818
P2557,1528.65,0.331,0.681,2244.713656387665
P5437,1528.25,0.331,0.681,2244.1262848751835
P3846,1761.5600000000002,0.435,0.7849999999999999,2244.0254777070068
P3804,1760.8400000000001,0.435,0.7849999999999999,2243.1082802547776
P6685,2269.8399999999997,0.662,1.012,2242.9249011857705
P5551,2269.75,0.662,1.012,2242.8359683794465
P7815,1527.36,0.331,0.681,2242.819383259912
P5177,1759.6799999999998,0.435,0.7849999999999999,2241.6305732484075
P0744,1526.41,0.331,0.681,2241.424375917768
P7660,1250.7,0.208,0.5579999999999999,2241.397849462366
P5214,1759.47,0.435,0.7849999999999999,2241.363057324841
P1630,1759.29,0.435,0.7849999999999999,2241.1337579617834
P3940,1992.1,0.539,0.889,2240.832395950506
P7697,1016.95,0.104,0.45399999999999996,2239.9779735682823
P6707,1016.76,0.104,0.45399999999999996,2239.5594713656387
P1401,783.66,0.0,0.35,2239.0285714285715
P1019,2731.2799999999997,0.87,1.22,2238.7540983606555
P7992,1523.85,0.331,0.681,2237.6651982378853
P1391,1015.8899999999999,0.104,0.45399999999999996,2237.643171806167
P3173,2728.65,0.87,1.22,2236.598360655738
P7059,1247.9099999999999,0.208,0.5579999999999999,2236.3978494623657
P7877,2495.34,0.766,1.116,2235.967741935484
P6321,782.5600000000001,0.0,0.35,2235.8857142857146
P6899,1014.77,0.104,0.45399999999999996,2235.1762114537446
P7344,1247.09,0.208,0.5579999999999999,2234.9283154121863
P2841,2261.39,0.662,1.012,2234.575098814229
P0039,1521.41,0.331,0.681,2234.0822320117472
P4826,1752.51,0.435,0.7849999999999999,2232.4968152866245
P3952,1013.14,0.104,0.45399999999999996,2231.5859030837005
P7493,1244.96,0.208,0.5579999999999999,2231.1111111111113
P3653,1518.98,0.331,0.681,2230.5139500734213
P0020,1982.82,0.539,0.889,2230.3937007874015
P2245,780.27,0.0,0.35,2229.342857142857
P2022,1981.47,0.539,0.889,2228.875140607424
P3853,1516.4,0.331,0.681,2226.725403817915
P7449,1747.52,0.435,0.7849999999999999,2226.1401273885353
P3973,1515.58,0.331,0.681,2225.5212922173273
P1957,1746.79,0.435,0.7849999999999999,2225.210191082803
P7633,1010.04,0.104,0.45399999999999996,2224.7577092511015
P5760,1514.99,0.331,0.681,2224.654919236417
P2517,2482.5299999999997,0.766,1.116,2224.4892473118275
P0688,778.54,0.0,0.35,2224.4
P2817,2250.7,0.662,1.012,2224.0118577075095
P0524,2481.72,0.766,1.116,2223.763440860215
P2617,1240.7,0.208,0.5579999999999999,2223.476702508961
P7305,2943.62,0.974,1.3239999999999998,2223.2779456193357
P5190,2207.28,0.643,0.993,2222.839879154079
P5983,777.83,0.0,0.35,2222.3714285714286
P7587,1744.06,0.435,0.7849999999999999,2221.732484076433
P4122,1008.6600000000001,0.104,0.45399999999999996,2221.7180616740093
P0212,1238.75,0.208,0.5579999999999999,2219.982078853047
P4838,1973.5300000000002,0.539,0.889,2219.943757030371
P5653,1740.54,0.435,0.7849999999999999,2217.2484076433125
P4739,775.98,0.0,0.35,2217.0857142857144
P7699,1006.4300000000001,0.104,0.45399999999999996,2216.8061674008813
P6094,1236.79,0.208,0.5579999999999999,2216.4695340501794
P0563,2473.55,0.766,1.116,2216.442652329749
P4683,2242.96,0.662,1.012,2216.3636363636365
P4506,775.37,0.0,0.35,2215.342857142857
P7253,2472.1,0.766,1.116,2215.143369175627
P0866,4166.51,1.532,1.8820000000000001,2213.8735387885226
P0536,1004.72,0.104,0.45399999999999996,2213.0396475770926
P4491,1464.88,0.312,0.6619999999999999,2212.8096676737164
P4263,1506.29,0.331,0.681,2211.879588839941
P4899,1003.92,0.104,0.45399999999999996,2211.2775330396476
P2346,1233.83,0.208,0.5579999999999999,2211.1648745519715
P3207,1003.8,0.104,0.45399999999999996,2211.013215859031
P1014,1003.51,0.104,0.45399999999999996,2210.3744493392073
P4912,1734.21,0.435,0.7849999999999999,2209.1847133757965
P1147,2464.63,0.766,1.116,2208.4498207885304
P5890,1002.42,0.104,0.45399999999999996,2207.9735682819382
P0790,1002.4100000000001,0.104,0.45399999999999996,2207.9515418502206
P1227,1962.23,0.539,0.889,2207.2328458942634
P3468,772.45,0.0,0.35,2207.0000000000005
P2541,1732.12,0.435,0.7849999999999999,2206.522292993631
P5803,3420.06,1.201,1.5510000000000002,2205.067698259187
P3989,1730.75,0.435,0.7849999999999999,2204.7770700636943
P6894,1501.18,0.331,0.681,2204.375917767988
P0003,1230.01,0.208,0.5579999999999999,2204.318996415771
P6916,1229.44,0.208,0.5579999999999999,2203.297491039427
P7426,1729.52,0.435,0.7849999999999999,2203.210191082803
P6845,1729.2400000000002,0.435,0.7849999999999999,2202.853503184714
P0583,2186.4,0.643,0.993,2201.8126888217525
P0852,2457.04,0.766,1.116,2201.648745519713
P5784,1499.18,0.331,0.681,2201.43906020558
P5640,1228.26,0.208,0.5579999999999999,2201.182795698925
P0526,1498.98,0.331,0.681,2201.145374449339
P3051,1956.19,0.5389999999999999,0.8889999999999999,2200.438695163105
P2359,1498.4599999999998,0.331,0.681,2200.3817914831125
P1113,3412.79,1.201,1.5510000000000002,2200.3803997421014
P5824,1498.3400000000001,0.331,0.681,2200.205580029369
P6286,769.51,0.0,0.35,2198.6
P4516,1725.72,0.435,0.7849999999999999,2198.3694267515925
P0786,2909.87,0.974,1.3239999999999998,2197.787009063444
P6012,769.01,0.0,0.35,2197.171428571429
P1128,768.8,0.0,0.35,2196.5714285714284
P5335,1723.3700000000001,0.435,0.7849999999999999,2195.3757961783444
P1983,1723.31,0.435,0.7849999999999999,2195.299363057325
P0010,1224.76,0.208,0.5579999999999999,2194.910394265233
P2593,767.7299999999999,0.0,0.35,2193.5142857142855
P7689,767.3599999999999,0.0,0.35,2192.4571428571426
P0901,3170.4,1.097,1.447,2191.0158949550796
P4027,2217.2,0.662,1.012,2190.9090909090905
P4079,994.61,0.104,0.45399999999999996,2190.7709251101323
P4445,766.7,0.0,0.35,2190.571428571429
P6046,1719.59,0.435,0.7849999999999999,2190.56050955414
P6011,2444.44,0.766,1.116,2190.358422939068
P7440,1449.21,0.312,0.6619999999999999,2189.138972809668
P4730,1490.73,0.331,0.681,2189.030837004405
P6473,1490.3400000000001,0.331,0.681,2188.458149779736
P6831,1716.75,0.435,0.7849999999999999,2186.942675159236
P1510,1715.54,0.435,0.7849999999999999,2185.4012738853503
P5958,1488.08,0.331,0.681,2185.139500734214
P6558,764.41,0.0,0.35,2184.0285714285715
P2731,2209.86,0.662,1.012,2183.6561264822135
P4259,1713.66,0.435,0.7849999999999999,2183.006369426752
P5483,1486.53,0.331,0.681,2182.863436123348
P4430,990.81,0.104,0.45399999999999996,2182.4008810572686
P0991,2662.2599999999998,0.87,1.22,2182.180327868852
P4926,2208.02,0.662,1.012,2181.8379446640315
P5021,2207.1400000000003,0.662,1.012,2180.9683794466405
P5199,1484.75,0.331,0.681,2180.2496328928046
P4682,989.8199999999999,0.104,0.45399999999999996,2180.220264317181
P6563,1484.6100000000001,0.331,0.681,2180.0440528634363
P1501,1710.48,0.435,0.7849999999999999,2178.9554140127393
P3540,1936.73,0.539,0.889,2178.548931383577
P7968,2429.78,0.766,1.116,2177.222222222222
P3784,761.8000000000001,0.0,0.35,2176.571428571429
P3971,1213.56,0.208,0.5579999999999999,2174.8387096774195
P4709,2652.58,0.87,1.22,2174.245901639344
P1872,2200.33,0.662,1.012,2174.2391304347825
P0435,2199.9300000000003,0.662,1.012,2173.843873517787
P4772,2918.46,0.9930000000000001,1.343,2173.090096798213
P6721,1212.0700000000002,0.208,0.5579999999999999,2172.1684587813625
P6084,760.25,0.0,0.35,2172.1428571428573
P4916,1930.67,0.539,0.889,2171.732283464567
P3361,760.09,0.0,0.35,2171.6857142857143
P5404,985.3299999999999,0.104,0.45399999999999996,2170.330396475771
P5572,759.4,0.0,0.35,2169.714285714286
P7477,983.89,0.104,0.45399999999999996,2167.15859030837
P1844,1700.91,0.435,0.7849999999999999,2166.7643312101914
P4508,1475.18,0.331,0.681,2166.196769456681
P4334,1208.57,0.208,0.5579999999999999,2165.89605734767
P3810,758.0,0.0,0.35,2165.714285714286
P6638,1923.53,0.5389999999999999,0.8889999999999999,2163.700787401575
P2261,757.1899999999999,0.0,0.35,2163.4
P2666,1698.1399999999999,0.435,0.7849999999999999,2163.235668789809
P1672,757.0400000000001,0.0,0.35,2162.971428571429
P6532,756.98,0.0,0.35,2162.8
P5973,756.88,0.0,0.35,2162.514285714286
P5493,1697.51,0.435,0.7849999999999999,2162.4331210191085
P2580,756.81,0.0,0.35,2162.3142857142857
P3762,1472.22,0.331,0.681,2161.850220264317
P4781,1696.68,0.435,0.7849999999999999,2161.3757961783444
P5719,756.46,0.0,0.35,2161.314285714286
P5088,1695.28,0.435,0.7849999999999999,2159.5923566878982
P0892,2900.02,0.9930000000000001,1.343,2159.3596425912137
P4522,755.6400000000001,0.0,0.35,2158.971428571429
P4637,755.2,0.0,0.35,2157.714285714286
P1525,1469.38,0.331,0.681,2157.6798825256974
P3843,2183.23,0.662,1.012,2157.3418972332015
P6493,1468.59,0.331,0.681,2156.519823788546
P7840,2406.0899999999997,0.766,1.116,2155.9946236559135
P4380,754.58,0.0,0.35,2155.9428571428575
P1538,978.61,0.104,0.45399999999999996,2155.528634361234
P4519,2404.02,0.766,1.116,2154.1397849462364
P2417,2179.1,0.662,1.012,2153.2608695652175
P5128,1466.37,0.331,0.681,2153.2599118942726
P5003,1466.28,0.331,0.681,2153.1277533039647
P5062,2401.79,0.766,1.116,2152.1415770609315
P2768,1688.43,0.435,0.7849999999999999,2150.866242038217
P0130,2621.9,0.87,1.22,2149.098360655738
P2118,1910.41,0.539,0.889,2148.942632170979
P6527,2620.0299999999997,0.87,1.22,2147.5655737704915
P1015,973.72,0.104,0.45399999999999996,2144.7577092511015
P1216,1683.35,0.435,0.7849999999999999,2144.394904458599
P4848,1905.9899999999998,0.539,0.889,2143.9707536557926
P7629,2128.81,0.643,0.993,2143.816717019134
P6371,2392.23,0.766,1.116,2143.5752688172042
P0949,749.74,0.0,0.35,2142.114285714286
P4753,1458.3,0.331,0.681,2141.409691629956
P5915,749.47,0.0,0.35,2141.342857142857
P2134,1680.6,0.435,0.7849999999999999,2140.891719745223
P7681,1680.53,0.435,0.7849999999999999,2140.802547770701
P0623,1902.7800000000002,0.5389999999999999,0.8889999999999999,2140.3599550056247
P7105,971.6800000000001,0.104,0.45399999999999996,2140.264317180617
P6551,1416.49,0.312,0.6619999999999999,2139.7129909365563
P2986,1456.3500000000001,0.331,0.681,2138.546255506608
P4305,2386.31,0.766,1.116,2138.2706093189963
P1944,1455.94,0.331,0.681,2137.944199706314
P0946,2163.59,0.662,1.012,2137.934782608696
P2581,747.77,0.0,0.35,2136.4857142857145
P3251,747.69,0.0,0.35,2136.257142857143
P3016,2160.24,0.662,1.012,2134.6245059288535
P1446,2602.6800000000003,0.87,1.22,2133.3442622950824
P6485,1452.18,0.331,0.681,2132.4229074889868
P5660,1895.64,0.5389999999999999,0.8889999999999999,2132.3284589426326
P4815,1452.1100000000001,0.331,0.681,2132.3201174743026
P6274,1451.98,0.331,0.681,2132.129221732746
P5429,1450.96,0.331,0.681,2130.6314243759175
P6648,1450.79,0.331,0.681,2130.381791483113
P0335,967.1,0.104,0.45399999999999996,2130.1762114537446
P3027,966.98,0.104,0.45399999999999996,2129.911894273128
P1322,966.8900000000001,0.104,0.45399999999999996,2129.7136563876657
P1001,966.84,0.104,0.45399999999999996,2129.603524229075
P0237,745.35,0.0,0.35,2129.571428571429
P5349,1892.9499999999998,0.539,0.889,2129.3025871766026
P4518,2154.82,0.662,1.012,2129.2687747035575
P5316,1449.76,0.331,0.681,2128.869309838473
P6330,966.47,0.104,0.45399999999999996,2128.788546255507
P1004,744.8199999999999,0.0,0.35,2128.057142857143
P0272,2153.0699999999997,0.662,1.012,2127.5395256916995
P7916,1670.01,0.435,0.7849999999999999,2127.4012738853507
P4339,744.53,0.0,0.35,2127.2285714285713
P7630,744.44,0.0,0.35,2126.971428571429
P7829,1888.85,0.539,0.889,2124.6906636670415
P2751,1667.8,0.435,0.7849999999999999,2124.585987261147
P3260,964.11,0.104,0.45399999999999996,2123.590308370044
P5975,1445.8,0.331,0.681,2123.0543318649043
P0859,1445.76,0.331,0.681,2122.9955947136564
P5261,1445.63,0.331,0.681,2122.8046989720997
P0421,1665.9,0.435,0.7849999999999999,2122.1656050955417
P7374,1665.69,0.435,0.7849999999999999,2121.898089171975
P0742,1183.74,0.208,0.5579999999999999,2121.3978494623657
P6115,1444.58,0.331,0.681,2121.2628487518355
P4421,1664.72,0.435,0.7849999999999999,2120.6624203821657
P7188,1664.69,0.435,0.7849999999999999,2120.6242038216565
P4400,1183.24,0.208,0.5579999999999999,2120.5017921146955
P6271,1664.56,0.435,0.7849999999999999,2120.458598726115
P2977,1443.9099999999999,0.331,0.681,2120.2790014684283
P1534,962.55,0.104,0.45399999999999996,2120.1541850220265
P1320,1663.87,0.435,0.7849999999999999,2119.579617834395
P0501,1882.96,0.539,0.889,2118.0652418447694
P0470,741.3100000000001,0.0,0.35,2118.028571428572
P5577,741.01,0.0,0.35,2117.171428571429
P2308,1441.71,0.331,0.681,2117.0484581497794
P1494,1440.9,0.331,0.681,2115.8590308370044
P3875,1880.92,0.539,0.889,2115.7705286839146
P2077,740.49,0.0,0.35,2115.6857142857143
P1427,740.39,0.0,0.35,2115.4
P3629,2139.95,0.662,1.012,2114.575098814229
P5060,3278.07,1.201,1.5510000000000002,2113.520309477756
P1651,1439.1200000000001,0.331,0.681,2113.245227606461
P7705,2138.5299999999997,0.662,1.012,2113.171936758893
P7292,958.96,0.104,0.45399999999999996,2112.2466960352426
P3694,1438.09,0.331,0.681,2111.7327459618205
P0857,958.5,0.104,0.45399999999999996,2111.2334801762117
P3334,1876.8200000000002,0.5389999999999999,0.8889999999999999,2111.1586051743534
P3548,1655.6,0.435,0.7849999999999999,2109.044585987261
P6281,1176.75,0.208,0.5579999999999999,2108.8709677419356
P0663,738.09,0.0,0.35,2108.8285714285716
P5238,2572.74,0.87,1.22,2108.8032786885246
P4051,1874.7,0.539,0.889,2108.773903262092
P3109,1435.9099999999999,0.331,0.681,2108.5315712187953
P0516,1873.94,0.539,0.889,2107.9190101237346
P6743,737.76,0.0,0.35,2107.8857142857146
P6509,2133.09,0.662,1.012,2107.796442687747
P6400,956.76,0.104,0.45399999999999996,2107.400881057269
P1123,2132.6600000000003,0.662,1.012,2107.3715415019765
P2325,1654.22,0.435,0.7849999999999999,2107.2866242038217
P7680,2091.91,0.643,0.993,2106.656596173212
P7211,2131.7799999999997,0.662,1.012,2106.5019762845845
P0022,1652.8700000000001,0.435,0.7849999999999999,2105.566878980892
P6356,2130.5,0.662,1.012,2105.2371541501975
P0114,1433.58,0.331,0.681,2105.11013215859
P7456,4439.66,1.7590000000000001,2.109,2105.1019440493124
P1517,2349.08,0.766,1.116,2104.9103942652328
P7706,1433.1399999999999,0.331,0.681,2104.46402349486
P2372,954.99,0.104,0.45399999999999996,2103.502202643172
P5212,1432.1200000000001,0.331,0.681,2102.966226138032
P1085,1432.1,0.331,0.681,2102.936857562408
P6823,1650.6,0.435,0.7849999999999999,2102.675159235669
P2452,1431.45,0.331,0.681,2101.9823788546255
P5776,1430.76,0.331,0.681,2100.9691629955946
P3777,3039.48,1.097,1.447,2100.539046302695
P3586,953.54,0.104,0.45399999999999996,2100.308370044053
P1908,2343.27,0.766,1.116,2099.7043010752686
P1298,1429.84,0.331,0.681,2099.6182085168866
P2829,1171.17,0.208,0.5579999999999999,2098.870967741936
P1134,1428.92,0.331,0.681,2098.267254038179
P2702,1865.32,0.539,0.889,2098.22272215973
P5650,1428.29,0.331,0.681,2097.3421439060203
P0144,734.04,0.0,0.35,2097.2571428571428
P1862,1646.16,0.435,0.7849999999999999,2097.0191082802553
P2855,2340.15,0.766,1.116,2096.9086021505377
P6035,2815.62,0.9930000000000001,1.343,2096.5152643335814
P2398,951.81,0.104,0.45399999999999996,2096.4977973568284
P2311,733.49,0.0,0.35,2095.6857142857143
P2680,1426.05,0.331,0.681,2094.052863436123
P0106,731.8399999999999,0.0,0.35,2090.9714285714285
P2755,1423.75,0.331,0.681,2090.6754772393538
P5703,949.07,0.104,0.45399999999999996,2090.4625550660794
P7831,948.7199999999999,0.104,0.45399999999999996,2089.691629955947
P2758,1423.01,0.331,0.681,2089.588839941263
P5993,731.26,0.0,0.35,2089.3142857142857
P0725,2113.64,0.662,1.012,2088.577075098814
P0979,1422.24,0.331,0.681,2088.4581497797353
P2915,1639.24,0.435,0.7849999999999999,2088.2038216560513
P2210,730.79,0.0,0.35,2087.9714285714285
P3039,1421.87,0.331,0.681,2087.91483113069
P1838,947.84,0.104,0.45399999999999996,2087.753303964758
P7701,1421.6100000000001,0.331,0.681,2087.533039647577
P5707,1420.8899999999999,0.331,0.681,2086.47577092511
P5698,1420.83,0.331,0.681,2086.3876651982378
P0702,1420.65,0.331,0.681,2086.123348017621
P5414,1420.4899999999998,0.331,0.681,2085.888399412628
P5348,1419.5700000000002,0.331,0.681,2084.5374449339206
P3080,1419.43,0.331,0.681,2084.3318649045523
P6180,728.69,0.0,0.35,2081.971428571429
P4085,728.55,0.0,0.35,2081.5714285714284
P6601,944.8299999999999,0.104,0.45399999999999996,2081.123348017621
P2708,1632.59,0.435,0.7849999999999999,2079.732484076433
P5351,1416.1,0.331,0.681,2079.441997063142
P0679,1414.02,0.331,0.681,2076.3876651982378
P4470,1629.87,0.435,0.7849999999999999,2076.267515923567
P2030,726.65,0.0,0.35,2076.1428571428573
P3648,1413.6399999999999,0.331,0.681,2075.82966226138
P3371,1629.51,0.435,0.7849999999999999,2075.8089171974525
P0052,1413.18,0.331,0.681,2075.1541850220265
P3480,1373.58,0.312,0.6619999999999999,2074.8942598187314
P5395,2786.37,0.9930000000000001,1.343,2074.7356664184663
P2991,1843.86,0.5389999999999999,0.8889999999999999,2074.0832395950506
P4759,1627.97,0.435,0.7849999999999999,2073.847133757962
P4159,1843.21,0.539,0.889,2073.3520809898764
P1628,725.59,0.0,0.35,2073.114285714286
P3668,1411.11,0.331,0.681,2072.114537444934
P3709,940.3199999999999,0.104,0.45399999999999996,2071.1894273127755
P5530,940.0799999999999,0.104,0.45399999999999996,2070.6607929515417
P2777,2095.31,0.662,1.012,2070.4644268774705
P0433,724.4499999999999,0.0,0.35,2069.8571428571427
P0967,724.18,0.0,0.35,2069.0857142857144
P3787,2093.89,0.662,1.012,2069.061264822134
P7015,939.3199999999999,0.104,0.45399999999999996,2068.986784140969
P2029,939.26,0.104,0.45399999999999996,2068.854625550661
P3873,724.01,0.0,0.35,2068.6
P5805,938.83,0.104,0.45399999999999996,2067.9074889867843
P6984,2522.66,0.87,1.22,2067.7540983606555
P1448,1622.15,0.435,0.7849999999999999,2066.4331210191085
P0568,2520.58,0.87,1.22,2066.0491803278687
P1665,2090.65,0.662,1.012,2065.8596837944665
P3396,1406.8,0.331,0.681,2065.785609397944
P4938,1621.52,0.435,0.7849999999999999,2065.630573248408
P1221,722.94,0.0,0.35,2065.5428571428574
P0018,1621.25,0.435,0.7849999999999999,2065.2866242038217
P1050,1405.73,0.331,0.681,2064.2143906020556
P5633,1580.67,0.416,0.766,2063.537859007833
P3746,2302.86,0.766,1.116,2063.494623655914
P1355,722.12,0.0,0.35,2063.2000000000003
P0432,1150.9,0.208,0.5579999999999999,2062.544802867384
P3034,2087.05,0.662,1.012,2062.302371541502
P6003,2046.5,0.643,0.993,2060.9264853977843
P0009,1616.69,0.435,0.7849999999999999,2059.4777070063697
P2788,934.87,0.104,0.45399999999999996,2059.185022026432
P3289,720.7,0.0,0.35,2059.1428571428573
P6111,720.63,0.0,0.35,2058.942857142857
P6001,1402.12,0.331,0.681,2058.9133627019087
P0143,2082.71,0.662,1.012,2058.013833992095
P6384,1615.42,0.435,0.7849999999999999,2057.859872611465
P7684,720.25,0.0,0.35,2057.857142857143
P4210,1401.1499999999999,0.331,0.681,2057.4889867841407
P0638,1400.73,0.331,0.681,2056.8722466960353
P5114,719.87,0.0,0.35,2056.7714285714287
P3237,2040.6000000000001,0.643,0.993,2054.9848942598187
P4442,2078.32,0.662,1.012,2053.6758893280635
P4378,718.3,0.0,0.35,2052.285714285714
P1365,2076.66,0.662,1.012,2052.0355731225295
P0370,717.87,0.0,0.35,2051.057142857143
P5944,717.3299999999999,0.0,0.35,2049.5142857142855
P3476,717.13,0.0,0.35,2048.942857142857
P4968,1395.3000000000002,0.331,0.681,2048.898678414097
P0345,1607.98,0.435,0.7849999999999999,2048.382165605096
P5743,1142.04,0.208,0.5579999999999999,2046.6666666666667
P7750,929.17,0.104,0.45399999999999996,2046.6299559471368
P7056,1567.2299999999998,0.416,0.766,2045.9921671018274
P1171,2960.4500000000003,1.097,1.447,2045.922598479613
P3910,928.72,0.104,0.45399999999999996,2045.638766519824
P0805,1392.83,0.331,0.681,2045.2716593245225
P6997,1818.23,0.539,0.889,2045.2530933633295
P1541,2030.87,0.643,0.993,2045.1863041289023
P1507,1353.79,0.312,0.6619999999999999,2045.0000000000002
P3209,1605.3,0.435,0.7849999999999999,2044.9681528662422
P4189,1391.9099999999999,0.331,0.681,2043.9207048458147
P1230,1391.8600000000001,0.331,0.681,2043.8472834067547
P3578,2068.07,0.662,1.012,2043.5474308300397
P0341,2067.97,0.662,1.012,2043.4486166007903
P3552,1390.64,0.331,0.681,2042.0558002936857
P3774,714.7,0.0,0.35,2042.0000000000002
P3155,1390.09,0.331,0.681,2041.2481644640231
P0438,1814.23,0.539,0.889,2040.753655793026
P3486,2064.94,0.662,1.012,2040.4545454545455
P1261,1601.75,0.435,0.7849999999999999,2040.4458598726117
P5806,1812.93,0.539,0.889,2039.291338582677
P5658,1388.6399999999999,0.331,0.681,2039.1189427312772
P7092,2063.1,0.662,1.012,2038.6363636363635
P1975,1349.03,0.312,0.6619999999999999,2037.8096676737161
P1207,1599.65,0.435,0.7849999999999999,2037.770700636943
P7263,1136.87,0.208,0.5579999999999999,2037.4014336917562
P1258,2734.72,0.9930000000000001,1.343,2036.2769918093818
P1704,2060.2,0.662,1.012,2035.770750988142
P7428,2270.7799999999997,0.766,1.116,2034.749103942652
P3509,1596.9299999999998,0.435,0.7849999999999999,2034.3057324840765
P5491,1385.17,0.331,0.681,2034.023494860499
P4975,1385.05,0.331,0.681,2033.8472834067545
P7227,711.58,0.0,0.35,2033.0857142857146
P0564,922.98,0.104,0.45399999999999996,2032.9955947136566
P2802,922.94,0.104,0.45399999999999996,2032.9074889867845
P4168,711.4200000000001,0.0,0.35,2032.6285714285718
P5735,1595.4700000000003,0.435,0.7849999999999999,2032.445859872612
P7664,1383.99,0.331,0.681,2032.2907488986782
P3871,1383.8200000000002,0.331,0.681,2032.0411160058738
P4858,711.01,0.0,0.35,2031.457142857143
P2628,2265.9700000000003,0.766,1.116,2030.4390681003586
P4388,1343.4,0.312,0.6619999999999999,2029.305135951662
P1424,710.25,0.0,0.35,2029.2857142857144
P5251,2052.94,0.662,1.012,2028.596837944664
P4164,1381.44,0.331,0.681,2028.5462555066078
P0213,709.9,0.0,0.35,2028.2857142857144
P3208,2052.44,0.662,1.012,2028.102766798419
P1590,1591.9499999999998,0.435,0.7849999999999999,2027.9617834394903
P4152,920.36,0.104,0.45399999999999996,2027.2246696035245
P1649,1379.95,0.331,0.681,2026.3582966226138
P1623,1379.8600000000001,0.331,0.681,2026.2261380323055
P4447,1589.7,0.435,0.7849999999999999,2025.0955414012742
P1950,1378.8400000000001,0.331,0.681,2024.7283406754773
P3526,1378.7,0.331,0.681,2024.5227606461085
P5665,2048.78,0.662,1.012,2024.4861660079052
P6578,708.53,0.0,0.35,2024.3714285714286
P0340,2048.29,0.662,1.012,2024.001976284585
P6167,2047.9099999999999,0.662,1.012,2023.6264822134385
P4418,1128.84,0.208,0.5579999999999999,2023.010752688172
P6557,917.91,0.104,0.45399999999999996,2021.8281938325993
P6835,1587.0,0.435,0.7849999999999999,2021.6560509554142
P7201,707.54,0.0,0.35,2021.5428571428572
P4367,706.6800000000001,0.0,0.35,2019.0857142857146
P1033,2920.84,1.097,1.447,2018.5487214927437
P3979,916.4200000000001,0.104,0.45399999999999996,2018.5462555066083
P1411,1126.22,0.208,0.5579999999999999,2018.3154121863802
P2322,706.0600000000001,0.0,0.35,2017.314285714286
P4278,1583.58,0.435,0.7849999999999999,2017.2993630573249
P4197,915.5699999999999,0.104,0.45399999999999996,2016.6740088105728
P5452,705.74,0.0,0.35,2016.4
P6888,1372.7,0.331,0.681,2015.712187958884
P3062,705.2700000000001,0.0,0.35,2015.0571428571432
P7111,705.15,0.0,0.35,2014.7142857142858
P4972,1580.9099999999999,0.435,0.7849999999999999,2013.8980891719746
P3729,2913.6,1.097,1.447,2013.5452660677263
P7347,2037.37,0.662,1.012,2013.2114624505928
P1267,913.62,0.104,0.45399999999999996,2012.378854625551
P7541,704.26,0.0,0.35,2012.1714285714286
P2919,1788.71,0.539,0.889,2012.0472440944882
P6018,913.37,0.104,0.45399999999999996,2011.8281938325993
P7275,1370.03,0.331,0.681,2011.7914831130688
P4644,1369.72,0.331,0.681,2011.3362701908957
P0773,1787.9299999999998,0.539,0.889,2011.1698537682787
P5471,2700.76,0.9930000000000001,1.343,2010.9903201787047
P3494,1369.27,0.331,0.681,2010.6754772393538
P5673,703.53,0.0,0.35,2010.0857142857144
P4862,1577.8600000000001,0.435,0.7849999999999999,2010.0127388535036
P6279,1786.8799999999999,0.5389999999999999,0.8889999999999999,2009.9887514060742
P0494,1368.75,0.331,0.681,2009.9118942731277
P7819,1786.66,0.539,0.889,2009.7412823397076
P7609,2699.07,0.9930000000000001,1.343,2009.7319434102756
P3577,2033.72,0.662,1.012,2009.604743083004
P7729,703.18,0.0,0.35,2009.0857142857142
P5313,911.8000000000001,0.104,0.45399999999999996,2008.3700440528637
P3920,2031.25,0.662,1.012,2007.1640316205533
P5453,2865.94,1.078,1.428,2006.9607843137255
P2154,1366.1100000000001,0.331,0.681,2006.035242290749
P6270,1365.52,0.331,0.681,2005.1688693098383
P2294,1365.04,0.331,0.681,2004.4640234948604
P7979,1118.3400000000001,0.208,0.5579999999999999,2004.1935483870973
P3374,701.29,0.0,0.35,2003.6857142857143
P4812,1572.87,0.435,0.7849999999999999,2003.656050955414
P5328,908.97,0.104,0.45399999999999996,2002.1365638766522
P5736,1363.31,0.331,0.681,2001.9236417033771
P2412,1571.51,0.435,0.7849999999999999,2001.923566878981
P2340,1571.19,0.435,0.7849999999999999,2001.5159235668793
P1239,1362.8799999999999,0.331,0.681,2001.2922173274594
P1172,700.1,0.0,0.35,2000.2857142857144
P6421,2024.0,0.662,1.012,2000.0
P2590,1569.06,0.435,0.7849999999999999,1998.8025477707008
P1852,699.0699999999999,0.0,0.35,1997.3428571428572
P1498,698.95,0.0,0.35,1997.0000000000002
P2442,698.92,0.0,0.35,1996.9142857142858
P0769,2681.8,0.9930000000000001,1.343,1996.872673119881
P5905,906.49,0.104,0.45399999999999996,1996.6740088105728
P6226,1774.91,0.539,0.889,1996.5241844769405
P4255,1567.1599999999999,0.435,0.7849999999999999,1996.3821656050955
P7546,906.22,0.104,0.45399999999999996,1996.0792951541853
P3113,1358.93,0.331,0.681,1995.4919236417034
P5567,698.13,0.0,0.35,1994.657142857143
P1220,698.03,0.0,0.35,1994.3714285714286
P2027,1112.85,0.208,0.5579999999999999,1994.3548387096776
P2458,697.8,0.0,0.35,1993.7142857142858
P6868,2884.1,1.097,1.447,1993.158258465791
P5723,1771.78,0.5389999999999999,0.8889999999999999,1993.003374578178
P3761,2431.1499999999996,0.87,1.22,1992.745901639344
P6891,697.41,0.0,0.35,1992.6000000000001
P0419,1356.6299999999999,0.331,0.681,1992.1145374449336
P7892,696.44,0.0,0.35,1989.8285714285716
P1970,2013.6100000000001,0.662,1.012,1989.7332015810277
P6416,903.27,0.104,0.45399999999999996,1989.5814977973569
P6100,696.1800000000001,0.0,0.35,1989.0857142857146
P4187,2012.77,0.662,1.012,1988.903162055336
P7678,695.67,0.0,0.35,1987.6285714285714
P6644,695.36,0.0,0.35,1986.7428571428572
P6444,1352.97,0.331,0.681,1986.7400881057267
P2880,1559.4,0.435,0.7849999999999999,1986.4968152866245
P1677,901.78,0.104,0.45399999999999996,1986.2995594713657
P4869,2873.56,1.097,1.447,1985.874222529371
P2501,694.9599999999999,0.0,0.35,1985.6
P1212,2215.84,0.766,1.116,1985.5197132616488
P2774,1352.07,0.331,0.681,1985.418502202643
P0806,2008.72,0.662,1.012,1984.901185770751
P4173,694.68,0.0,0.35,1984.8
P7854,694.48,0.0,0.35,1984.2285714285715
P1995,2214.09,0.766,1.116,1983.9516129032259
P5084,1350.96,0.331,0.681,1983.7885462555066
P1859,900.49,0.104,0.45399999999999996,1983.4581497797358
P6346,1350.5700000000002,0.331,0.681,1983.215859030837
P5891,1350.29,0.331,0.681,1982.8046989720997
P4347,900.0699999999999,0.104,0.45399999999999996,1982.5330396475772
P2056,899.8599999999999,0.104,0.45399999999999996,1982.0704845814978
P5423,1349.49,0.331,0.681,1981.6299559471365
P7677,1349.1100000000001,0.331,0.681,1981.071953010279
P5233,1553.67,0.435,0.7849999999999999,1979.1974522292996
P0729,1553.1000000000001,0.435,0.7849999999999999,1978.4713375796182
P2269,2412.92,0.87,1.22,1977.8032786885246
P0097,2001.4599999999998,0.662,1.012,1977.7272727272725
P6797,1346.81,0.331,0.681,1977.6945668135093
P6929,897.76,0.104,0.45399999999999996,1977.444933920705
P6053,897.21,0.104,0.45399999999999996,1976.2334801762117
P7951,1550.93,0.435,0.7849999999999999,1975.707006369427
P0628,2204.45,0.766,1.116,1975.3136200716842
P2147,1998.58,0.662,1.012,1974.881422924901
P5360,1344.77,0.331,0.681,1974.6989720998529
P7354,1101.4099999999999,0.208,0.5579999999999999,1973.853046594982
P1407,895.84,0.104,0.45399999999999996,1973.2158590308372
P1987,3954.69,1.655,2.005,1972.413965087282
P0453,1994.4,0.662,1.012,1970.7509881422925
P7147,2197.82,0.766,1.116,1969.3727598566309
P1132,2401.76,0.87,1.22,1968.6557377049182
P4935,3704.59,1.532,1.8820000000000001,1968.432518597237
P3921,893.44,0.104,0.45399999999999996,1967.9295154185024
P3375,688.71,0.0,0.35,1967.7428571428575
P7376,1991.03,0.662,1.012,1967.4209486166008
P7610,688.58,0.0,0.35,1967.3714285714289
P0928,1990.53,0.662,1.012,1966.9268774703557
P4324,688.3100000000001,0.0,0.35,1966.6000000000004
P7943,1338.8899999999999,0.331,0.681,1966.0646108663727
P0405,892.4,0.104,0.45399999999999996,1965.638766519824
P6440,2395.9900000000002,0.87,1.22,1963.926229508197
P0279,1541.48,0.435,0.7849999999999999,1963.6687898089174
P7140,1986.98,0.662,1.012,1963.4189723320158
P3165,891.33,0.104,0.45399999999999996,1963.2819383259914
P1021,891.19,0.104,0.45399999999999996,1962.9735682819387
P5987,686.99,0.0,0.35,1962.8285714285716
P0666,1336.68,0.331,0.681,1962.8193832599118
P2637,1744.83,0.539,0.889,1962.6884139482563
P2899,1094.77,0.208,0.5579999999999999,1961.9534050179213
P2160,1335.84,0.331,0.681,1961.5859030837003
P3287,1538.6200000000001,0.435,0.7849999999999999,1960.0254777070068
P2947,2631.85,0.9930000000000001,1.343,1959.6798212956069
P3345,1334.28,0.331,0.681,1959.2951541850218
P6667,1333.46,0.331,0.681,1958.0910425844345
P2106,1739.67,0.5389999999999999,0.8889999999999999,1956.884139482565
P0867,1535.3700000000001,0.435,0.7849999999999999,1955.8853503184716
P7284,1533.6100000000001,0.435,0.7849999999999999,1953.643312101911
P6049,683.66,0.0,0.35,1953.3142857142857
P5370,1329.96,0.331,0.681,1952.95154185022
P7332,1532.95,0.435,0.7849999999999999,1952.8025477707008
P2219,1089.32,0.208,0.5579999999999999,1952.1863799283155
P0402,1327.83,0.331,0.681,1949.8237885462552
P3423,2377.93,0.87,1.22,1949.122950819672
P5430,2174.18,0.766,1.116,1948.1899641577058
P7045,1529.1999999999998,0.435,0.7849999999999999,1948.0254777070063
P3438,2173.82,0.766,1.116,1947.8673835125448
P6556,884.3199999999999,0.104,0.45399999999999996,1947.84140969163
P5831,1529.01,0.435,0.7849999999999999,1947.783439490446
P2497,1731.47,0.539,0.889,1947.6602924634421
P5253,1325.01,0.331,0.681,1945.6828193832598
P4086,1324.98,0.331,0.681,1945.6387665198238
P1570,883.05,0.104,0.45399999999999996,1945.0440528634363
P5273,1525.81,0.435,0.7849999999999999,1943.7070063694268
P0089,680.1800000000001,0.0,0.35,1943.3714285714289
P7095,1929.65,0.643,0.993,1943.2527693857
P7639,1084.21,0.208,0.5579999999999999,1943.0286738351258
P1965,679.71,0.0,0.35,1942.0285714285717
P2513,881.49,0.104,0.45399999999999996,1941.6079295154186
P1235,1322.12,0.331,0.681,1941.4390602055798
P4232,881.3199999999999,0.104,0.45399999999999996,1941.2334801762115
P0749,1321.8899999999999,0.331,0.681,1941.1013215859027
P1707,679.19,0.0,0.35,1940.5428571428574
P3162,1725.1000000000001,0.539,0.889,1940.4949381327335
P3268,679.01,0.0,0.35,1940.0285714285715
P6965,1521.76,0.435,0.7849999999999999,1938.547770700637
P3484,678.4100000000001,0.0,0.35,1938.3142857142861
P3369,1961.3400000000001,0.662,1.012,1938.0830039525692
P3773,2602.6,0.9930000000000001,1.343,1937.9002233804913
P6505,678.21,0.0,0.35,1937.7428571428575
P4132,879.55,0.104,0.45399999999999996,1937.3348017621147
P0437,1958.21,0.662,1.012,1934.990118577075
P2397,676.8,0.0,0.35,1933.7142857142858
P4287,2157.31,0.766,1.116,1933.0734767025087
P2642,2358.06,0.87,1.22,1932.8360655737704
P2809,676.42,0.0,0.35,1932.6285714285714
P4846,676.22,0.0,0.35,1932.0571428571432
P1658,2594.48,0.9930000000000001,1.343,1931.854058078928
P5816,877.0,0.104,0.45399999999999996,1931.718061674009
P2516,675.6099999999999,0.0,0.35,1930.3142857142855
P7435,2353.73,0.87,1.22,1929.2868852459017
P7144,875.5500000000001,0.104,0.45399999999999996,1928.5242290748902
P7123,1951.04,0.662,1.012,1927.905138339921
P7348,674.75,0.0,0.35,1927.857142857143
P1703,674.6899999999999,0.0,0.35,1927.6857142857143
P0616,1476.33,0.416,0.766,1927.3237597911225
P7238,1312.2800000000002,0.331,0.681,1926.9897209985318
P3331,874.79,0.104,0.45399999999999996,1926.8502202643174
P2776,1512.33,0.435,0.7849999999999999,1926.535031847134
P5045,1948.92,0.662,1.012,1925.810276679842
P5166,1311.42,0.331,0.681,1925.726872246696
P4763,673.45,0.0,0.35,1924.1428571428573
P2370,673.3,0.0,0.35,1923.7142857142858
P3731,873.32,0.104,0.45399999999999996,1923.6123348017625
P4927,873.0400000000001,0.104,0.45399999999999996,1922.9955947136568
P0920,2146.05,0.766,1.116,1922.983870967742
P4246,1309.45,0.331,0.681,1922.8340675477239
P0779,1309.37,0.331,0.681,1922.7165932452274
P5826,672.75,0.0,0.35,1922.1428571428573
P4013,1308.72,0.331,0.681,1921.7621145374449
P1953,1306.72,0.331,0.681,1918.8252569750366
P5830,1941.76,0.662,1.012,1918.7351778656125
P3533,1506.1599999999999,0.435,0.7849999999999999,1918.6751592356688
P6395,1306.58,0.331,0.681,1918.6196769456678
P6474,1506.04,0.435,0.7849999999999999,1918.5222929936308
P1243,2576.42,0.9930000000000001,1.343,1918.4065524944156
P4411,671.35,0.0,0.35,1918.1428571428573
P4615,1305.69,0.331,0.681,1917.3127753303963
P0734,869.92,0.104,0.45399999999999996,1916.1233480176213
P6903,2137.3199999999997,0.766,1.116,1915.1612903225803
P4579,1937.8,0.662,1.012,1914.8221343873518
P1075,1068.05,0.208,0.5579999999999999,1914.068100358423
P6334,1302.6999999999998,0.331,0.681,1912.9221732745957
P5800,1935.6000000000001,0.662,1.012,1912.6482213438737
P3220,1265.97,0.312,0.6619999999999999,1912.341389728097
P5425,1302.04,0.331,0.681,1911.9530102790013
P1275,2133.69,0.766,1.116,1911.9086021505375
P7441,669.05,0.0,0.35,1911.5714285714287
P5583,867.75,0.104,0.45399999999999996,1911.343612334802
P6006,1933.97,0.662,1.012,1911.0375494071147
P2837,867.5999999999999,0.104,0.45399999999999996,1911.0132158590309
P6471,1301.3899999999999,0.331,0.681,1910.9985315712186
P6479,866.86,0.104,0.45399999999999996,1909.3832599118946
P2994,1300.02,0.331,0.681,1908.986784140969
P1092,1299.94,0.331,0.681,1908.8693098384729
P6436,1930.4999999999998,0.662,1.012,1907.6086956521738
P1078,667.66,0.0,0.35,1907.6000000000001
P1875,1299.06,0.331,0.681,1907.577092511013
P5763,667.26,0.0,0.35,1906.457142857143
P3959,1298.1799999999998,0.331,0.681,1906.2848751835531
P0317,1495.55,0.435,0.7849999999999999,1905.15923566879
P5505,1927.8200000000002,0.662,1.012,1904.9604743083005
P6383,1296.85,0.331,0.681,1904.3318649045518
P0816,1494.72,0.435,0.7849999999999999,1904.1019108280257
P3194,1926.45,0.662,1.012,1903.606719367589
P5731,1493.52,0.435,0.7849999999999999,1902.5732484076434
P6821,2086.27,0.747,1.097,1901.79580674567
P5297,1061.12,0.208,0.5579999999999999,1901.6487455197132
P3199,2121.93,0.766,1.116,1901.3709677419351
P3238,1491.81,0.435,0.7849999999999999,1900.3949044585988
P2172,1689.38,0.539,0.889,1900.3149606299214
P1666,862.72,0.104,0.45399999999999996,1900.264317180617
P6205,2317.84,0.87,1.22,1899.8688524590166
P3724,862.44,0.104,0.45399999999999996,1899.6475770925113
P1552,1688.62,0.539,0.889,1899.4600674915634
P0695,1490.93,0.435,0.7849999999999999,1899.2738853503188
P6875,1490.53,0.435,0.7849999999999999,1898.7643312101911
P6002,1292.95,0.331,0.681,1898.604992657856
P4100,861.9000000000001,0.104,0.45399999999999996,1898.458149779736
P2317,1490.14,0.435,0.7849999999999999,1898.267515923567
P6308,2118.45,0.766,1.116,1898.2526881720428
P0079,861.5500000000001,0.104,0.45399999999999996,1897.687224669604
P0995,664.0,0.0,0.35,1897.1428571428573
P5368,1291.58,0.331,0.681,1896.5932452276063
P4257,860.87,0.104,0.45399999999999996,1896.1894273127755
P4633,1487.92,0.435,0.7849999999999999,1895.4394904458602
P4576,1487.86,0.435,0.7849999999999999,1895.3630573248408
P7040,1057.5700000000002,0.208,0.5579999999999999,1895.286738351255
P5485,860.4300000000001,0.104,0.45399999999999996,1895.2202643171809
P0411,860.25,0.104,0.45399999999999996,1894.8237885462556
P0493,1487.1999999999998,0.435,0.7849999999999999,1894.5222929936306
P0736,1289.71,0.331,0.681,1893.8472834067547
P1990,2309.38,0.87,1.22,1892.9344262295083
P3405,1915.19,0.662,1.012,1892.4802371541502
P2293,661.7,0.0,0.35,1890.571428571429
P0566,1287.45,0.331,0.681,1890.5286343612333
P0782,1680.47,0.539,0.889,1890.2924634420697
P7889,1286.76,0.331,0.681,1889.5154185022025
P4351,1482.81,0.435,0.7849999999999999,1888.9299363057326
P7986,1679.04,0.539,0.889,1888.683914510686
P3786,1482.4,0.435,0.7849999999999999,1888.4076433121022
P3309,2303.8,0.87,1.22,1888.3606557377052
P7061,856.92,0.104,0.45399999999999996,1887.4889867841412
P2312,1285.1399999999999,0.331,0.681,1887.1365638766517
P0574,1284.8600000000001,0.331,0.681,1886.7254038179149
P3239,1480.1799999999998,0.435,0.7849999999999999,1885.5796178343949
P4131,659.9399999999999,0.0,0.35,1885.5428571428572
P7634,2104.24,0.766,1.116,1885.5197132616483
P0940,659.85,0.0,0.35,1885.2857142857144
P1930,1283.8600000000001,0.331,0.681,1885.2569750367109
P5116,2888.05,1.182,1.532,1885.150130548303
P4463,2103.68,0.766,1.116,1885.017921146953
P4600,855.74,0.104,0.45399999999999996,1884.8898678414098
P2066,2103.31,0.766,1.116,1884.686379928315
P0358,1673.97,0.5389999999999999,0.8889999999999999,1882.9808773903264
P1361,1477.82,0.435,0.7849999999999999,1882.5732484076434
P4611,658.8,0.0,0.35,1882.2857142857142
P0477,1477.55,0.435,0.7849999999999999,1882.2292993630574
P2103,854.26,0.104,0.45399999999999996,1881.6299559471368
P0661,1281.31,0.331,0.681,1881.51248164464
P7476,1049.4199999999998,0.208,0.5579999999999999,1880.6810035842293
P6195,1280.7,0.331,0.681,1880.6167400881056
P2589,658.13,0.0,0.35,1880.3714285714286
P0684,1280.28,0.331,0.681,1879.9999999999998
P3108,1280.25,0.331,0.681,1879.9559471365637
P3347,1671.13,0.5389999999999999,0.8889999999999999,1879.7862767154108
P0677,853.29,0.104,0.45399999999999996,1879.4933920704846
P6098,1475.1299999999999,0.435,0.7849999999999999,1879.1464968152866
P7020,2523.6,0.9930000000000001,1.343,1879.0766939687267
P3608,1474.72,0.435,0.7849999999999999,1878.6242038216562
P1841,2291.14,0.87,1.22,1877.983606557377
P3255,2095.71,0.766,1.116,1877.8763440860214
P4113,1900.1399999999999,0.662,1.012,1877.6086956521738
P6258,1278.5,0.331,0.681,1877.3861967694565
P4776,1899.8400000000001,0.662,1.012,1877.312252964427
P7673,1473.22,0.435,0.7849999999999999,1876.7133757961785
P1420,656.44,0.0,0.35,1875.5428571428574
P3444,1471.03,0.435,0.7849999999999999,1873.923566878981
P7538,1470.97,0.435,0.7849999999999999,1873.847133757962
P7069,850.46,0.104,0.45399999999999996,1873.2599118942733
P5540,1275.26,0.331,0.681,1872.6284875183553
P0785,1274.15,0.331,0.681,1870.9985315712188
P1452,654.24,0.0,0.35,1869.257142857143
P7080,848.31,0.104,0.45399999999999996,1868.52422907489
P3842,847.67,0.104,0.45399999999999996,1867.114537444934
P5642,1235.97,0.312,0.6619999999999999,1867.0241691842903
P7245,653.28,0.0,0.35,1866.5142857142857
P7537,1659.09,0.539,0.889,1866.2429696287963
P1009,653.16,0.0,0.35,1866.1714285714286
P1502,2082.21,0.766,1.116,1865.779569892473
P0933,2505.6,0.9930000000000001,1.343,1865.6738644825018
P4459,2469.67,0.974,1.3239999999999998,1865.3096676737164
P1389,1270.2199999999998,0.331,0.681,1865.2276064610862
P4714,1463.6399999999999,0.435,0.7849999999999999,1864.5095541401274
P7460,1886.87,0.662,1.012,1864.49604743083
P7667,2080.64,0.766,1.116,1864.3727598566306
P0387,846.19,0.104,0.45399999999999996,1863.854625550661
P2460,652.31,0.0,0.35,1863.742857142857
P4987,652.3,0.0,0.35,1863.7142857142858
P7240,845.91,0.104,0.45399999999999996,1863.2378854625551
P5812,1268.48,0.331,0.681,1862.6725403817914
P1414,1268.31,0.331,0.681,1862.4229074889865
P6790,1461.91,0.435,0.7849999999999999,1862.3057324840768
P2297,1461.9099999999999,0.435,0.7849999999999999,1862.3057324840765
P3856,1883.87,0.662,1.012,1861.5316205533595
P6990,1267.37,0.331,0.681,1861.0425844346546
P3550,1038.43,0.208,0.5579999999999999,1860.9856630824377
P3568,651.3,0.0,0.35,1860.857142857143
P7386,2076.52,0.766,1.116,1860.6810035842293
P6982,1460.05,0.435,0.7849999999999999,1859.9363057324842
P6712,2075.22,0.766,1.116,1859.5161290322578
P5325,650.66,0.0,0.35,1859.0285714285715
P3638,843.81,0.104,0.45399999999999996,1858.6123348017622
P0817,1265.57,0.331,0.681,1858.3994126284872
P5768,1036.98,0.208,0.5579999999999999,1858.3870967741939
P0390,1265.5,0.331,0.681,1858.296622613803
P6529,650.3199999999999,0.0,0.35,1858.0571428571427
P7931,2072.9700000000003,0.766,1.116,1857.5
P7688,843.27,0.104,0.45399999999999996,1857.422907488987
P2285,650.09,0.0,0.35,1857.4000000000003
P7641,1844.33,0.643,0.993,1857.3313192346425
P3225,650.02,0.0,0.35,1857.2
P0459,1457.54,0.435,0.7849999999999999,1856.7388535031848
P3404,842.7,0.104,0.45399999999999996,1856.1674008810576
P2025,2069.26,0.766,1.116,1854.1756272401433
P2133,1262.48,0.331,0.681,1853.8619676945666
P4433,1875.3999999999999,0.662,1.012,1853.1620553359683
P1559,1261.96,0.331,0.681,1853.0983847283405
P4441,648.42,0.0,0.35,1852.6285714285714
P7921,1874.3600000000001,0.662,1.012,1852.1343873517787
P3644,648.16,0.0,0.35,1851.8857142857144
P3205,1261.04,0.331,0.681,1851.7474302496328
P0615,1260.68,0.331,0.681,1851.2187958883994
P0145,1645.72,0.539,0.889,1851.2035995500562
P1034,1453.02,0.435,0.7849999999999999,1850.9808917197454
P2989,1873.1499999999999,0.662,1.012,1850.9387351778655
P5841,1872.95,0.662,1.012,1850.7411067193675
P1488,647.67,0.0,0.35,1850.4857142857143
P6466,1872.4499999999998,0.662,1.012,1850.2470355731223
P7246,1452.28,0.435,0.7849999999999999,1850.0382165605097
P1303,2256.92,0.87,1.22,1849.9344262295083
P5497,1259.4,0.331,0.681,1849.339207048458
P4228,839.0,0.104,0.45399999999999996,1848.0176211453745
P2925,838.77,0.104,0.45399999999999996,1847.511013215859
P6893,1030.85,0.208,0.5579999999999999,1847.4014336917562
P1148,1449.8899999999999,0.435,0.7849999999999999,1846.9936305732485
P0980,838.14,0.104,0.45399999999999996,1846.1233480176213
P3704,645.1,0.0,0.35,1843.1428571428573
P5406,644.96,0.0,0.35,1842.7428571428575
P6962,1254.81,0.331,0.681,1842.5991189427311
P1757,1863.82,0.662,1.012,1841.7193675889328
P0793,835.8499999999999,0.104,0.45399999999999996,1841.079295154185
P3254,644.22,0.0,0.35,1840.6285714285716
P7294,1253.28,0.331,0.681,1840.3524229074887
P6669,834.59,0.104,0.45399999999999996,1838.3039647577095
P6692,1025.7,0.208,0.5579999999999999,1838.172043010753
P7683,1025.33,0.208,0.5579999999999999,1837.5089605734768
P5688,1633.45,0.539,0.889,1837.4015748031497
P0981,1250.84,0.331,0.681,1836.7694566813507
P5124,833.44,0.104,0.45399999999999996,1835.7709251101323
P1176,833.37,0.104,0.45399999999999996,1835.6167400881059
P7406,1857.54,0.662,1.012,1835.5138339920948
P4572,1249.8,0.331,0.681,1835.2422907488985
P4451,833.0,0.104,0.45399999999999996,1834.8017621145377
P0912,2047.29,0.766,1.116,1834.4892473118277
P2371,832.79,0.104,0.45399999999999996,1834.3392070484583
P1184,1248.55,0.331,0.681,1833.4067547723932
P7925,1438.42,0.435,0.7849999999999999,1832.382165605096
P3703,2044.79,0.766,1.116,1832.249103942652
P5857,3255.4500000000003,1.428,1.778,1830.9617547806527
P7273,1246.88,0.331,0.681,1830.9544787077828
P4389,1021.09,0.208,0.5579999999999999,1829.9103942652332
P4954,3252.62,1.428,1.778,1829.3700787401574
P5266,3062.31,1.324,1.674,1829.336917562724
P1461,1435.53,0.435,0.7849999999999999,1828.7006369426754
P7621,1245.26,0.331,0.681,1828.5756240822318
P7136,2454.66,0.9930000000000001,1.343,1827.7438570364855
P4558,1434.74,0.435,0.7849999999999999,1827.6942675159237
P6455,1434.56,0.435,0.7849999999999999,1827.4649681528663
P2504,829.5200000000001,0.104,0.45399999999999996,1827.1365638766524
P5458,1847.9299999999998,0.662,1.012,1826.0177865612645
P0488,2227.34,0.87,1.22,1825.6885245901642
P6213,2451.84,0.9930000000000001,1.343,1825.644080416977
P1941,638.49,0.0,0.35,1824.257142857143
P6459,1431.55,0.435,0.7849999999999999,1823.6305732484077
P3378,1431.34,0.435,0.7849999999999999,1823.3630573248408
P0758,1430.68,0.435,0.7849999999999999,1822.5222929936308
P2363,1429.75,0.435,0.7849999999999999,1821.3375796178345
P6838,1617.98,0.539,0.889,1820.0
P2161,1428.2199999999998,0.435,0.7849999999999999,1819.3885350318471
P5533,1840.81,0.662,1.012,1818.982213438735
P2999,636.5999999999999,0.0,0.35,1818.8571428571427
P3234,1616.48,0.539,0.889,1818.312710911136
P5029,1426.6399999999999,0.435,0.7849999999999999,1817.375796178344
P0832,1838.9,0.662,1.012,1817.0948616600792
P2011,1425.54,0.435,0.7849999999999999,1815.9745222929937
P4856,2213.38,0.87,1.22,1814.2459016393443
P2143,634.92,0.0,0.35,1814.057142857143
P5819,823.4,0.104,0.45399999999999996,1813.6563876651983
P0847,1234.77,0.331,0.681,1813.1718061674007
P6843,823.08,0.104,0.45399999999999996,1812.9515418502206
P0633,1834.44,0.662,1.012,1812.6877470355732
P3045,1422.6499999999999,0.435,0.7849999999999999,1812.2929936305732
P4234,633.91,0.0,0.35,1811.1714285714286
P1193,1609.03,0.539,0.889,1809.9325084364455
P0255,1232.55,0.331,0.681,1809.9118942731275
P2514,2019.32,0.766,1.116,1809.4265232974908
P0997,633.05,0.0,0.35,1808.7142857142858
P2771,633.0,0.0,0.35,1808.5714285714287
P6227,1829.69,0.662,1.012,1807.994071146245
P7531,632.77,0.0,0.35,1807.9142857142858
P6602,632.56,0.0,0.35,1807.3142857142857
P1038,1230.5700000000002,0.331,0.681,1807.0044052863436
P6478,632.3900000000001,0.0,0.35,1806.8285714285719
P5288,820.21,0.104,0.45399999999999996,1806.6299559471368
P4914,1417.95,0.435,0.7849999999999999,1806.3057324840768
P2608,631.73,0.0,0.35,1804.9428571428573
P6381,631.71,0.0,0.35,1804.8857142857146
P6347,1825.88,0.662,1.012,1804.2292490118577
P1438,1825.6,0.662,1.012,1803.9525691699603
P0337,630.95,0.0,0.35,1802.714285714286
P2820,1227.54,0.331,0.681,1802.5550660792949
P1151,1227.27,0.331,0.681,1802.1585903083699
P0562,1414.3400000000001,0.435,0.7849999999999999,1801.707006369427
P4723,630.59,0.0,0.35,1801.6857142857145
P1955,1414.31,0.435,0.7849999999999999,1801.6687898089174
P5758,1226.92,0.331,0.681,1801.6446402349486
P5569,1225.95,0.331,0.681,1800.2202643171806
P2932,629.73,0.0,0.35,1799.2285714285715
P4313,629.34,0.0,0.35,1798.1142857142859
P3270,629.31,0.0,0.35,1798.0285714285715
P2468,2005.45,0.766,1.116,1796.9982078853045
P0491,2005.18,0.766,1.116,1796.7562724014335
P7217,1222.69,0.331,0.681,1795.4331864904552
P6007,1222.6399999999999,0.331,0.681,1795.3597650513948
P1240,628.3,0.0,0.35,1795.142857142857
P3741,1595.52,0.539,0.889,1794.7356580427447
P1729,1221.63,0.331,0.681,1793.876651982379
P7116,1407.4899999999998,0.435,0.7849999999999999,1792.9808917197452
P4532,813.99,0.104,0.45399999999999996,1792.9295154185024
P7515,1813.97,0.662,1.012,1792.4604743083005
P2050,1220.57,0.331,0.681,1792.3201174743024
P7488,1220.24,0.331,0.681,1791.835535976505
P4828,998.7,0.208,0.5579999999999999,1789.7849462365593
P0467,1218.65,0.331,0.681,1789.5007342143906
P7696,1997.03,0.766,1.116,1789.4534050179209
P0752,1810.15,0.662,1.012,1788.6857707509882
P1776,1217.65,0.331,0.681,1788.0323054331866
P7139,1403.3,0.435,0.7849999999999999,1787.6433121019109
P1687,811.4,0.104,0.45399999999999996,1787.2246696035243
P0160,1217.04,0.331,0.681,1787.1365638766517
P4857,625.3100000000001,0.0,0.35,1786.6000000000004
P5318,625.28,0.0,0.35,1786.5142857142857
P1584,810.96,0.104,0.45399999999999996,1786.2555066079296
P5067,1216.4,0.331,0.681,1786.1967694566813
P5420,1216.3200000000002,0.331,0.681,1786.079295154185
P6417,1992.55,0.766,1.116,1785.4390681003583
P5849,1401.3700000000001,0.435,0.7849999999999999,1785.1847133757965
P0696,624.32,0.0,0.35,1783.7714285714287
P5902,1400.26,0.435,0.7849999999999999,1783.7707006369428
P0316,1214.1599999999999,0.331,0.681,1782.9074889867838
P5207,1180.19,0.312,0.6619999999999999,1782.7643504531725
P0881,994.5699999999999,0.208,0.5579999999999999,1782.383512544803
P1669,1769.81,0.643,0.993,1782.2860020140986
P0863,809.0899999999999,0.104,0.45399999999999996,1782.136563876652
P1285,623.67,0.0,0.35,1781.9142857142856
P6882,808.84,0.104,0.45399999999999996,1781.5859030837007
P5147,623.45,0.0,0.35,1781.2857142857144
P4717,1583.33,0.5389999999999999,0.8889999999999999,1781.0236220472443
P2357,808.22,0.104,0.45399999999999996,1780.2202643171809
P4784,1211.8899999999999,0.331,0.681,1779.5741556534506
P2358,1396.31,0.435,0.7849999999999999,1778.7388535031848
P2866,622.3399999999999,0.0,0.35,1778.1142857142856
P7315,806.25,0.104,0.45399999999999996,1775.8810572687225
P0245,805.95,0.104,0.45399999999999996,1775.2202643171809
P2043,620.49,0.0,0.35,1772.8285714285716
P1762,620.48,0.0,0.35,1772.8000000000002
P4621,1978.3400000000001,0.766,1.116,1772.7060931899641
P6172,2380.21,0.9930000000000001,1.343,1772.3082650781832
P0036,1206.93,0.331,0.681,1772.2907488986784
P7717,620.17,0.0,0.35,1771.9142857142856
P0590,2563.73,1.097,1.447,1771.7553559087767
P4999,619.98,0.0,0.35,1771.3714285714286
P4854,2930.82,1.305,1.6549999999999998,1770.8882175226588
P0480,2377.43,0.9930000000000001,1.343,1770.2382725241994
P3876,619.22,0.0,0.35,1769.2000000000003
P6050,1388.45,0.435,0.7849999999999999,1768.7261146496817
P0042,618.94,0.0,0.35,1768.4000000000003
P3148,1789.1299999999999,0.662,1.012,1767.9150197628458
P2332,1387.79,0.435,0.7849999999999999,1767.8853503184714
P7798,802.06,0.104,0.45399999999999996,1766.6519823788547
P5616,618.3,0.0,0.35,1766.5714285714284
P0565,618.05,0.0,0.35,1765.857142857143
P2784,801.29,0.104,0.45399999999999996,1764.955947136564
P0759,617.61,0.0,0.35,1764.6000000000001
P7132,1200.95,0.331,0.681,1763.5095447870779
P5825,2368.0299999999997,0.9930000000000001,1.343,1763.2390171258376
P7579,983.6500000000001,0.208,0.5579999999999999,1762.813620071685
P3167,616.91,0.0,0.35,1762.6
P1916,1566.51,0.539,0.889,1762.103487064117
P7878,1749.01,0.643,0.993,1761.3393756294058
P7595,799.5600000000001,0.104,0.45399999999999996,1761.1453744493394
P0551,616.3,0.0,0.35,1760.857142857143
P5421,2547.7599999999998,1.097,1.447,1760.7187284035933
P5528,982.01,0.208,0.5579999999999999,1759.8745519713264
P3730,1198.22,0.331,0.681,1759.5007342143906
P4344,615.31,0.0,0.35,1758.0285714285715
P2298,980.66,0.208,0.5579999999999999,1757.4551971326166
P4397,1196.66,0.331,0.681,1757.2099853157122
P1422,1776.58,0.662,1.012,1755.5138339920948
P1062,1959.08,0.766,1.116,1755.4480286738349
P2155,1195.34,0.331,0.681,1755.2716593245225
P6584,1775.6499999999999,0.662,1.012,1754.594861660079
P5721,1775.2,0.662,1.012,1754.1501976284585
P1551,1955.6,0.766,1.116,1752.3297491039425
P7690,1772.74,0.662,1.012,1751.7193675889328
P6116,795.25,0.104,0.45399999999999996,1751.6519823788549
P2781,1374.82,0.435,0.7849999999999999,1751.3630573248408
P6833,1954.52,0.766,1.116,1751.3620071684586
P0486,1556.86,0.5389999999999999,0.8889999999999999,1751.2485939257595
P6490,612.72,0.0,0.35,1750.6285714285716
P6688,612.72,0.0,0.35,1750.6285714285716
P7666,1192.04,0.331,0.681,1750.425844346549
P5329,1373.8000000000002,0.435,0.7849999999999999,1750.0636942675164
P2449,2713.68,1.201,1.5510000000000002,1749.6324951644099
P1010,612.35,0.0,0.35,1749.5714285714287
P2693,612.14,0.0,0.35,1748.9714285714285
P7202,1554.65,0.539,0.889,1748.7626546681665
P6439,1189.19,0.331,0.681,1746.2408223201173
P4755,610.71,0.0,0.35,1744.8857142857146
P1107,792.12,0.104,0.45399999999999996,1744.7577092511015
P2304,792.01,0.104,0.45399999999999996,1744.5154185022027
P5643,1945.6100000000001,0.766,1.116,1743.3781362007169
P5860,1187.17,0.331,0.681,1743.2745961820851
P1754,1187.06,0.331,0.681,1743.1130690161526
P4771,1761.9099999999999,0.662,1.012,1741.0177865612648
P1080,971.3499999999999,0.208,0.5579999999999999,1740.7706093189965
P6261,609.24,0.0,0.35,1740.6857142857143
P7814,2518.65,1.097,1.447,1740.6012439530061
P5323,1728.38,0.643,0.993,1740.563947633434
P3262,1761.4099999999999,0.662,1.012,1740.5237154150195
P2825,1365.95,0.435,0.7849999999999999,1740.0636942675162
P2814,608.36,0.0,0.35,1738.1714285714288
P5309,1364.39,0.435,0.7849999999999999,1738.0764331210194
P7561,1544.53,0.539,0.889,1737.379077615298
P1455,607.82,0.0,0.35,1736.6285714285716
P3466,1362.9,0.435,0.7849999999999999,1736.1783439490448
P7773,1181.56,0.331,0.681,1735.03671071953
P1166,787.7,0.104,0.45399999999999996,1735.0220264317184
P4370,787.53,0.104,0.45399999999999996,1734.647577092511
P7310,1361.23,0.435,0.7849999999999999,1734.0509554140128
P0899,1180.85,0.331,0.681,1733.994126284875
P7303,1754.5,0.662,1.012,1733.695652173913
P4992,966.5,0.208,0.5579999999999999,1732.0788530465952
P5046,1539.66,0.539,0.889,1731.9010123734533
P2952,1752.03,0.662,1.012,1731.2549407114625
P2331,2504.14,1.097,1.447,1730.573600552868
P4423,1178.2,0.331,0.681,1730.1027900146842
P6939,605.53,0.0,0.35,1730.0857142857144
P2223,1177.99,0.331,0.681,1729.7944199706312
P1822,1177.93,0.331,0.681,1729.7063142437592
P7329,605.06,0.0,0.35,1728.742857142857
P1963,1356.96,0.435,0.7849999999999999,1728.611464968153
P2059,964.44,0.208,0.5579999999999999,1728.3870967741939
P1387,1176.9,0.331,0.681,1728.1938325991189
P0176,1176.74,0.331,0.681,1727.9588839941262
P2023,1175.46,0.331,0.681,1726.079295154185
P4881,1745.1699999999998,0.662,1.012,1724.47628458498
P1324,1744.77,0.662,1.012,1724.0810276679842
P4452,782.6899999999999,0.104,0.45399999999999996,1723.9867841409691
P6818,603.28,0.0,0.35,1723.6571428571428
P5340,1173.77,0.331,0.681,1723.59765051395
P3188,603.13,0.0,0.35,1723.2285714285715
P4694,1352.46,0.435,0.7849999999999999,1722.87898089172
P1472,602.92,0.0,0.35,1722.6285714285714
P1745,782.04,0.104,0.45399999999999996,1722.5550660792953
P3387,602.77,0.0,0.35,1722.2
P2808,1172.72,0.331,0.681,1722.0558002936857
P5668,1530.81,0.539,0.889,1721.9460067491564
P1627,1172.51,0.331,0.681,1721.7474302496328
P3650,1171.99,0.331,0.681,1720.9838472834067
P2040,1920.56,0.766,1.116,1720.9318996415768
P6367,781.28,0.104,0.45399999999999996,1720.8810572687225
P6406,1350.75,0.435,0.7849999999999999,1720.7006369426754
P0887,602.01,0.0,0.35,1720.0285714285715
P6268,959.63,0.208,0.5579999999999999,1719.767025089606
P5105,601.88,0.0,0.35,1719.6571428571428
P5742,1707.36,0.643,0.993,1719.3957703927492
P7205,601.74,0.0,0.35,1719.257142857143
P5486,1170.6,0.331,0.681,1718.9427312775329
P5186,1739.42,0.662,1.012,1718.794466403162
P6675,2877.18,1.324,1.674,1718.7455197132617
P3934,1527.82,0.539,0.889,1718.5826771653542
P0654,601.41,0.0,0.35,1718.3142857142857
P2765,1170.07,0.331,0.681,1718.1644640234947
P3150,1738.4899999999998,0.662,1.012,1717.875494071146
P2238,601.05,0.0,0.35,1717.2857142857142
P5081,600.66,0.0,0.35,1716.1714285714286
P4798,1347.13,0.435,0.7849999999999999,1716.0891719745225
P3124,1525.25,0.539,0.889,1715.6917885264343
P4533,1135.41,0.312,0.6619999999999999,1715.1208459214504
P3817,1167.93,0.331,0.681,1715.0220264317181
P7371,956.88,0.208,0.5579999999999999,1714.8387096774195
P6670,1735.36,0.662,1.012,1714.782608695652
P0655,778.42,0.104,0.45399999999999996,1714.5814977973569
P4754,2302.49,0.9930000000000001,1.343,1714.4378257632166
P1421,599.47,0.0,0.35,1712.7714285714287
P0206,599.0699999999999,0.0,0.35,1711.6285714285714
P7551,1343.56,0.435,0.7849999999999999,1711.5414012738854
P3235,954.53,0.208,0.5579999999999999,1710.6272401433694
P3799,1342.79,0.435,0.7849999999999999,1710.5605095541403
P4920,953.46,0.208,0.5579999999999999,1708.709677419355
P3617,1728.83,0.662,1.012,1708.3300395256915
P4241,3036.52,1.4280000000000002,1.778,1707.8290213723285
P6339,1728.12,0.662,1.012,1707.6284584980235
P7627,1161.92,0.331,0.681,1706.1967694566813
P6365,774.35,0.104,0.45399999999999996,1705.6167400881059
P7578,1160.87,0.331,0.681,1704.6549192364168
P6057,773.8599999999999,0.104,0.45399999999999996,1704.5374449339206
P3758,1723.78,0.662,1.012,1703.3399209486165
P3443,1159.29,0.331,0.681,1702.3348017621145
P4636,1513.24,0.539,0.889,1702.1822272215973
P6700,1335.9199999999998,0.435,0.7849999999999999,1701.8089171974523
P5337,949.55,0.208,0.5579999999999999,1701.7025089605736
P7519,2251.35,0.974,1.3239999999999998,1700.415407854985
P1237,595.09,0.0,0.35,1700.257142857143
P3868,1157.79,0.331,0.681,1700.132158590308
P6409,594.94,0.0,0.35,1699.8285714285716
P7226,948.46,0.208,0.5579999999999999,1699.7491039426525
P0916,2459.44,1.097,1.447,1699.6821008984105
P3584,1896.1100000000001,0.766,1.116,1699.0232974910393
P7909,1719.02,0.662,1.012,1698.6363636363635
P6696,2457.46,1.097,1.447,1698.3137525915688
P7544,1509.74,0.539,0.889,1698.2452193475815
P4183,594.13,0.0,0.35,1697.5142857142857
P2876,770.58,0.104,0.45399999999999996,1697.3127753303968
P5097,1332.02,0.435,0.7849999999999999,1696.8407643312103
P1837,770.35,0.104,0.45399999999999996,1696.8061674008813
P4008,1331.94,0.435,0.7849999999999999,1696.738853503185
P0090,770.11,0.104,0.45399999999999996,1696.2775330396478
P4791,1155.15,0.331,0.681,1696.2555066079294
P1065,593.64,0.0,0.35,1696.1142857142859
P6539,1154.52,0.331,0.681,1695.3303964757708
P2978,1329.57,0.435,0.7849999999999999,1693.71974522293
P7459,1153.42,0.331,0.681,1693.7151248164464
P6243,944.96,0.208,0.5579999999999999,1693.476702508961
P7390,1151.98,0.331,0.681,1691.6005873715123
P4671,592.0,0.0,0.35,1691.4285714285716
P3609,1326.8600000000001,0.435,0.7849999999999999,1690.2675159235673
P0604,1326.81,0.435,0.7849999999999999,1690.203821656051
P6583,1326.3,0.435,0.7849999999999999,1689.5541401273886
P1611,2060.27,0.87,1.22,1688.7459016393443
P3837,1884.01,0.766,1.116,1688.1810035842293
P7893,1149.61,0.331,0.681,1688.1204111600584
P7813,1882.89,0.766,1.116,1687.1774193548385
P2063,1148.7599999999998,0.331,0.681,1686.8722466960348
P3955,2998.37,1.428,1.778,1686.3723284589425
P7091,1148.3899999999999,0.331,0.681,1686.3289280469894
P0049,1706.47,0.662,1.012,1686.2351778656127
P2315,1148.11,0.331,0.681,1685.9177679882523
P2288,1147.78,0.331,0.681,1685.433186490455
P4541,589.79,0.0,0.35,1685.1142857142856
P1283,1147.48,0.331,0.681,1684.992657856094
P4186,1322.55,0.435,0.7849999999999999,1684.7770700636943
P0827,1147.22,0.331,0.681,1684.6108663729808
P2233,1672.75,0.643,0.993,1684.5417925478348
P2553,1147.05,0.331,0.681,1684.361233480176
P5064,589.44,0.0,0.35,1684.1142857142859
P2530,2053.45,0.87,1.22,1683.155737704918
P7709,1114.1399999999999,0.312,0.6619999999999999,1682.9909365558913
P1714,1877.12,0.766,1.116,1682.007168458781
P0481,762.91,0.104,0.45399999999999996,1680.4185022026431
P3751,1875.17,0.766,1.116,1680.2598566308243
P3424,2985.77,1.428,1.778,1679.2857142857142
P6791,1873.69,0.766,1.116,1678.9336917562723
P7619,761.89,0.104,0.45399999999999996,1678.171806167401
P7987,1491.41,0.539,0.889,1677.6265466816649
P0275,1141.9,0.331,0.681,1676.798825256975
P6639,586.62,0.0,0.35,1676.057142857143
P0380,1489.96,0.539,0.889,1675.9955005624297
P4224,2772.9,1.305,1.6549999999999998,1675.4682779456195
P1231,1489.41,0.539,0.889,1675.376827896513
P2951,586.33,0.0,0.35,1675.2285714285717
P1774,586.3,0.0,0.35,1675.142857142857
P0762,1695.1000000000001,0.662,1.012,1675.0000000000002
P4675,760.33,0.104,0.45399999999999996,1674.7356828193836
P0815,760.24,0.104,0.45399999999999996,1674.5374449339208
P6445,1108.54,0.312,0.6619999999999999,1674.531722054381
P7041,934.3299999999999,0.208,0.5579999999999999,1674.426523297491
P4915,1313.91,0.435,0.7849999999999999,1673.770700636943
P5677,585.76,0.0,0.35,1673.6000000000001
P5907,759.71,0.104,0.45399999999999996,1673.3700440528637
P1788,759.59,0.104,0.45399999999999996,1673.1057268722468
P2996,585.3299999999999,0.0,0.35,1672.3714285714284
P1070,759.1600000000001,0.104,0.45399999999999996,1672.1585903083703
P7242,1138.68,0.331,0.681,1672.0704845814978
P1194,2419.0,1.097,1.447,1671.734623358673
P3317,1312.25,0.435,0.7849999999999999,1671.6560509554142
P7952,932.3100000000001,0.208,0.5579999999999999,1670.8064516129034
P5054,584.54,0.0,0.35,1670.1142857142856
P1956,1310.8600000000001,0.435,0.7849999999999999,1669.8853503184716
P0592,2036.9,0.87,1.22,1669.5901639344263
P3654,1689.46,0.662,1.012,1669.4268774703557
P5031,1310.34,0.435,0.7849999999999999,1669.2229299363057
P7256,1136.59,0.331,0.681,1669.001468428781
P2179,1136.59,0.331,0.681,1669.001468428781
P1795,757.2,0.104,0.45399999999999996,1667.8414096916301
P7589,1135.7,0.331,0.681,1667.6945668135095
P3085,583.3,0.0,0.35,1666.5714285714284
P1168,2031.42,0.87,1.22,1665.098360655738
P0053,1133.1599999999999,0.331,0.681,1663.9647577092508
P1843,1132.8899999999999,0.331,0.681,1663.5682819383258
P3596,1478.22,0.539,0.889,1662.7896512935883
P0900,1304.81,0.435,0.7849999999999999,1662.1783439490446
P7731,1477.37,0.539,0.889,1661.8335208098986
P0873,1131.56,0.331,0.681,1661.6152716593244
P6131,753.71,0.104,0.45399999999999996,1660.1541850220267
P2152,1130.09,0.331,0.681,1659.4566813509543
P0306,925.4200000000001,0.208,0.5579999999999999,1658.4587813620076
P1453,1849.8400000000001,0.766,1.116,1657.562724014337
P4672,1128.29,0.331,0.681,1656.813509544787
P7066,1848.5,0.766,1.116,1656.3620071684586
P5553,579.65,0.0,0.35,1656.142857142857
P3111,751.51,0.104,0.45399999999999996,1655.308370044053
P7517,1299.3899999999999,0.435,0.7849999999999999,1655.2738853503186
P2166,1127.17,0.331,0.681,1655.1688693098386
P4244,579.26,0.0,0.35,1655.0285714285715
P1929,750.6,0.104,0.45399999999999996,1653.3039647577095
P0753,578.5,0.0,0.35,1652.857142857143
P4175,1125.04,0.331,0.681,1652.0411160058736
P0041,1124.73,0.331,0.681,1651.5859030837003
P5093,1296.35,0.435,0.7849999999999999,1651.4012738853503
P7462,748.25,0.104,0.45399999999999996,1648.127753303965
P2313,919.46,0.208,0.5579999999999999,1647.777777777778
P5027,1090.42,0.312,0.6619999999999999,1647.1601208459217
P6322,1292.55,0.435,0.7849999999999999,1646.5605095541403
P5546,1121.1299999999999,0.331,0.681,1646.2995594713655
P5262,917.8399999999999,0.208,0.5579999999999999,1644.8745519713261
P3489,1461.16,0.539,0.889,1643.599550056243
P3343,575.12,0.0,0.35,1643.2
P7758,1289.9,0.435,0.7849999999999999,1643.1847133757965
P7181,575.06,0.0,0.35,1643.0285714285715
P5379,1661.42,0.662,1.012,1641.7193675889328
P3818,745.0899999999999,0.104,0.45399999999999996,1641.1674008810573
P6953,1458.67,0.539,0.889,1640.798650168729
P5036,574.27,0.0,0.35,1640.7714285714287
P7765,1458.51,0.539,0.889,1640.6186726659166
P5312,1287.77,0.435,0.7849999999999999,1640.471337579618
P2003,743.86,0.104,0.45399999999999996,1638.4581497797358
P6985,573.46,0.0,0.35,1638.457142857143
P5798,1827.54,0.766,1.116,1637.5806451612902
P0613,573.05,0.0,0.35,1637.2857142857142
P0607,572.92,0.0,0.35,1636.9142857142856
P6378,1656.44,0.662,1.012,1636.798418972332
P0111,1284.15,0.435,0.7849999999999999,1635.8598726114653
P3232,572.5,0.0,0.35,1635.7142857142858
P3416,572.48,0.0,0.35,1635.657142857143
P0527,1283.14,0.435,0.7849999999999999,1634.5732484076436
P5332,1823.91,0.766,1.116,1634.3279569892472
P6664,911.87,0.208,0.5579999999999999,1634.1756272401435
P6231,1282.6599999999999,0.435,0.7849999999999999,1633.9617834394903
P1660,1282.51,0.435,0.7849999999999999,1633.7707006369428
P4913,1282.47,0.435,0.7849999999999999,1633.7197452229302
P3133,1112.49,0.331,0.681,1633.612334801762
P6949,571.4200000000001,0.0,0.35,1632.6285714285718
P5482,571.34,0.0,0.35,1632.4
P3961,1111.55,0.331,0.681,1632.23201174743
P1780,2531.59,1.201,1.5510000000000002,1632.2308188265633
P5160,1280.51,0.435,0.7849999999999999,1631.222929936306
P5345,740.57,0.104,0.45399999999999996,1631.2114537444936
P6515,1110.67,0.331,0.681,1630.9397944199707
P3781,1280.19,0.435,0.7849999999999999,1630.815286624204
P6976,1079.48,0.312,0.6619999999999999,1630.6344410876136
P1054,1110.44,0.331,0.681,1630.6020558002936
P7280,739.8699999999999,0.104,0.45399999999999996,1629.669603524229
P0093,570.33,0.0,0.35,1629.514285714286
P3545,739.4300000000001,0.104,0.45399999999999996,1628.7004405286345
P7090,569.92,0.0,0.35,1628.3428571428572
P4214,739.12,0.104,0.45399999999999996,1628.0176211453745
P7311,569.6,0.0,0.35,1627.4285714285716
P7728,738.65,0.104,0.45399999999999996,1626.9823788546257
P4171,569.3199999999999,0.0,0.35,1626.6285714285714
P7324,1645.6,0.662,1.012,1626.086956521739
P6476,738.2,0.104,0.45399999999999996,1625.991189427313
P3482,1814.1000000000001,0.766,1.116,1625.5376344086021
P0731,1106.69,0.331,0.681,1625.0954478707781
P3130,568.78,0.0,0.35,1625.0857142857144
P6401,1106.65,0.331,0.681,1625.0367107195302
P2669,1106.48,0.331,0.681,1624.7870778267254
P6071,568.0799999999999,0.0,0.35,1623.0857142857142
P3341,2348.2,1.097,1.447,1622.8058051140288
P3901,1104.61,0.331,0.681,1622.0411160058734
P1060,1441.93,0.5389999999999999,0.8889999999999999,1621.968503937008
P2635,1104.37,0.331,0.681,1621.6886930983844
P6470,1272.42,0.435,0.7849999999999999,1620.9171974522296
P1367,735.66,0.104,0.45399999999999996,1620.3964757709252
P4289,1103.1399999999999,0.331,0.681,1619.8825256975033
P1007,1975.8700000000001,0.87,1.22,1619.565573770492
P0767,735.14,0.104,0.45399999999999996,1619.251101321586
P6820,1100.82,0.331,0.681,1616.4757709251098
P6735,733.74,0.104,0.45399999999999996,1616.1674008810573
P5514,1268.48,0.435,0.7849999999999999,1615.8980891719748
P5638,901.57,0.208,0.5579999999999999,1615.7168458781364
P0584,1100.24,0.331,0.681,1615.6240822320117
P7270,1268.1999999999998,0.435,0.7849999999999999,1615.5414012738852
P2114,1436.16,0.5389999999999999,0.8889999999999999,1615.4780652418451
P3318,1100.1,0.331,0.681,1615.418502202643
P3180,1267.43,0.435,0.7849999999999999,1614.5605095541405
P0204,1099.25,0.331,0.681,1614.1703377386195
P0848,1267.1,0.435,0.7849999999999999,1614.1401273885351
P7965,1099.0800000000002,0.331,0.681,1613.9207048458152
P0792,1099.03,0.331,0.681,1613.8472834067545
P6036,1098.62,0.331,0.681,1613.2452276064607
P7093,1097.96,0.331,0.681,1612.2760646108663
P6760,1966.79,0.87,1.22,1612.122950819672
P4165,1265.3999999999999,0.435,0.7849999999999999,1611.9745222929937
P1272,2500.17,1.201,1.5510000000000002,1611.9729206963248
P6887,731.5,0.104,0.45399999999999996,1611.2334801762115
P6902,1629.81,0.662,1.012,1610.48418972332
P0165,1065.93,0.312,0.6619999999999999,1610.1661631419943
P5474,1629.36,0.662,1.012,1610.0395256916995
P2048,1964.04,0.87,1.22,1609.8688524590164
P1040,563.41,0.0,0.35,1609.7428571428572
P6525,2161.72,0.9930000000000001,1.343,1609.6202531645567
P6276,1095.3300000000002,0.331,0.681,1608.4140969162997
P5910,1794.97,0.766,1.116,1608.3960573476702
P4903,730.09,0.104,0.45399999999999996,1608.127753303965
P5900,562.72,0.0,0.35,1607.7714285714287
P2194,897.09,0.208,0.5579999999999999,1607.688172043011
P6176,1260.6299999999999,0.435,0.7849999999999999,1605.8980891719746
P0293,728.7099999999999,0.104,0.45399999999999996,1605.0881057268723
P2558,1259.57,0.435,0.7849999999999999,1604.547770700637
P2247,1092.53,0.331,0.681,1604.3024963289279
P7229,1258.81,0.435,0.7849999999999999,1603.579617834395
P5320,1061.1999999999998,0.312,0.6619999999999999,1603.0211480362536
P1648,1257.18,0.435,0.7849999999999999,1601.503184713376
P0074,1090.61,0.331,0.681,1601.4831130690159
P6940,1090.57,0.331,0.681,1601.4243759177677
P0315,1090.52,0.331,0.681,1601.3509544787075
P2725,1423.19,0.5389999999999999,0.8889999999999999,1600.8886389201352
P4656,1256.46,0.435,0.7849999999999999,1600.5859872611468
P5741,726.6,0.104,0.45399999999999996,1600.4405286343615
P5026,1618.96,0.662,1.012,1599.7628458498025
P5168,1422.1,0.539,0.889,1599.662542182227
P3602,1255.53,0.435,0.7849999999999999,1599.4012738853505
P5922,1255.4799999999998,0.435,0.7849999999999999,1599.3375796178343
P0123,1255.4099999999999,0.435,0.7849999999999999,1599.248407643312
P3448,559.73,0.0,0.35,1599.2285714285715
P1268,725.88,0.104,0.45399999999999996,1598.854625550661
P1652,559.01,0.0,0.35,1597.1714285714286
P0199,1253.69,0.435,0.7849999999999999,1597.0573248407645
P4037,724.93,0.104,0.45399999999999996,1596.7621145374449
P6855,1615.68,0.662,1.012,1596.5217391304348
P6663,1419.06,0.539,0.889,1596.2429696287963
P3120,558.52,0.0,0.35,1595.7714285714287
P3279,1252.56,0.435,0.7849999999999999,1595.6178343949045
P0711,558.4,0.0,0.35,1595.4285714285716
P3206,723.55,0.104,0.45399999999999996,1593.7224669603524
P0471,1582.54,0.643,0.993,1593.6958710976837
P5289,722.78,0.104,0.45399999999999996,1592.0264317180618
P7155,1940.8,0.87,1.22,1590.8196721311476
P7702,1083.09,0.331,0.681,1590.440528634361
P3449,1774.62,0.766,1.116,1590.1612903225805
P6567,2135.5,0.9930000000000001,1.343,1590.0967982129562
P0172,1247.9,0.435,0.7849999999999999,1589.6815286624208
P6326,721.7,0.104,0.45399999999999996,1589.6475770925113
P1610,1608.02,0.662,1.012,1588.9525691699605
P2578,556.13,0.0,0.35,1588.9428571428573
P5150,1607.29,0.662,1.012,1588.2312252964427
P6108,1246.74,0.435,0.7849999999999999,1588.203821656051
P4065,720.99,0.104,0.45399999999999996,1588.083700440529
P4048,1246.3600000000001,0.435,0.7849999999999999,1587.7197452229302
P2754,1078.11,0.331,0.681,1583.1277533039645
P4128,553.87,0.0,0.35,1582.4857142857145
P4190,1077.41,0.331,0.681,1582.099853157122
P7035,1077.23,0.331,0.681,1581.835535976505
P0455,1076.9099999999999,0.331,0.681,1581.3656387665194
P6044,553.17,0.0,0.35,1580.4857142857143
P2055,881.8499999999999,0.208,0.5579999999999999,1580.3763440860216
P5000,1763.36,0.766,1.116,1580.0716845878135
P6713,552.9399999999999,0.0,0.35,1579.8285714285714
P0530,1240.01,0.435,0.7849999999999999,1579.6305732484077
P6900,2121.4,0.9930000000000001,1.343,1579.5979151154133
P2741,552.79,0.0,0.35,1579.4
P5940,1075.56,0.331,0.681,1579.3832599118941
P1724,716.5699999999999,0.104,0.45399999999999996,1578.3480176211453
P2896,1761.36,0.766,1.116,1578.2795698924729
P4343,2119.34,0.9930000000000001,1.343,1578.0640357408788
P7671,1073.57,0.331,0.681,1576.461086637298
P3325,1922.61,0.87,1.22,1575.9098360655737
P5307,1594.76,0.662,1.012,1575.8498023715415
P1064,1236.93,0.435,0.7849999999999999,1575.707006369427
P0322,715.29,0.104,0.45399999999999996,1575.5286343612336
P6317,715.12,0.104,0.45399999999999996,1575.1541850220267
P2511,1593.73,0.662,1.012,1574.8320158102767
P2084,1072.45,0.331,0.681,1574.8164464023494
P3828,2278.52,1.097,1.447,1574.6510020732549
P5299,1235.13,0.435,0.7849999999999999,1573.414012738854
P4245,2275.95,1.097,1.447,1572.8749136143745
P4488,1234.32,0.435,0.7849999999999999,1572.3821656050957
P0644,1070.79,0.331,0.681,1572.3788546255505
P0978,550.17,0.0,0.35,1571.9142857142856
P3645,1917.01,0.87,1.22,1571.3196721311476
P5176,713.31,0.104,0.45399999999999996,1571.1674008810573
P2981,2956.87,1.532,1.8820000000000001,1571.1317747077576
P2405,1231.9299999999998,0.435,0.7849999999999999,1569.3375796178343
P2420,1068.34,0.331,0.681,1568.7812041116003
P0621,1750.42,0.766,1.116,1568.4767025089604
P4016,1067.51,0.331,0.681,1567.5624082232011
P4199,1392.42,0.539,0.889,1566.2767154105738
P2416,547.92,0.0,0.35,1565.4857142857143
P4192,1391.62,0.539,0.889,1565.3768278965129
P6081,1064.61,0.331,0.681,1563.303964757709
P2883,1905.87,0.87,1.22,1562.188524590164
P4018,1388.08,0.539,0.889,1561.394825646794
P3368,871.11,0.208,0.5579999999999999,1561.1290322580646
P0507,1579.63,0.662,1.012,1560.899209486166
P6951,546.1700000000001,0.0,0.35,1560.4857142857145
P7603,1224.76,0.435,0.7849999999999999,1560.203821656051
P7179,707.96,0.104,0.45399999999999996,1559.3832599118946
P3507,544.94,0.0,0.35,1556.9714285714288
P4424,868.11,0.208,0.5579999999999999,1555.7526881720432
P5301,1736.1100000000001,0.766,1.116,1555.6541218637992
P3058,1573.99,0.662,1.012,1555.3260869565217
P1692,1735.72,0.766,1.116,1555.3046594982077
P3622,705.61,0.104,0.45399999999999996,1554.20704845815
P3174,1058.26,0.331,0.681,1553.979441997063
P4567,1057.84,0.331,0.681,1553.3627019089572
P4742,543.54,0.0,0.35,1552.9714285714285
P3582,1379.97,0.539,0.889,1552.2722159730033
P0789,543.26,0.0,0.35,1552.1714285714286
P2569,543.21,0.0,0.35,1552.0285714285717
P3861,865.75,0.208,0.5579999999999999,1551.5232974910396
P1911,2083.04,0.9930000000000001,1.343,1551.0349962769917
P6255,2082.1000000000004,0.9930000000000001,1.343,1550.335070737156
P2551,703.82,0.104,0.45399999999999996,1550.264317180617
P0064,1568.67,0.662,1.012,1550.0691699604743
P3226,703.67,0.104,0.45399999999999996,1549.9339207048458
P0071,1054.95,0.331,0.681,1549.1189427312775
P0247,542.14,0.0,0.35,1548.9714285714285
P3827,1054.54,0.331,0.681,1548.5168869309837
P3664,863.92,0.208,0.5579999999999999,1548.2437275985665
P2922,541.73,0.0,0.35,1547.8000000000002
P7557,541.65,0.0,0.35,1547.5714285714287
P3899,2077.74,0.9930000000000001,1.343,1547.0886075949365
P0853,1053.55,0.331,0.681,1547.0631424375915
P6518,1565.58,0.662,1.012,1547.0158102766798
P1129,1565.22,0.662,1.012,1546.6600790513835
P3320,541.3299999999999,0.0,0.35,1546.6571428571428
P0314,1213.84,0.435,0.7849999999999999,1546.2929936305734
P2797,701.66,0.104,0.45399999999999996,1545.5066079295154
P0495,1052.42,0.331,0.681,1545.403817914831
P3923,1563.0,0.662,1.012,1544.4664031620553
P6069,1211.75,0.435,0.7849999999999999,1543.6305732484077
P7911,1372.2,0.5389999999999999,0.8889999999999999,1543.5320584926887
P6729,1050.82,0.331,0.681,1543.0543318649043
P7961,1882.47,0.87,1.22,1543.0081967213116
P6360,1561.5,0.662,1.012,1542.9841897233202
P4807,1049.71,0.331,0.681,1541.424375917768
P1269,2069.51,0.9930000000000001,1.343,1540.9605361131796
P0005,1208.5700000000002,0.435,0.7849999999999999,1539.5796178343953
P0741,1047.3,0.331,0.681,1537.885462555066
P3635,1206.35,0.435,0.7849999999999999,1536.751592356688
P2489,697.33,0.104,0.45399999999999996,1535.9691629955948
P4032,536.9399999999999,0.0,0.35,1534.1142857142856
P7615,1552.48,0.662,1.012,1534.0711462450593
P0737,855.98,0.208,0.5579999999999999,1534.014336917563
P2039,1711.44,0.766,1.116,1533.5483870967741
P1248,536.63,0.0,0.35,1533.2285714285715
P6129,1551.03,0.662,1.012,1532.6383399209485
P3419,695.75,0.104,0.45399999999999996,1532.4889867841412
P6809,1202.89,0.435,0.7849999999999999,1532.3439490445862
P6312,1043.49,0.331,0.681,1532.2907488986782
P7416,536.26,0.0,0.35,1532.1714285714286
P1141,1550.54,0.662,1.012,1532.1541501976285
P7231,2216.86,1.097,1.447,1532.0387007601935
P6961,695.27,0.104,0.45399999999999996,1531.431718061674
P1897,1201.53,0.435,0.7849999999999999,1530.611464968153
P5063,1200.79,0.435,0.7849999999999999,1529.6687898089174
P7812,2054.24,0.9930000000000001,1.343,1529.590469099032
P6581,1359.37,0.539,0.889,1529.100112485939
P5563,1041.3,0.331,0.681,1529.0748898678412
P7195,1200.2,0.435,0.7849999999999999,1528.9171974522294
P4385,1199.96,0.435,0.7849999999999999,1528.611464968153
P3621,1199.29,0.435,0.7849999999999999,1527.7579617834397
P2633,1704.5,0.766,1.116,1527.3297491039425
P1920,1039.48,0.331,0.681,1526.4023494860498
P4757,1356.91,0.539,0.889,1526.3329583802026
P3894,692.58,0.104,0.45399999999999996,1525.5066079295157
P0992,851.2,0.208,0.5579999999999999,1525.4480286738353
P2204,1038.77,0.331,0.681,1525.3597650513948
P3107,1038.6,0.331,0.681,1525.11013215859
P3930,533.5699999999999,0.0,0.35,1524.4857142857143
P2330,1037.4299999999998,0.331,0.681,1523.3920704845812
P1115,2708.06,1.428,1.778,1523.0933633295838
P1465,690.86,0.104,0.45399999999999996,1521.718061674009
P6300,1193.97,0.435,0.7849999999999999,1520.9808917197454
P4995,1538.83,0.662,1.012,1520.583003952569
P0745,690.27,0.104,0.45399999999999996,1520.4185022026434
P6901,1351.4399999999998,0.5389999999999999,0.8889999999999999,1520.179977502812
P5769,1854.33,0.87,1.22,1519.9426229508197
P3183,1193.04,0.435,0.7849999999999999,1519.7961783439491
P0685,531.89,0.0,0.35,1519.6857142857143
P2339,1537.48,0.662,1.012,1519.2490118577075
P7740,1535.68,0.662,1.012,1517.4703557312253
P5796,1033.02,0.331,0.681,1516.9162995594713
P7237,1534.77,0.662,1.012,1516.5711462450593
P3149,1692.02,0.766,1.116,1516.1469534050177
P2618,530.6,0.0,0.35,1516.0000000000002
P4109,1032.15,0.331,0.681,1515.6387665198238
P6156,1031.71,0.331,0.681,1514.992657856094
P5172,1030.72,0.331,0.681,1513.5389133627018
P7220,529.2199999999999,0.0,0.35,1512.0571428571427
P4623,1029.7,0.331,0.681,1512.0411160058736
P6871,1029.13,0.331,0.681,1511.2041116005873
P5659,528.8,0.0,0.35,1510.857142857143
P3544,685.12,0.104,0.45399999999999996,1509.0748898678416
P3033,1526.69,0.662,1.012,1508.5869565217392
P0948,1183.85,0.435,0.7849999999999999,1508.0891719745223
P6764,1026.8700000000001,0.331,0.681,1507.8854625550662
P2520,841.12,0.208,0.5579999999999999,1507.3835125448031
P1175,1026.06,0.331,0.681,1506.6960352422905
P2009,2522.04,1.324,1.674,1506.594982078853
P2928,1182.43,0.435,0.7849999999999999,1506.2802547770702
P4539,1181.56,0.435,0.7849999999999999,1505.171974522293
P7033,683.12,0.104,0.45399999999999996,1504.6696035242292
P1395,1024.6799999999998,0.331,0.681,1504.6696035242287
P2625,1521.9099999999999,0.662,1.012,1503.8636363636363
P2090,682.6,0.104,0.45399999999999996,1503.52422907489
P1158,2018.8600000000001,0.9930000000000001,1.343,1503.246463142219
P5893,682.0799999999999,0.104,0.45399999999999996,1502.3788546255507
P4538,1179.35,0.435,0.7849999999999999,1502.3566878980891
P3702,1178.6799999999998,0.435,0.7849999999999999,1501.5031847133757
P6119,1519.47,0.662,1.012,1501.4525691699605
P7084,1022.47,0.331,0.681,1501.424375917768
P4458,1177.94,0.435,0.7849999999999999,1500.5605095541403
P6323,525.13,0.0,0.35,1500.3714285714286
P2503,1489.02,0.643,0.993,1499.5166163141994
P2145,524.82,0.0,0.35,1499.4857142857145
P4587,1021.12,0.331,0.681,1499.4419970631423
P4612,1020.73,0.331,0.681,1498.8693098384726
P6075,1020.19,0.331,0.681,1498.0763582966226
P3792,1175.9399999999998,0.435,0.7849999999999999,1498.0127388535032
P6216,524.0699999999999,0.0,0.35,1497.3428571428572
P3063,1018.3399999999999,0.331,0.681,1495.3597650513948
P5089,1017.9100000000001,0.331,0.681,1494.7283406754773
P7772,678.19,0.104,0.45399999999999996,1493.810572687225
P1481,1016.98,0.331,0.681,1493.3627019089574
P5536,677.77,0.104,0.45399999999999996,1492.8854625550662
P2481,522.4,0.0,0.35,1492.5714285714287
P5792,1510.01,0.662,1.012,1492.104743083004
P7410,1664.72,0.766,1.116,1491.68458781362
P1025,830.87,0.208,0.5579999999999999,1489.0143369175628
P6959,1999.3899999999999,0.9930000000000001,1.343,1488.7490692479523
P1349,520.87,0.0,0.35,1488.2
P0608,675.61,0.104,0.45399999999999996,1488.127753303965
P4708,1660.41,0.766,1.116,1487.8225806451612
P3386,1012.73,0.331,0.681,1487.1218795888399
P1771,520.36,0.0,0.35,1486.7428571428572
P4349,1504.52,0.662,1.012,1486.6798418972332
P0865,519.9200000000001,0.0,0.35,1485.4857142857145
P5845,674.01,0.104,0.45399999999999996,1484.603524229075
P3413,519.32,0.0,0.35,1483.7714285714287
P2116,1500.59,0.662,1.012,1482.796442687747
P1836,673.16,0.104,0.45399999999999996,1482.7312775330397
P3440,672.93,0.104,0.45399999999999996,1482.2246696035243
P3807,518.75,0.0,0.35,1482.1428571428573
P3422,518.74,0.0,0.35,1482.1142857142859
P1419,1499.52,0.662,1.012,1481.7391304347825
P5389,1652.36,0.766,1.116,1480.6093189964156
P6228,825.99,0.208,0.5579999999999999,1480.2688172043013
P7657,1161.61,0.435,0.7849999999999999,1479.7579617834394
P0942,671.48,0.104,0.45399999999999996,1479.0308370044054
P5919,517.61,0.0,0.35,1478.8857142857144
P0934,517.53,0.0,0.35,1478.6571428571428
P3566,1496.08,0.662,1.012,1478.3399209486165
P7654,671.03,0.104,0.45399999999999996,1478.0396475770926
P6559,670.89,0.104,0.45399999999999996,1477.7312775330397
P1146,517.18,0.0,0.35,1477.6571428571428
P6627,823.2199999999999,0.208,0.5579999999999999,1475.304659498208
P0730,1004.1500000000001,0.331,0.681,1474.5227606461087
P3606,1491.97,0.662,1.012,1474.2786561264822
P7427,1003.91,0.331,0.681,1474.1703377386195
P3015,669.0799999999999,0.104,0.45399999999999996,1473.7444933920704
P7635,1491.2199999999998,0.662,1.012,1473.5375494071145
P1375,1155.99,0.435,0.7849999999999999,1472.59872611465
P2196,1002.28,0.331,0.681,1471.7767988252567
P1012,514.88,0.0,0.35,1471.0857142857144
P7267,667.26,0.104,0.45399999999999996,1469.7356828193833
P1787,1487.27,0.662,1.012,1469.6343873517785
P5554,1306.49,0.539,0.889,1469.6175478065243
P0030,1000.01,0.331,0.681,1468.4434654919235
P0261,666.26,0.104,0.45399999999999996,1467.5330396475772
P2871,1636.88,0.766,1.116,1466.7383512544802
P3202,1968.81,0.9930000000000001,1.343,1465.9791511541325
P3623,998.0,0.331,0.681,1465.4919236417034
P6039,1482.9399999999998,0.662,1.012,1465.3557312252963
P1568,512.6700000000001,0.0,0.35,1464.771428571429
P5661,1149.54,0.435,0.7849999999999999,1464.3821656050957
P7711,2908.14,1.6360000000000001,1.9860000000000002,1464.3202416918427
P2421,1633.81,0.766,1.116,1463.9874551971325
P7596,996.0699999999999,0.331,0.681,1462.6578560939793
P0171,663.93,0.104,0.45399999999999996,1462.4008810572686
P7751,511.64,0.0,0.35,1461.8285714285714
P4069,1478.58,0.662,1.012,1461.0474308300395
P5126,663.22,0.104,0.45399999999999996,1460.8370044052865
P7905,1960.26,0.9930000000000001,1.343,1459.6128071481758
P1599,1628.4699999999998,0.766,1.116,1459.2025089605731
P4044,1475.1799999999998,0.662,1.012,1457.687747035573
P4450,1295.81,0.539,0.889,1457.6040494938131
P6616,1474.51,0.662,1.012,1457.0256916996047
P3675,509.73,0.0,0.35,1456.3714285714286
P3135,509.64,0.0,0.35,1456.1142857142859
P0235,1294.33,0.539,0.889,1455.9392575928007
P2656,1142.83,0.435,0.7849999999999999,1455.8343949044586
P4685,1624.3200000000002,0.766,1.116,1455.483870967742
P7363,1142.46,0.435,0.7849999999999999,1455.363057324841
P1569,990.12,0.331,0.681,1453.920704845815
P5884,508.7,0.0,0.35,1453.4285714285716
P3536,989.35,0.331,0.681,1452.7900146842878
P7277,989.3399999999999,0.331,0.681,1452.7753303964755
P0343,1469.94,0.662,1.012,1452.509881422925
P1603,1469.8700000000001,0.662,1.012,1452.4407114624507
P5901,1620.82,0.766,1.116,1452.3476702508958
P6819,988.5,0.331,0.681,1451.5418502202642
P2441,1468.9199999999998,0.662,1.012,1451.5019762845848
P6785,2098.12,1.097,1.447,1449.9792674498963
P4373,507.37,0.0,0.35,1449.6285714285716
P1255,958.97,0.312,0.6619999999999999,1448.5951661631423
P0503,1765.95,0.87,1.22,1447.5
P1020,1135.6,0.435,0.7849999999999999,1446.624203821656
P6159,656.54,0.104,0.45399999999999996,1446.123348017621
P2132,656.24,0.104,0.45399999999999996,1445.4625550660794
P3560,1134.5,0.435,0.7849999999999999,1445.222929936306
P2289,805.76,0.208,0.5579999999999999,1444.0143369175628
P1842,955.1,0.312,0.6619999999999999,1442.7492447129912
P5087,1609.3999999999999,0.766,1.116,1442.1146953405016
P4747,1456.6499999999999,0.662,1.012,1439.377470355731
P0672,1279.4099999999999,0.539,0.889,1439.1563554555678
P1218,652.52,0.104,0.45399999999999996,1437.2687224669605
P4582,977.72,0.331,0.681,1435.712187958884
P7454,502.34000000000003,0.0,0.35,1435.257142857143
P5548,2076.3900000000003,1.097,1.447,1434.9619903248101
P1373,1126.11,0.435,0.7849999999999999,1434.5350318471337
P4225,1125.73,0.435,0.7849999999999999,1434.0509554140128
P7626,976.43,0.331,0.681,1433.8179148311306
P2893,650.85,0.104,0.45399999999999996,1433.5903083700443
P4315,501.63,0.0,0.35,1433.2285714285715
P4609,975.53,0.331,0.681,1432.4963289280468
P3159,1922.0,0.9930000000000001,1.343,1431.1243484735667
P5807,1123.3,0.435,0.7849999999999999,1430.9554140127389
P3836,649.61,0.104,0.45399999999999996,1430.8590308370046
P0202,1122.8600000000001,0.435,0.7849999999999999,1430.394904458599
P1798,2393.09,1.324,1.674,1429.5639187574673
P1380,648.87,0.104,0.45399999999999996,1429.229074889868
P4406,1270.45,0.539,0.889,1429.0776152980877
P2610,973.17,0.331,0.681,1429.0308370044052
P2115,499.95,0.0,0.35,1428.4285714285716
P7855,2066.83,1.097,1.447,1428.355217691776
P7503,648.36,0.104,0.45399999999999996,1428.1057268722468
P1503,796.1500000000001,0.208,0.5579999999999999,1426.7921146953408
P5957,499.31,0.0,0.35,1426.6000000000001
P5631,971.16,0.331,0.681,1426.0792951541848
P3497,499.03,0.0,0.35,1425.8
P2532,1119.12,0.435,0.7849999999999999,1425.6305732484077
P5361,943.53,0.312,0.6619999999999999,1425.271903323263
P5740,1590.47,0.766,1.116,1425.1523297491037
P3802,1118.64,0.435,0.7849999999999999,1425.019108280255
P4780,1441.08,0.662,1.012,1423.99209486166
P3956,969.73,0.331,0.681,1423.979441997063
P2942,969.3900000000001,0.331,0.681,1423.4801762114537
P7289,969.2,0.331,0.681,1423.201174743025
P1222,645.9100000000001,0.104,0.45399999999999996,1422.7092511013218
P0310,1116.43,0.435,0.7849999999999999,1422.203821656051
P0733,1264.3200000000002,0.539,0.889,1422.1822272215975
P2579,1412.18,0.643,0.993,1422.134944612286
P3047,497.5,0.0,0.35,1421.4285714285716
P5604,967.12,0.331,0.681,1420.1468428781204
P7932,644.53,0.104,0.45399999999999996,1419.6696035242292
P6970,1583.25,0.766,1.116,1418.6827956989246
P5964,1113.56,0.435,0.7849999999999999,1418.547770700637
P0112,1113.5,0.435,0.7849999999999999,1418.471337579618
P5405,965.97,0.331,0.681,1418.4581497797355
P5971,1904.8,0.9930000000000001,1.343,1418.3172002978406
P6301,1582.79,0.766,1.116,1418.2706093189963
P1767,1113.26,0.435,0.7849999999999999,1418.1656050955414
P6461,1435.15,0.662,1.012,1418.1324110671937
P7304,965.46,0.331,0.681,1417.7092511013216
P4238,643.64,0.104,0.45399999999999996,1417.7092511013216
P7296,643.48,0.104,0.45399999999999996,1417.3568281938328
P4036,642.73,0.104,0.45399999999999996,1415.7048458149782
P0810,1111.0600000000002,0.435,0.7849999999999999,1415.363057324841
P6141,642.55,0.104,0.45399999999999996,1415.308370044053
P5490,642.1300000000001,0.104,0.45399999999999996,1414.3832599118946
P1265,963.12,0.331,0.681,1414.273127753304
P7894,1897.73,0.9930000000000001,1.343,1413.0528667163069
P0464,1108.96,0.435,0.7849999999999999,1412.6878980891722
P5876,641.2099999999999,0.104,0.45399999999999996,1412.3568281938326
P5259,1255.31,0.539,0.889,1412.0472440944882
P6684,1575.29,0.766,1.116,1411.5501792114694
P4668,1107.81,0.435,0.7849999999999999,1411.2229299363057
P2600,1574.3200000000002,0.766,1.116,1410.6810035842293
P4998,1106.34,0.435,0.7849999999999999,1409.3503184713377
P7694,1105.82,0.435,0.7849999999999999,1408.687898089172
P3693,958.42,0.331,0.681,1407.3715124816445
P1893,958.1999999999999,0.331,0.681,1407.0484581497794
P5086,1423.89,0.662,1.012,1407.005928853755
P1384,957.71,0.331,0.681,1406.3289280469896
P4646,784.64,0.208,0.5579999999999999,1406.1648745519715
P7802,784.55,0.208,0.5579999999999999,1406.0035842293908
P6465,784.25,0.208,0.5579999999999999,1405.4659498207886
P3947,491.65,0.0,0.35,1404.7142857142858
P0268,956.22,0.331,0.681,1404.1409691629956
P0300,1565.69,0.766,1.116,1402.948028673835
P5684,1419.23,0.662,1.012,1402.401185770751
P5161,782.28,0.208,0.5579999999999999,1401.9354838709678
P5948,954.65,0.331,0.681,1401.835535976505
P5470,1100.4099999999999,0.435,0.7849999999999999,1401.796178343949
P0886,1564.3200000000002,0.766,1.116,1401.720430107527
P1031,490.19,0.0,0.35,1400.5428571428572
P7875,489.63,0.0,0.35,1398.9428571428573
P3605,780.54,0.208,0.5579999999999999,1398.8172043010754
P1030,1415.35,0.662,1.012,1398.5671936758893
P2347,952.3900000000001,0.331,0.681,1398.516886930984
P1976,2023.31,1.097,1.447,1398.2791983413958
P7976,489.37,0.0,0.35,1398.2
P7450,1414.58,0.662,1.012,1397.8063241106718
P7327,779.95,0.208,0.5579999999999999,1397.7598566308245
P1181,951.85,0.331,0.681,1397.7239353891337
P6460,489.03999999999996,0.0,0.35,1397.2571428571428
P6646,950.72,0.331,0.681,1396.064610866373
P2679,950.14,0.331,0.681,1395.2129221732744
P1308,633.19,0.104,0.45399999999999996,1394.6916299559473
P7622,633.01,0.104,0.45399999999999996,1394.295154185022
P4874,1093.96,0.435,0.7849999999999999,1393.579617834395
P0374,1409.92,0.662,1.012,1393.201581027668
P3592,948.7,0.331,0.681,1393.0983847283405
P6246,1409.5,0.662,1.012,1392.786561264822
P2792,948.45,0.331,0.681,1392.7312775330397
P6507,948.4399999999999,0.331,0.681,1392.7165932452274
P1906,948.3100000000001,0.331,0.681,1392.5256975036712
P3372,632.11,0.104,0.45399999999999996,1392.3127753303966
P6766,1408.77,0.662,1.012,1392.0652173913043
P3417,945.5999999999999,0.331,0.681,1388.5462555066076
P0630,945.27,0.331,0.681,1388.0616740088105
P6697,1403.83,0.662,1.012,1387.183794466403
P1186,1547.65,0.766,1.116,1386.7831541218638
P0270,1087.69,0.435,0.7849999999999999,1385.5923566878982
P7261,1402.07,0.662,1.012,1385.4446640316205
P1705,2004.5099999999998,1.097,1.447,1385.2868002764337
P3110,1087.26,0.435,0.7849999999999999,1385.0445859872614
P7502,628.7800000000001,0.104,0.45399999999999996,1384.9779735682823
P6944,628.46,0.104,0.45399999999999996,1384.2731277533042
P4589,628.0799999999999,0.104,0.45399999999999996,1383.4361233480176
P7194,484.16,0.0,0.35,1383.314285714286
P7009,2001.63,1.097,1.447,1383.2964754664824
P1888,1543.58,0.766,1.116,1383.1362007168457
P6795,941.24,0.331,0.681,1382.143906020558
P3359,1396.65,0.662,1.012,1380.0889328063242
P5179,1853.19,0.9930000000000001,1.343,1379.8883097542816
P2440,482.85,0.0,0.35,1379.5714285714287
P0517,1539.3799999999999,0.766,1.116,1379.3727598566306
P3575,939.12,0.331,0.681,1379.0308370044052
P7580,938.94,0.331,0.681,1378.7665198237885
P7650,1851.5,0.9930000000000001,1.343,1378.6299329858525
P1354,1394.3700000000001,0.662,1.012,1377.8359683794467
P2281,1537.5700000000002,0.766,1.116,1377.7508960573477
P7787,1993.3400000000001,1.097,1.447,1377.567380787837
P7809,911.74,0.312,0.6619999999999999,1377.2507552870093
P6895,481.49999999999994,0.0,0.35,1375.7142857142856
P4438,936.77,0.331,0.681,1375.5800293685754
P0611,936.72,0.331,0.681,1375.5066079295154
P7924,1989.6399999999999,1.097,1.447,1375.0103662750516
P0800,1390.8899999999999,0.662,1.012,1374.3972332015808
P6133,480.75,0.0,0.35,1373.5714285714287
P0055,1532.71,0.766,1.116,1373.3960573476702
P6526,935.08,0.331,0.681,1373.0983847283405
P1743,622.79,0.104,0.45399999999999996,1371.784140969163
P1828,480.10999999999996,0.0,0.35,1371.742857142857
P5254,1076.8,0.435,0.7849999999999999,1371.71974522293
P6816,933.9,0.331,0.681,1371.3656387665196
P1718,479.95,0.0,0.35,1371.2857142857144
P7903,479.74,0.0,0.35,1370.6857142857143
P1996,933.1500000000001,0.331,0.681,1370.2643171806167
P7110,1075.44,0.435,0.7849999999999999,1369.987261146497
P6625,1385.6,0.662,1.012,1369.1699604743083
P5711,932.03,0.331,0.681,1368.619676945668
P6867,478.94,0.0,0.35,1368.4
P3247,1216.46,0.539,0.889,1368.3464566929133
P5439,621.05,0.104,0.45399999999999996,1367.9515418502203
P7850,1073.0,0.435,0.7849999999999999,1366.87898089172
P0764,620.56,0.104,0.45399999999999996,1366.8722466960353
P6566,1072.8999999999999,0.435,0.7849999999999999,1366.7515923566878
P6653,620.5,0.104,0.45399999999999996,1366.740088105727
P6836,1072.6,0.435,0.7849999999999999,1366.3694267515923
P5500,1976.9,1.097,1.447,1366.2059433310296
P5362,1072.39,0.435,0.7849999999999999,1366.1019108280257
P3904,1524.23,0.766,1.116,1365.7974910394264
P3391,477.95,0.0,0.35,1365.5714285714287
P3390,619.92,0.104,0.45399999999999996,1365.4625550660794
P7866,929.74,0.331,0.681,1365.2569750367106
P3733,1522.95,0.766,1.116,1364.6505376344085
P1890,929.24,0.331,0.681,1364.5227606461085
P0386,619.39,0.104,0.45399999999999996,1364.295154185022
P3866,1069.73,0.435,0.7849999999999999,1362.7133757961785
P0727,1211.4099999999999,0.539,0.889,1362.6659167604048
P1913,927.91,0.331,0.681,1362.569750367107
P4660,2422.26,1.428,1.778,1362.3509561304838
P0650,617.77,0.104,0.45399999999999996,1360.726872246696
P3397,926.65,0.331,0.681,1360.7195301027898
P0883,1517.51,0.766,1.116,1359.7759856630823
P5065,617.29,0.104,0.45399999999999996,1359.6696035242292
P3337,758.6600000000001,0.208,0.5579999999999999,1359.6057347670253
P1224,475.83000000000004,0.0,0.35,1359.514285714286
P4056,1824.03,0.9930000000000001,1.343,1358.1757259865972
P1712,924.13,0.331,0.681,1357.0190895741555
P1848,1373.26,0.662,1.012,1356.9762845849802
P3696,756.5799999999999,0.208,0.5579999999999999,1355.8781362007169
P7341,615.5,0.104,0.45399999999999996,1355.726872246696
P7060,1371.8899999999999,0.662,1.012,1355.6225296442685
P0708,1512.3899999999999,0.766,1.116,1355.1881720430106
P7243,474.23,0.0,0.35,1354.9428571428573
P7983,1818.96,0.9930000000000001,1.343,1354.4005956813105
P1371,1203.03,0.539,0.889,1353.2395950506186
P0591,921.5,0.331,0.681,1353.1571218795887
P0803,473.22,0.0,0.35,1352.057142857143
P6207,1647.79,0.87,1.22,1350.6475409836066
P2716,919.6899999999999,0.331,0.681,1350.4992657856092
P7214,919.56,0.331,0.681,1350.3083700440527
P6517,472.58,0.0,0.35,1350.2285714285715
P5513,472.08000000000004,0.0,0.35,1348.8000000000002
P1786,917.43,0.331,0.681,1347.180616740088
P0103,917.42,0.331,0.681,1347.165932452276
P2543,1057.35,0.435,0.7849999999999999,1346.9426751592357
P6447,1363.01,0.662,1.012,1346.8478260869565
P2327,1948.12,1.097,1.447,1346.3165169315826
P3680,1502.1599999999999,0.766,1.116,1346.0215053763438
P0238,610.44,0.104,0.45399999999999996,1344.581497797357
P1366,915.23,0.331,0.681,1343.950073421439
P6160,1804.6399999999999,0.9930000000000001,1.343,1343.7379002233804
P7607,470.23,0.0,0.35,1343.514285714286
P3716,889.37,0.312,0.6619999999999999,1343.4592145015108
P7756,1498.62,0.766,1.116,1342.849462365591
P0116,1193.42,0.539,0.889,1342.4296962879641
P2324,469.55,0.0,0.35,1341.5714285714287
P4498,912.88,0.331,0.681,1340.4992657856094
P2761,1189.9,0.539,0.889,1338.4701912260969
P3184,2379.55,1.428,1.778,1338.329583802025
P3598,1493.23,0.766,1.116,1338.0197132616486
P1319,468.28999999999996,0.0,0.35,1337.9714285714285
P1701,1189.28,0.539,0.889,1337.7727784026997
P3365,467.62,0.0,0.35,1336.057142857143
P2060,1490.34,0.766,1.116,1335.4301075268816
P6759,1351.32,0.662,1.012,1335.296442687747
P4865,1489.91,0.766,1.116,1335.0448028673834
P2930,908.48,0.331,0.681,1334.0381791483112
P5321,744.24,0.208,0.5579999999999999,1333.7634408602153
P5770,1046.54,0.435,0.7849999999999999,1333.171974522293
P5827,1347.9,0.662,1.012,1331.916996047431
P1997,604.54,0.104,0.45399999999999996,1331.5859030837005
P4985,906.69,0.331,0.681,1331.409691629956
P0251,1181.1,0.539,0.889,1328.5714285714284
P5931,464.97999999999996,0.0,0.35,1328.5142857142857
P2259,464.71999999999997,0.0,0.35,1327.7714285714285
P2102,903.9,0.331,0.681,1327.3127753303963
P7161,903.55,0.331,0.681,1326.7988252569749
P4054,1041.36,0.435,0.7849999999999999,1326.5732484076434
P1542,464.08000000000004,0.0,0.35,1325.9428571428573
P4737,463.32,0.0,0.35,1323.7714285714287
P2274,1176.72,0.539,0.889,1323.644544431946
P4726,901.0,0.331,0.681,1323.0543318649045
P4495,600.06,0.104,0.45399999999999996,1321.7180616740088
P0363,599.98,0.104,0.45399999999999996,1321.5418502202645
P5815,2211.86,1.324,1.674,1321.3022700119475
P0637,1036.71,0.435,0.7849999999999999,1320.6496815286625
P2826,899.27,0.331,0.681,1320.5139500734213
P1876,1336.06,0.662,1.012,1320.2173913043478
P5669,1173.13,0.539,0.889,1319.6062992125985
P4402,1335.41,0.662,1.012,1319.5750988142292
P3442,460.52000000000004,0.0,0.35,1315.7714285714287
P0555,1604.77,0.87,1.22,1315.3852459016393
P6070,460.35,0.0,0.35,1315.2857142857144
P2694,597.06,0.104,0.45399999999999996,1315.1101321585902
P7549,597.05,0.104,0.45399999999999996,1315.0881057268723
P7791,460.16999999999996,0.0,0.35,1314.7714285714285
P4893,1031.78,0.435,0.7849999999999999,1314.3694267515925
P4250,1031.08,0.435,0.7849999999999999,1313.4777070063694
P5383,1763.98,0.9930000000000001,1.343,1313.4623976172747
P6880,894.36,0.331,0.681,1313.303964757709
P3798,595.74,0.104,0.45399999999999996,1312.2026431718064
P5705,1463.91,0.766,1.116,1311.747311827957
P7106,1029.46,0.435,0.7849999999999999,1311.4140127388537
P0187,1326.59,0.662,1.012,1310.8596837944663
P6803,892.23,0.331,0.681,1310.1762114537444
P1165,1164.49,0.5389999999999999,0.8889999999999999,1309.8875140607427
P3211,1300.01,0.643,0.993,1309.1742195367574
P4202,1460.68,0.766,1.116,1308.853046594982
P1362,458.01,0.0,0.35,1308.6000000000001
P1059,458.01,0.0,0.35,1308.6000000000001
P1782,1026.8700000000001,0.435,0.7849999999999999,1308.114649681529
P3631,457.68,0.0,0.35,1307.657142857143
P3815,890.37,0.331,0.681,1307.4449339207047
P6594,889.77,0.331,0.681,1306.5638766519824
P7395,889.27,0.331,0.681,1305.8296622613802
P7203,889.02,0.331,0.681,1305.4625550660792
P5709,456.89,0.0,0.35,1305.4
P3551,456.56,0.0,0.35,1304.457142857143
P1783,1022.87,0.435,0.7849999999999999,1303.0191082802548
P7989,1318.63,0.662,1.012,1302.9940711462452
P5889,456.03999999999996,0.0,0.35,1302.9714285714285
P5157,887.0699999999999,0.331,0.681,1302.5991189427311
P6249,1749.0900000000001,0.9930000000000001,1.343,1302.3752792256143
P4706,455.42999999999995,0.0,0.35,1301.2285714285713
P5865,2178.22,1.324,1.674,1301.2066905615293
P5856,1155.66,0.539,0.889,1299.955005624297
P4778,454.91999999999996,0.0,0.35,1299.7714285714285
P5639,884.96,0.331,0.681,1299.5007342143906
P5043,724.89,0.208,0.5579999999999999,1299.0860215053765
P6666,1449.3200000000002,0.766,1.116,1298.673835125448
P1560,454.28000000000003,0.0,0.35,1297.9428571428573
P4696,453.8,0.0,0.35,1296.5714285714287
P3769,1310.8700000000001,0.662,1.012,1295.3260869565217
P0776,453.17,0.0,0.35,1294.7714285714287
P4288,587.77,0.104,0.45399999999999996,1294.647577092511
P5732,881.47,0.331,0.681,1294.375917767988
P5737,1015.69,0.435,0.7849999999999999,1293.8726114649683
P2392,1014.27,0.435,0.7849999999999999,1292.063694267516
P5656,1148.6,0.539,0.889,1292.0134983127107
P6979,879.6199999999999,0.331,0.681,1291.6593245227605
P3583,451.88,0.0,0.35,1291.0857142857144
P6288,586.15,0.104,0.45399999999999996,1291.079295154185
P7000,1013.36,0.435,0.7849999999999999,1290.9044585987263
P3495,879.0400000000001,0.331,0.681,1290.8076358296623
P4335,878.65,0.331,0.681,1290.2349486049925
P6908,878.1800000000001,0.331,0.681,1289.5447870778266
P3185,878.14,0.331,0.681,1289.4860499265785
P5542,877.9300000000001,0.331,0.681,1289.1776798825258
P0520,450.56,0.0,0.35,1287.314285714286
P5303,584.4100000000001,0.104,0.45399999999999996,1287.2466960352426
P3332,1436.13,0.766,1.116,1286.8548387096773
P1122,450.08000000000004,0.0,0.35,1285.9428571428573
P2218,450.03999999999996,0.0,0.35,1285.8285714285714
P5462,875.14,0.331,0.681,1285.080763582966
P6800,874.9200000000001,0.331,0.681,1284.7577092511012
P0173,1299.86,0.662,1.012,1284.4466403162055
P0004,1299.23,0.662,1.012,1283.8241106719368
P6772,1299.1,0.662,1.012,1283.695652173913
P5783,1140.74,0.539,0.889,1283.172103487064
P2812,1006.84,0.435,0.7849999999999999,1282.59872611465
P2547,872.54,0.331,0.681,1281.2628487518355
P3541,448.26,0.0,0.35,1280.7428571428572
P0288,581.38,0.104,0.45399999999999996,1280.5726872246696
P0972,447.88,0.0,0.35,1279.6571428571428
P7824,447.65000000000003,0.0,0.35,1279.0000000000002
P1466,1136.8,0.539,0.889,1278.7401574803148
P6837,447.51,0.0,0.35,1278.6000000000001
P7232,1136.3,0.539,0.889,1278.177727784027
P5413,1426.0,0.766,1.116,1277.7777777777776
P7759,870.15,0.331,0.681,1277.7533039647576
P1296,579.12,0.104,0.45399999999999996,1275.5947136563877
P2038,578.91,0.104,0.45399999999999996,1275.1321585903083
P6740,1133.0,0.539,0.889,1274.4656917885263
P0635,867.87,0.331,0.681,1274.4052863436123
P3795,867.28,0.331,0.681,1273.5389133627018
P3518,999.65,0.435,0.7849999999999999,1273.43949044586
P6294,1286.82,0.662,1.012,1271.5612648221343
P6848,1838.4,1.097,1.447,1270.4906703524534
P3333,1549.8400000000001,0.87,1.22,1270.360655737705
P1900,1417.1,0.766,1.116,1269.8028673835124
P5070,996.61,0.435,0.7849999999999999,1269.566878980892
P0879,864.01,0.331,0.681,1268.7371512481643
P5464,575.59,0.104,0.45399999999999996,1267.819383259912
P0760,1283.01,0.662,1.012,1267.796442687747
P0947,1702.35,0.9930000000000001,1.343,1267.572598659717
P0085,1545.81,0.87,1.22,1267.0573770491803
P7760,1280.46,0.662,1.012,1265.2766798418972
P2213,993.1800000000001,0.435,0.7849999999999999,1265.1974522292996
P2539,442.64,0.0,0.35,1264.6857142857143
P3383,442.27,0.0,0.35,1263.6285714285714
P4119,860.48,0.331,0.681,1263.553597650514
P5495,442.15999999999997,0.0,0.35,1263.3142857142857
P7500,1541.0700000000002,0.87,1.22,1263.1721311475412
P1834,1278.1200000000001,0.662,1.012,1262.9644268774705
P3937,859.54,0.331,0.681,1262.173274596182
P0309,441.72,0.0,0.35,1262.057142857143
P6799,572.84,0.104,0.45399999999999996,1261.762114537445
P4699,703.68,0.208,0.5579999999999999,1261.0752688172042
P0932,572.3399999999999,0.104,0.45399999999999996,1260.6607929515417
P1241,857.88,0.331,0.681,1259.735682819383
P1917,440.68,0.0,0.35,1259.0857142857144
P2268,857.33,0.331,0.681,1258.928046989721
P3303,1118.3600000000001,0.539,0.889,1257.997750281215
P1808,1272.4,0.662,1.012,1257.312252964427
P7778,1949.27,1.201,1.5510000000000002,1256.7827208252738
P7409,1402.3899999999999,0.766,1.116,1256.621863799283
P7612,570.4300000000001,0.104,0.45399999999999996,1256.4537444933924
P0961,569.97,0.104,0.45399999999999996,1255.4405286343615
P4227,439.23,0.0,0.35,1254.9428571428573
P7816,854.35,0.331,0.681,1254.5521292217327
P0531,438.77,0.0,0.35,1253.6285714285714
P6045,569.08,0.104,0.45399999999999996,1253.480176211454
P4585,853.5600000000001,0.331,0.681,1253.3920704845814
P2831,983.45,0.435,0.7849999999999999,1252.8025477707008
P0774,983.3199999999999,0.435,0.7849999999999999,1252.6369426751594
P2368,1267.6599999999999,0.662,1.012,1252.6284584980235
P4015,1682.2,0.9930000000000001,1.343,1252.5688756515265
P5929,568.66,0.104,0.45399999999999996,1252.555066079295
P6225,982.5,0.435,0.7849999999999999,1251.5923566878982
P6859,568.11,0.104,0.45399999999999996,1251.343612334802
P6272,958.1899999999999,0.416,0.766,1250.9007832898171
P1403,567.86,0.104,0.45399999999999996,1250.7929515418505
P7074,981.82,0.435,0.7849999999999999,1250.7261146496817
P7980,1394.66,0.766,1.116,1249.695340501792
P2431,437.32,0.0,0.35,1249.4857142857143
P4650,1110.23,0.539,0.889,1248.8526434195726
P6655,436.87,0.0,0.35,1248.2
P0617,696.24,0.208,0.5579999999999999,1247.7419354838712
P6194,1392.47,0.766,1.116,1247.7329749103942
P6593,1262.04,0.662,1.012,1247.0750988142292
P7528,565.75,0.104,0.45399999999999996,1246.1453744493392
P6377,435.84,0.0,0.35,1245.2571428571428
P4323,435.58000000000004,0.0,0.35,1244.514285714286
P7581,1388.32,0.766,1.116,1244.0143369175626
P3402,1799.6399999999999,1.097,1.447,1243.704215618521
P3398,822.71,0.312,0.6619999999999999,1242.7643504531725
P1067,846.15,0.331,0.681,1242.5110132158588
P5790,975.18,0.435,0.7849999999999999,1242.2675159235669
P3974,1385.73,0.766,1.116,1241.6935483870966
P5979,974.1100000000001,0.435,0.7849999999999999,1240.9044585987265
P3749,1665.99,0.9930000000000001,1.343,1240.4988830975428
P3136,1255.05,0.662,1.012,1240.1679841897233
P7868,1231.35,0.643,0.993,1240.0302114803624
P4978,1254.0900000000001,0.662,1.012,1239.219367588933
P3624,433.53000000000003,0.0,0.35,1238.657142857143
P3464,1253.33,0.662,1.012,1238.4683794466403
P2319,433.22,0.0,0.35,1237.7714285714287
P6948,842.55,0.331,0.681,1237.224669603524
P3634,842.3,0.331,0.681,1236.857562408223
P1314,842.22,0.331,0.681,1236.7400881057267
P5104,970.3100000000001,0.435,0.7849999999999999,1236.0636942675162
P0908,432.42,0.0,0.35,1235.4857142857145
P3215,817.87,0.312,0.6619999999999999,1235.4531722054382
P0240,432.32000000000005,0.0,0.35,1235.2000000000003
P3227,840.91,0.331,0.681,1234.8164464023494
P6435,1097.06,0.539,0.889,1234.0382452193476
P1600,688.25,0.208,0.5579999999999999,1233.4229390681005
P7234,968.05,0.435,0.7849999999999999,1233.1847133757963
P3487,431.53,0.0,0.35,1232.942857142857
P3967,839.6099999999999,0.331,0.681,1232.9074889867838
P2344,1783.77,1.097,1.447,1232.7366966136833
P0842,1375.42,0.766,1.116,1232.4551971326164
P5675,431.15,0.0,0.35,1231.857142857143
P1730,838.6500000000001,0.331,0.681,1231.4977973568282
P4593,815.02,0.312,0.6619999999999999,1231.1480362537766
P3263,1245.81,0.662,1.012,1231.0375494071145
P4078,1245.49,0.662,1.012,1230.7213438735178
P2337,558.5899999999999,0.104,0.45399999999999996,1230.3744493392069
P4019,558.1999999999999,0.104,0.45399999999999996,1229.5154185022027
P2466,1649.06,0.9930000000000001,1.343,1227.89277736411
P2100,835.8,0.331,0.681,1227.3127753303963
P5990,835.56,0.331,0.681,1226.9603524229074
P4596,1241.57,0.662,1.012,1226.8478260869565
P1602,1241.4499999999998,0.662,1.012,1226.7292490118575
P6428,428.9,0.0,0.35,1225.4285714285713
P7570,834.15,0.331,0.681,1224.8898678414096
P6324,428.68,0.0,0.35,1224.8000000000002
P0394,428.65999999999997,0.0,0.35,1224.742857142857
P1959,555.52,0.104,0.45399999999999996,1223.6123348017622
P7970,960.51,0.435,0.7849999999999999,1223.579617834395
P6153,427.78999999999996,0.0,0.35,1222.2571428571428
P6662,427.67,0.0,0.35,1221.9142857142858
P1797,1236.34,0.662,1.012,1221.679841897233
P7984,427.56,0.0,0.35,1221.6000000000001
P7423,554.1,0.104,0.45399999999999996,1220.4845814977975
P1725,1084.59,0.539,0.889,1220.0112485939258
P6884,426.85,0.0,0.35,1219.5714285714287
P3511,1233.97,0.662,1.012,1219.3379446640317
P7465,828.8100000000001,0.331,0.681,1217.0484581497797
P6117,425.26,0.0,0.35,1215.0285714285715
P6092,551.43,0.104,0.45399999999999996,1214.603524229075
P0850,826.98,0.331,0.681,1214.3612334801762
P4760,424.5,0.0,0.35,1212.857142857143
P6914,825.57,0.331,0.681,1212.2907488986784
P2072,1226.1299999999999,0.662,1.012,1211.590909090909
P4710,1351.34,0.766,1.116,1210.8781362007167
P6067,1477.09,0.87,1.22,1210.7295081967213
P5799,823.36,0.331,0.681,1209.0455212922172
P4377,422.97,0.0,0.35,1208.4857142857145
P0687,822.4300000000001,0.331,0.681,1207.6798825256976
P1201,548.2,0.104,0.45399999999999996,1207.4889867841412
P7298,422.26,0.0,0.35,1206.4571428571428
P4816,547.53,0.104,0.45399999999999996,1206.0132158590309
P3819,946.29,0.435,0.7849999999999999,1205.4649681528663
P1081,1618.24,0.9930000000000001,1.343,1204.9441548771408
P3627,945.37,0.435,0.7849999999999999,1204.2929936305734
P5598,819.39,0.331,0.681,1203.215859030837
P0504,943.75,0.435,0.7849999999999999,1202.2292993630574
P1549,943.15,0.435,0.7849999999999999,1201.4649681528663
P2923,817.5899999999999,0.331,0.681,1200.5726872246694
P5772,1339.71,0.766,1.116,1200.4569892473116
P4031,1214.42,0.662,1.012,1200.0197628458498
P2199,544.7099999999999,0.104,0.45399999999999996,1199.8017621145375
P0311,419.76,0.0,0.35,1199.3142857142857
P3515,816.35,0.331,0.681,1198.7518355359764
P5293,940.78,0.435,0.7849999999999999,1198.4458598726117
P2189,419.34000000000003,0.0,0.35,1198.1142857142859
P4386,1336.73,0.766,1.116,1197.7867383512544
P6469,939.43,0.435,0.7849999999999999,1196.7261146496817
P3744,1607.18,0.9930000000000001,1.343,1196.7088607594937
P2198,939.39,0.435,0.7849999999999999,1196.6751592356688
P1445,418.79999999999995,0.0,0.35,1196.5714285714284
P4145,814.74,0.331,0.681,1196.3876651982378
P2538,814.51,0.331,0.681,1196.0499265785609
P7366,938.23,0.435,0.7849999999999999,1195.1974522292994
P5589,418.2,0.0,0.35,1194.857142857143
P2746,418.01,0.0,0.35,1194.3142857142857
P0641,812.72,0.331,0.681,1193.4214390602056
P5480,541.55,0.104,0.45399999999999996,1192.84140969163
P1509,1331.21,0.766,1.116,1192.8405017921145
P0248,1184.41,0.643,0.993,1192.7593152064453
P6635,1330.62,0.766,1.116,1192.311827956989
P4733,935.96,0.435,0.7849999999999999,1192.3057324840765
P0740,1206.6,0.662,1.012,1192.292490118577
P1937,1206.08,0.662,1.012,1191.778656126482
P0652,417.04,0.0,0.35,1191.5428571428572
P1051,416.78,0.0,0.35,1190.8
P4466,1597.31,0.9930000000000001,1.343,1189.3596425912137
P7331,932.9300000000001,0.435,0.7849999999999999,1188.4458598726117
P0732,415.93,0.0,0.35,1188.3714285714286
P7369,415.78,0.0,0.35,1187.942857142857
P7297,415.71999999999997,0.0,0.35,1187.7714285714285
P1984,808.86,0.331,0.681,1187.7533039647576
P6135,932.17,0.435,0.7849999999999999,1187.4777070063694
P1250,415.59000000000003,0.0,0.35,1187.4
P5690,415.34000000000003,0.0,0.35,1186.6857142857145
P3123,415.31000000000006,0.0,0.35,1186.6000000000001
P1500,662.02,0.208,0.5579999999999999,1186.415770609319
P4247,806.93,0.331,0.681,1184.9192364170335
P0440,806.15,0.331,0.681,1183.7738619676945
P0073,1298.34,0.747,1.097,1183.5369188696445
P7941,1197.71,0.662,1.012,1183.50790513834
P3078,1051.82,0.539,0.889,1183.1496062992126
P5686,413.94,0.0,0.35,1182.6857142857143
P2464,805.0799999999999,0.331,0.681,1182.202643171806
P5762,413.53999999999996,0.0,0.35,1181.5428571428572
P2985,413.5,0.0,0.35,1181.4285714285716
P5501,536.1,0.104,0.45399999999999996,1180.8370044052865
P4906,1194.8100000000002,0.662,1.012,1180.6422924901187
P4176,1440.27,0.87,1.22,1180.549180327869
P3928,1193.79,0.662,1.012,1179.6343873517785
P0791,412.58000000000004,0.0,0.35,1178.8000000000002
P2216,412.36,0.0,0.35,1178.1714285714286
P3835,412.29999999999995,0.0,0.35,1178.0
P7170,534.6800000000001,0.104,0.45399999999999996,1177.7092511013218
P6113,801.73,0.331,0.681,1177.2834067547724
P4182,801.72,0.331,0.681,1177.2687224669603
P3218,801.33,0.331,0.681,1176.6960352422907
P5854,656.4300000000001,0.208,0.5579999999999999,1176.397849462366
P5994,923.4300000000001,0.435,0.7849999999999999,1176.3439490445862
P2488,801.04,0.331,0.681,1176.2701908957415
P2099,1290.3500000000001,0.747,1.097,1176.253418413856
P3977,655.87,0.208,0.5579999999999999,1175.394265232975
P2877,797.71,0.331,0.681,1171.380323054332
P7175,1572.83,0.9930000000000001,1.343,1171.1317944899479
P3993,797.34,0.331,0.681,1170.8370044052863
P1029,652.9200000000001,0.208,0.5579999999999999,1170.1075268817208
P2157,1183.74,0.662,1.012,1169.703557312253
P1644,796.56,0.331,0.681,1169.691629955947
P3338,795.2,0.331,0.681,1167.6945668135095
P7120,915.62,0.435,0.7849999999999999,1166.3949044585988
P1521,793.85,0.331,0.681,1165.712187958884
P0922,1035.99,0.539,0.889,1165.3430821147356
P2905,793.28,0.331,0.681,1164.8751835535975
P5066,528.56,0.104,0.45399999999999996,1164.229074889868
P6126,912.74,0.435,0.7849999999999999,1162.7261146496817
P1410,791.37,0.331,0.681,1162.0704845814978
P7325,911.57,0.435,0.7849999999999999,1161.235668789809
P6659,1174.56,0.662,1.012,1160.6324110671935
P1281,526.89,0.104,0.45399999999999996,1160.5506607929517
P2190,526.84,0.104,0.45399999999999996,1160.4405286343615
P6718,790.13,0.331,0.681,1160.2496328928046
P6201,910.69,0.435,0.7849999999999999,1160.1146496815288
P1302,910.4399999999999,0.435,0.7849999999999999,1159.7961783439491
P5155,909.32,0.435,0.7849999999999999,1158.3694267515925
P1991,1292.62,0.766,1.116,1158.2616487455196
P5263,1292.15,0.766,1.116,1157.8405017921148
P6157,405.1,0.0,0.35,1157.4285714285716
P0884,908.37,0.435,0.7849999999999999,1157.15923566879
P0128,525.35,0.104,0.45399999999999996,1157.15859030837
P5346,645.58,0.208,0.5579999999999999,1156.9534050179213
P3814,787.57,0.331,0.681,1156.4904552129221
P5141,786.77,0.331,0.681,1155.3157121879588
P7174,786.6800000000001,0.331,0.681,1155.1835535976504
P0514,404.21000000000004,0.0,0.35,1154.8857142857144
P0006,644.04,0.208,0.5579999999999999,1154.1935483870968
P7835,1408.02,0.87,1.22,1154.1147540983607
P0528,905.63,0.435,0.7849999999999999,1153.6687898089174
P0757,784.86,0.331,0.681,1152.511013215859
P3147,1022.62,0.539,0.889,1150.3037120359954
P7958,521.03,0.104,0.45399999999999996,1147.6431718061674
P5933,1660.14,1.097,1.447,1147.2978576364892
P2264,780.45,0.331,0.681,1146.0352422907488
P7535,520.19,0.104,0.45399999999999996,1145.7929515418505
P6553,779.98,0.331,0.681,1145.345080763583
P6637,898.67,0.435,0.7849999999999999,1144.8025477707008
P2135,898.5799999999999,0.435,0.7849999999999999,1144.687898089172
P1980,779.52,0.331,0.681,1144.669603524229
P3059,400.07,0.0,0.35,1143.057142857143
P2348,635.61,0.208,0.5579999999999999,1139.0860215053765
P1775,398.43000000000006,0.0,0.35,1138.3714285714289
P0448,774.78,0.331,0.681,1137.7092511013216
P7823,1269.57,0.766,1.116,1137.6075268817203
P7784,397.98,0.0,0.35,1137.0857142857144
P4469,515.96,0.104,0.45399999999999996,1136.4757709251103
P5517,891.44,0.435,0.7849999999999999,1135.5923566878982
P6765,1641.7,1.097,1.447,1134.5542501727712
P4012,397.0,0.0,0.35,1134.2857142857144
P7985,890.28,0.435,0.7849999999999999,1134.1146496815288
P0723,396.72,0.0,0.35,1133.4857142857145
P1273,396.64,0.0,0.35,1133.257142857143
P1902,889.5799999999999,0.435,0.7849999999999999,1133.2229299363057
P1922,396.40999999999997,0.0,0.35,1132.6
P6828,396.31,0.0,0.35,1132.3142857142857
P2329,1143.7,0.662,1.012,1130.1383399209487
P2279,1890.38,1.324,1.674,1129.2592592592594
P5330,628.98,0.208,0.5579999999999999,1127.2043010752689
P4405,394.21,0.0,0.35,1126.3142857142857
P2973,765.95,0.331,0.681,1124.7430249632894
P6190,765.94,0.331,0.681,1124.7283406754773
P2552,393.4,0.0,0.35,1124.0
P5920,393.36,0.0,0.35,1123.8857142857144
P2773,765.06,0.331,0.681,1123.4361233480174
P1464,764.97,0.331,0.681,1123.3039647577093
P4769,392.59000000000003,0.0,0.35,1121.6857142857145
P5904,509.02,0.104,0.45399999999999996,1121.1894273127755
P3924,763.49,0.331,0.681,1121.1306901615271
P6744,391.37,0.0,0.35,1118.2
P7749,1364.08,0.87,1.22,1118.0983606557377
P7521,760.86,0.331,0.681,1117.2687224669603
P2847,1245.76,0.766,1.116,1116.2724014336916
P3010,759.9,0.331,0.681,1115.8590308370042
P2733,505.95,0.104,0.45399999999999996,1114.4273127753304
P5601,1242.8899999999999,0.766,1.116,1113.7007168458779
P4208,873.41,0.435,0.7849999999999999,1112.624203821656
P2918,1493.78,0.9930000000000001,1.343,1112.271034996277
P1647,388.29,0.0,0.35,1109.4
P4787,869.48,0.435,0.7849999999999999,1107.6178343949045
P4721,502.53999999999996,0.104,0.45399999999999996,1106.9162995594713
P7869,868.6199999999999,0.435,0.7849999999999999,1106.5222929936306
P4534,868.39,0.435,0.7849999999999999,1106.2292993630574
P1855,386.84000000000003,0.0,0.35,1105.257142857143
P0454,752.44,0.331,0.681,1104.9045521292217
P3895,751.1299999999999,0.331,0.681,1102.980910425844
P6139,1345.33,0.87,1.22,1102.7295081967213
P2205,980.0400000000001,0.539,0.889,1102.4071991001126
P6442,1478.88,0.9930000000000001,1.343,1101.1764705882354
P0950,749.74,0.331,0.681,1100.9397944199707
P7737,749.34,0.331,0.681,1100.352422907489
P0371,863.07,0.435,0.7849999999999999,1099.4522292993631
P7160,1111.66,0.662,1.012,1098.4782608695652
P7360,384.07,0.0,0.35,1097.3428571428572
P3266,1108.63,0.662,1.012,1095.4841897233202
P2097,745.97,0.331,0.681,1095.403817914831
P5817,745.59,0.331,0.681,1094.8458149779735
P7037,1107.58,0.662,1.012,1094.4466403162055
P3143,1107.26,0.662,1.012,1094.1304347826087
P7636,1104.6999999999998,0.662,1.012,1091.6007905138338
P4588,1104.56,0.662,1.012,1091.4624505928853
P3319,381.98,0.0,0.35,1091.3714285714286
P4299,381.91,0.0,0.35,1091.1714285714288
P7057,742.95,0.331,0.681,1090.9691629955946
P5996,856.22,0.435,0.7849999999999999,1090.7261146496817
P1667,381.6,0.0,0.35,1090.2857142857144
P1343,381.57000000000005,0.0,0.35,1090.2000000000003
P5136,1328.19,0.87,1.22,1088.6803278688526
P3355,740.24,0.331,0.681,1086.9897209985315
P2672,380.37,0.0,0.35,1086.7714285714287
P4181,739.46,0.331,0.681,1085.8443465491923
P2711,492.94000000000005,0.104,0.45399999999999996,1085.7709251101323
P4507,1097.8,0.662,1.012,1084.782608695652
P0368,850.95,0.435,0.7849999999999999,1084.0127388535034
P1131,490.62,0.104,0.45399999999999996,1080.660792951542
P4025,735.93,0.331,0.681,1080.6607929515417
P7075,734.66,0.331,0.681,1078.7958883994124
P7112,734.53,0.331,0.681,1078.604992657856
P0105,489.29,0.104,0.45399999999999996,1077.7312775330397
P2815,1804.1200000000001,1.324,1.674,1077.7299880525688
P3980,845.78,0.435,0.7849999999999999,1077.4267515923568
P0891,732.21,0.331,0.681,1075.1982378854625
P4099,731.34,0.331,0.681,1073.920704845815
P2823,375.68,0.0,0.35,1073.3714285714286
P2208,1085.99,0.662,1.012,1073.1126482213438
P3072,710.3,0.312,0.6619999999999999,1072.9607250755287
P5004,730.0,0.331,0.681,1071.9530102790013
P6064,486.16999999999996,0.104,0.45399999999999996,1070.8590308370044
P3061,374.74,0.0,0.35,1070.6857142857143
P2695,1083.08,0.662,1.012,1070.2371541501975
P0094,840.0799999999999,0.435,0.7849999999999999,1070.1656050955414
P0219,728.51,0.331,0.681,1069.7650513950073
P1564,374.0,0.0,0.35,1068.5714285714287
P2146,838.81,0.435,0.7849999999999999,1068.5477707006369
P0724,484.93,0.104,0.45399999999999996,1068.127753303965
P1633,837.72,0.435,0.7849999999999999,1067.15923566879
P6804,725.46,0.331,0.681,1065.2863436123348
P5023,725.44,0.331,0.681,1065.2569750367106
P0155,483.58,0.104,0.45399999999999996,1065.1541850220265
P4024,1299.19,0.87,1.22,1064.909836065574
P3096,946.56,0.539,0.889,1064.7469066366702
P3451,1185.83,0.766,1.116,1062.5716845878135
P5032,1184.7,0.766,1.116,1061.5591397849462
P3241,371.54,0.0,0.35,1061.5428571428572
P0658,371.52,0.0,0.35,1061.4857142857143
P2556,722.65,0.331,0.681,1061.160058737151
P1197,722.36,0.331,0.681,1060.734214390602
P5568,721.97,0.331,0.681,1060.1615271659325
P3701,1182.2,0.766,1.116,1059.3189964157705
P3298,720.75,0.331,0.681,1058.3700440528632
P7923,1420.3000000000002,0.9930000000000001,1.343,1057.5577066269548
P1904,720.19,0.331,0.681,1057.547723935389
P7417,699.44,0.312,0.6619999999999999,1056.555891238671
P3161,719.15,0.331,0.681,1056.0205580029367
P4698,1177.84,0.766,1.116,1055.4121863799282
P4135,718.26,0.331,0.681,1054.7136563876652
P2437,1523.93,1.097,1.447,1053.1651693158258
P6413,1523.71,1.097,1.447,1053.0131306150656
P5373,1065.44,0.662,1.012,1052.806324110672
P5450,587.4,0.208,0.5579999999999999,1052.6881720430108
P7204,716.02,0.331,0.681,1051.424375917768
P6122,476.96000000000004,0.104,0.45399999999999996,1050.5726872246698
P4859,476.32,0.104,0.45399999999999996,1049.1629955947137
P0415,1060.93,0.662,1.012,1048.3498023715415
P3505,1060.67,0.662,1.012,1048.0928853754942
P5428,1060.42,0.662,1.012,1047.8458498023715
P5034,713.0699999999999,0.331,0.681,1047.0925110132157
P0029,366.38,0.0,0.35,1046.8
P7129,474.81,0.104,0.45399999999999996,1045.8370044052865
P0113,1058.21,0.662,1.012,1045.6620553359685
P7576,712.04,0.331,0.681,1045.5800293685754
P7939,365.93,0.0,0.35,1045.5142857142857
P7103,819.6500000000001,0.435,0.7849999999999999,1044.1401273885353
P2188,1056.58,0.662,1.012,1044.0513833992095
P6842,473.96000000000004,0.104,0.45399999999999996,1043.9647577092512
P1313,710.5799999999999,0.331,0.681,1043.4361233480174
P4883,709.5999999999999,0.331,0.681,1041.9970631424374
P7853,709.5699999999999,0.331,0.681,1041.9530102790013
P0285,472.74,0.104,0.45399999999999996,1041.2775330396478
P7432,708.54,0.331,0.681,1040.440528634361
P0681,708.3499999999999,0.331,0.681,1040.1615271659323
P7592,471.19,0.104,0.45399999999999996,1037.863436123348
P5138,1157.4,0.766,1.116,1037.0967741935483
P3570,577.69,0.208,0.5579999999999999,1035.2867383512546
P1336,704.7099999999999,0.331,0.681,1034.8164464023494
P2303,469.8,0.104,0.45399999999999996,1034.8017621145375
P1381,812.29,0.435,0.7849999999999999,1034.7643312101911
P5180,469.7,0.104,0.45399999999999996,1034.5814977973569
P3796,684.87,0.312,0.6619999999999999,1034.546827794562
P4369,919.36,0.539,0.889,1034.1507311586051
P6591,361.81,0.0,0.35,1033.7428571428572
P4663,810.9100000000001,0.435,0.7849999999999999,1033.0063694267517
P1781,703.44,0.331,0.681,1032.9515418502203
P5809,809.56,0.435,0.7849999999999999,1031.2866242038217
P4006,360.93,0.0,0.35,1031.2285714285715
P2980,467.51,0.104,0.45399999999999996,1029.7577092511015
P6477,574.59,0.208,0.5579999999999999,1029.7311827956992
P2229,1362.93,0.974,1.3239999999999998,1029.40332326284
P3437,1255.56,0.87,1.22,1029.1475409836066
P7321,467.0,0.104,0.45399999999999996,1028.6343612334804
P4794,699.78,0.331,0.681,1027.577092511013
P1606,359.62,0.0,0.35,1027.4857142857143
P1576,806.37,0.435,0.7849999999999999,1027.222929936306
P7169,699.08,0.331,0.681,1026.5491923641703
P2087,698.36,0.331,0.681,1025.4919236417034
P1310,1037.37,0.662,1.012,1025.0691699604743
P1475,358.57,0.0,0.35,1024.4857142857143
P5024,697.6400000000001,0.331,0.681,1024.4346549192364
P5808,358.4,0.0,0.35,1024.0
P5095,358.17,0.0,0.35,1023.3428571428573
P2173,358.02,0.0,0.35,1022.9142857142857
P6737,357.23,0.0,0.35,1020.657142857143
P6391,356.94,0.0,0.35,1019.8285714285715
P5193,694.38,0.331,0.681,1019.6475770925109
P7065,694.01,0.331,0.681,1019.1042584434654
P1738,693.29,0.331,0.681,1018.0469897209985
P1388,693.24,0.331,0.681,1017.9735682819382
P5134,693.0999999999999,0.331,0.681,1017.7679882525696
P5358,798.19,0.435,0.7849999999999999,1016.8025477707008
P1865,355.16999999999996,0.0,0.35,1014.7714285714285
P6623,1362.79,0.9930000000000001,1.343,1014.7356664184662
P4161,1362.25,0.9930000000000001,1.343,1014.3335815338794
P1332,690.0500000000001,0.331,0.681,1013.2892804698972
P4282,459.38,0.104,0.45399999999999996,1011.8502202643173
P3400,1023.64,0.662,1.012,1011.501976284585
P2255,688.74,0.331,0.681,1011.3656387665197
P3772,458.98,0.104,0.45399999999999996,1010.9691629955948
P5221,1023.04,0.662,1.012,1010.9090909090909
P3791,688.39,0.331,0.681,1010.8516886930983
P3805,1233.23,0.87,1.22,1010.844262295082
P1681,458.59000000000003,0.104,0.45399999999999996,1010.1101321585904
P5943,1126.67,0.766,1.116,1009.5609318996416
P6284,687.04,0.331,0.681,1008.8693098384728
P7736,791.79,0.435,0.7849999999999999,1008.6496815286624
P4595,790.15,0.435,0.7849999999999999,1006.5605095541403
P3025,685.4100000000001,0.331,0.681,1006.4757709251102
P3364,351.95000000000005,0.0,0.35,1005.5714285714288
P0365,788.78,0.435,0.7849999999999999,1004.8152866242038
P6427,1015.4300000000001,0.662,1.012,1003.3893280632411
P0107,891.5,0.539,0.889,1002.8121484814399
P6749,454.9,0.104,0.45399999999999996,1001.9823788546256
P2064,350.09999999999997,0.0,0.35,1000.2857142857142
P3865,1446.69,1.097,1.447,999.7857636489288
P0469,1115.47,0.766,1.116,999.5250896057347
P2138,680.53,0.331,0.681,999.3098384728339
P5754,784.1,0.435,0.7849999999999999,998.8535031847135
P6013,1010.3000000000001,0.662,1.012,998.3201581027669
P5050,783.66,0.435,0.7849999999999999,998.2929936305733
P2813,679.33,0.331,0.681,997.5477239353892
P3300,1009.14,0.662,1.012,997.1739130434783
P0982,348.77,0.0,0.35,996.4857142857143
P4797,347.87,0.0,0.35,993.9142857142858
P3030,1005.73,0.662,1.012,993.804347826087
P2752,347.81,0.0,0.35,993.7428571428572
P1858,1333.58,0.9930000000000001,1.343,992.9858525688757
P1971,1331.6200000000001,0.9930000000000001,1.343,991.5264333581534
P6693,1003.1,0.662,1.012,991.205533596838
P4688,1002.8399999999999,0.662,1.012,990.9486166007904
P5187,1002.39,0.662,1.012,990.5039525691699
P2178,449.07000000000005,0.104,0.45399999999999996,989.1409691629958
P0017,773.71,0.435,0.7849999999999999,985.6178343949047
P5986,773.3499999999999,0.435,0.7849999999999999,985.1592356687898
P6598,995.4200000000001,0.662,1.012,983.6166007905139
P3089,1198.77,0.87,1.22,982.5983606557377
P1149,992.97,0.662,1.012,981.195652173913
P3267,668.14,0.331,0.681,981.116005873715
P1329,343.32,0.0,0.35,980.9142857142857
P1211,342.47,0.0,0.35,978.4857142857144
P5864,342.02,0.0,0.35,977.2
P5667,766.46,0.435,0.7849999999999999,976.3821656050957
P5035,1087.6799999999998,0.766,1.116,974.6236559139783
P3172,341.09000000000003,0.0,0.35,974.5428571428573
P3705,1087.55,0.766,1.116,974.5071684587813
P7692,340.54,0.0,0.35,972.9714285714286
P4464,984.63,0.662,1.012,972.9545454545455
P6844,763.1400000000001,0.435,0.7849999999999999,972.1528662420385
P7050,983.72,0.662,1.012,972.0553359683795
P3069,983.3900000000001,0.662,1.012,971.7292490118577
P2480,340.05,0.0,0.35,971.5714285714287
P2254,661.34,0.331,0.681,971.1306901615271
P6829,661.01,0.331,0.681,970.6461086637297
P4291,1079.42,0.766,1.116,967.2222222222222
P2296,757.87,0.435,0.7849999999999999,965.43949044586
P2890,337.9,0.0,0.35,965.4285714285714
P1998,757.85,0.435,0.7849999999999999,965.4140127388537
P1752,438.28999999999996,0.104,0.45399999999999996,965.3964757709251
P1347,1615.92,1.324,1.674,965.3046594982079
P5344,656.51,0.331,0.681,964.0381791483112
P6510,975.39,0.662,1.012,963.8241106719368
P0556,437.53999999999996,0.104,0.45399999999999996,963.7444933920705
P6792,656.2,0.331,0.681,963.5829662261381
P7268,656.16,0.331,0.681,963.5242290748897
P6521,437.15,0.104,0.45399999999999996,962.8854625550662
P0158,655.5500000000001,0.331,0.681,962.6284875183554
P2151,336.83,0.0,0.35,962.3714285714286
P3929,336.52,0.0,0.35,961.4857142857143
P7901,654.0799999999999,0.331,0.681,960.4698972099851
P0893,436.04,0.104,0.45399999999999996,960.4405286343614
P5609,752.9200000000001,0.435,0.7849999999999999,959.1337579617837
P7703,652.8499999999999,0.331,0.681,958.6637298091041
P2335,534.57,0.208,0.5579999999999999,958.0107526881723
P6926,1069.12,0.766,1.116,957.9928315412185
P5057,652.39,0.331,0.681,957.9882525697503
P2377,967.81,0.662,1.012,956.3339920948616
P0264,1066.91,0.766,1.116,956.0125448028674
P4639,1066.15,0.766,1.116,955.331541218638
P2594,334.32,0.0,0.35,955.2
P3324,1165.32,0.87,1.22,955.1803278688524
P7990,1379.55,1.097,1.447,953.3863165169315
P7017,1694.49,1.428,1.778,953.0314960629921
P1867,964.38,0.662,1.012,952.9446640316205
P2309,333.35,0.0,0.35,952.4285714285716
P1312,746.99,0.435,0.7849999999999999,951.579617834395
P1696,530.8,0.208,0.5579999999999999,951.2544802867384
P7844,1276.5,0.9930000000000001,1.343,950.4839910647804
P0869,1060.19,0.766,1.116,949.9910394265232
P0821,431.28000000000003,0.104,0.45399999999999996,949.9559471365641
P0227,332.27,0.0,0.35,949.3428571428572
P0567,332.22,0.0,0.35,949.2000000000002
P5885,959.9399999999999,0.662,1.012,948.5573122529644
P2088,331.93,0.0,0.35,948.3714285714286
P7146,958.9599999999999,0.662,1.012,947.588932806324
P0110,331.26,0.0,0.35,946.4571428571429
P3210,957.36,0.662,1.012,946.0079051383399
P2900,643.89,0.331,0.681,945.5066079295153
P5532,1268.68,0.9930000000000001,1.343,944.6612062546538
P3756,741.4,0.435,0.7849999999999999,944.4585987261147
P5250,1677.92,1.428,1.778,943.7120359955006
P1356,428.23,0.104,0.45399999999999996,943.2378854625551
P3698,641.9399999999999,0.331,0.681,942.6431718061673
P2459,739.7800000000001,0.435,0.7849999999999999,942.394904458599
P1593,1149.32,0.87,1.22,942.0655737704918
P5442,1264.35,0.9930000000000001,1.343,941.4370811615785
P1315,426.79,0.104,0.45399999999999996,940.0660792951543
P0186,834.71,0.539,0.889,938.9313835770529
P2884,931.67,0.643,0.993,938.2376636455186
P7506,1043.56,0.766,1.116,935.0896057347669
P4667,946.21,0.662,1.012,934.9901185770751
P1072,326.95,0.0,0.35,934.1428571428572
P0532,616.97,0.312,0.6619999999999999,931.9788519637464
P0561,942.37,0.662,1.012,931.195652173913
P7482,730.48,0.435,0.7849999999999999,930.5477707006371
P2763,633.5,0.331,0.681,930.2496328928046
P1478,1345.75,1.097,1.447,930.0276434001382
P5850,633.1999999999999,0.331,0.681,929.8091042584433
P4745,729.34,0.435,0.7849999999999999,929.095541401274
P7407,939.74,0.662,1.012,928.596837944664
P5887,1130.02,0.87,1.22,926.2459016393443
P2214,420.26,0.104,0.45399999999999996,925.6828193832599
P1812,629.62,0.331,0.681,924.5521292217327
P1077,629.04,0.331,0.681,923.7004405286342
P2125,515.14,0.208,0.5579999999999999,923.1899641577062
P6958,323.02,0.0,0.35,922.9142857142857
P6776,819.87,0.539,0.889,922.238470191226
P7101,627.95,0.331,0.681,922.0998531571219
P6212,932.1,0.662,1.012,921.0474308300395
P7389,1027.8,0.766,1.116,920.9677419354838
P5258,321.75,0.0,0.35,919.2857142857143
P7054,625.98,0.331,0.681,919.2070484581498
P5748,625.88,0.331,0.681,919.0602055800293
P0977,321.39,0.0,0.35,918.2571428571429
P5835,321.37,0.0,0.35,918.2
P0923,720.66,0.435,0.7849999999999999,918.0382165605096
P7509,720.1999999999999,0.435,0.7849999999999999,917.452229299363
P5110,719.42,0.435,0.7849999999999999,916.4585987261147
P1685,414.87,0.104,0.45399999999999996,913.8105726872247
P0629,319.51,0.0,0.35,912.8857142857144
P1717,923.17,0.662,1.012,912.2233201581028
P4887,809.6600000000001,0.539,0.889,910.7536557930259
P4306,919.02,0.662,1.012,908.1225296442688
P1262,317.83000000000004,0.0,0.35,908.0857142857145
P4890,618.26,0.331,0.681,907.870778267254
P4758,1407.33,1.201,1.5510000000000002,907.3694390715666
P2632,917.88,0.662,1.012,906.99604743083
P7230,317.24,0.0,0.35,906.4000000000001
P5520,711.4,0.435,0.7849999999999999,906.2420382165606
P2971,710.27,0.435,0.7849999999999999,904.8025477707007
P3310,410.63,0.104,0.45399999999999996,904.4713656387665
P3884,1008.8199999999999,0.766,1.116,903.9605734767024
P1688,614.37,0.331,0.681,902.15859030837
P0557,315.6,0.0,0.35,901.7142857142859
P6214,1398.36,1.201,1.5510000000000002,901.586073500967
P3538,408.47,0.104,0.45399999999999996,899.7136563876653
P1468,408.33,0.104,0.45399999999999996,899.4052863436124
P4642,314.64,0.0,0.35,898.9714285714286
P6975,314.25,0.0,0.35,897.8571428571429
P2149,611.12,0.331,0.681,897.3861967694567
P7200,594.03,0.312,0.6619999999999999,897.3262839879154
P7747,313.71,0.0,0.35,896.3142857142857
P0841,313.55,0.0,0.35,895.8571428571429
P2657,794.39,0.539,0.889,893.5770528683914
P7011,997.04,0.766,1.116,893.4050179211469
P0704,904.01,0.662,1.012,893.2905138339921
P2061,312.64,0.0,0.35,893.2571428571429
P1721,312.58,0.0,0.35,893.0857142857143
P6710,405.46,0.104,0.45399999999999996,893.0837004405287
P1325,903.5899999999999,0.662,1.012,892.8754940711461
P7959,312.48,0.0,0.35,892.8000000000001
P7605,1789.54,1.655,2.005,892.5386533665836
P5804,311.83,0.0,0.35,890.9428571428572
P6512,311.76,0.0,0.35,890.7428571428571
P4676,900.88,0.662,1.012,890.197628458498
P5619,1085.16,0.87,1.22,889.4754098360656
P7817,991.41,0.766,1.116,888.3602150537633
P0509,898.47,0.662,1.012,887.8162055335969
P3519,695.49,0.435,0.7849999999999999,885.9745222929937
P7003,695.31,0.435,0.7849999999999999,885.7452229299363
P6716,309.5,0.0,0.35,884.2857142857143
P4046,1279.18,1.097,1.447,884.0221147201106
P4172,601.71,0.331,0.681,883.568281938326
P1670,309.04999999999995,0.0,0.35,882.9999999999999
P2521,400.83000000000004,0.104,0.45399999999999996,882.8854625550663
P1061,891.95,0.662,1.012,881.3735177865613
P5544,1075.2,0.87,1.22,881.3114754098361
P4803,1183.46,0.9930000000000001,1.343,881.2062546537603
P6622,308.14,0.0,0.35,880.4
P4552,691.05,0.435,0.7849999999999999,880.3184713375797
P1572,599.0,0.331,0.681,879.5888399412628
P2715,978.75,0.766,1.116,877.0161290322579
P4967,597.1899999999999,0.331,0.681,876.9309838472833
P1226,887.44,0.662,1.012,876.9169960474309
P4148,597.0600000000001,0.331,0.681,876.7400881057268
P0082,978.21,0.766,1.116,876.5322580645161
P0710,778.97,0.539,0.889,876.2317210348707
P0519,596.4,0.331,0.681,875.7709251101321
P3314,687.11,0.435,0.7849999999999999,875.299363057325
P2644,686.01,0.435,0.7849999999999999,873.8980891719746
P3970,594.63,0.331,0.681,873.1718061674009
P4879,305.21000000000004,0.0,0.35,872.0285714285716
P3597,882.3199999999999,0.662,1.012,871.8577075098814
P6452,304.78,0.0,0.35,870.8
P1898,683.54,0.435,0.7849999999999999,870.751592356688
P7906,772.52,0.539,0.889,868.9763779527559
P0121,304.09000000000003,0.0,0.35,868.8285714285715
P3740,878.8000000000001,0.662,1.012,868.3794466403162
P6832,484.44,0.208,0.5579999999999999,868.1720430107528
P0468,303.34,0.0,0.35,866.6857142857143
P2537,303.27,0.0,0.35,866.4857142857143
P3291,589.6800000000001,0.331,0.681,865.9030837004406
P7172,1055.7,0.87,1.22,865.3278688524591
P2970,678.71,0.435,0.7849999999999999,864.5987261146498
P3036,588.48,0.331,0.681,864.1409691629956
P1806,766.8199999999999,0.539,0.889,862.564679415073
P3023,1052.1200000000001,0.87,1.22,862.3934426229509
P4005,301.76,0.0,0.35,862.1714285714286
P6026,872.47,0.662,1.012,862.1245059288538
P0919,872.32,0.662,1.012,861.9762845849802
P7554,586.04,0.331,0.681,860.5580029368574
P6812,1155.4,0.9930000000000001,1.343,860.312732688012
P4188,585.7,0.331,0.681,860.0587371512481
P0499,674.69,0.435,0.7849999999999999,859.4777070063695
P6004,300.81,0.0,0.35,859.4571428571429
P5444,300.74,0.0,0.35,859.257142857143
P1109,585.08,0.331,0.681,859.1483113069016
P0626,584.09,0.331,0.681,857.6945668135095
P6850,299.87,0.0,0.35,856.7714285714286
P4066,1149.63,0.9930000000000001,1.343,856.0163812360388
P6280,671.77,0.435,0.7849999999999999,855.7579617834396
P7888,581.91,0.331,0.681,854.4933920704844
P0707,669.95,0.435,0.7849999999999999,853.43949044586
P6585,669.76,0.435,0.7849999999999999,853.1974522292994
P1586,297.68,0.0,0.35,850.5142857142857
P1017,858.83,0.662,1.012,848.6462450592886
P2675,296.98,0.0,0.35,848.5142857142858
P6794,296.19,0.0,0.35,846.2571428571429
P2168,296.12,0.0,0.35,846.0571428571429
P4297,1414.51,1.324,1.674,844.9880525686978
P5794,295.65,0.0,0.35,844.7142857142857
P3826,295.53,0.0,0.35,844.3714285714285
P6695,1132.96,0.9930000000000001,1.343,843.6038719285183
P4692,574.49,0.331,0.681,843.59765051395
P2959,853.7,0.662,1.012,843.5770750988142
P0095,574.44,0.331,0.681,843.5242290748898
P6350,852.74,0.662,1.012,842.6284584980237
P6278,380.95,0.104,0.45399999999999996,839.0969162995596
P1120,571.39,0.331,0.681,839.0455212922172
P3088,848.1,0.662,1.012,838.0434782608696
P4649,569.53,0.331,0.681,836.3142437591775
P0167,292.40000000000003,0.0,0.35,835.4285714285716
P6379,568.74,0.331,0.681,835.1541850220264
P7856,844.84,0.662,1.012,834.8221343873518
P5829,291.79,0.0,0.35,833.6857142857144
P1737,653.6800000000001,0.435,0.7849999999999999,832.7133757961785
P1289,291.37,0.0,0.35,832.4857142857144
P6972,653.25,0.435,0.7849999999999999,832.1656050955415
P4984,1116.57,0.9930000000000001,1.343,831.3998510796723
P0019,290.73,0.0,0.35,830.657142857143
P5222,737.72,0.539,0.889,829.8312710911136
P0424,563.9300000000001,0.331,0.681,828.0910425844347
P5950,563.18,0.331,0.681,826.9897209985314
P4280,460.81,0.208,0.5579999999999999,825.8243727598567
P7964,288.31,0.0,0.35,823.7428571428572
P7710,373.77,0.104,0.45399999999999996,823.2819383259912
P2180,373.34,0.104,0.45399999999999996,822.3348017621146
P6897,832.14,0.662,1.012,822.2727272727273
P4011,286.79,0.0,0.35,819.4000000000001
P2448,557.41,0.331,0.681,818.5168869309838
P4077,371.38,0.104,0.45399999999999996,818.0176211453745
P5206,641.94,0.435,0.7849999999999999,817.7579617834397
P0147,826.6400000000001,0.662,1.012,816.8379446640317
P5998,725.85,0.539,0.889,816.4791901012374
P2492,555.8199999999999,0.331,0.681,816.1820851688692
P6522,640.48,0.435,0.7849999999999999,815.8980891719747
P2835,455.04,0.208,0.5579999999999999,815.4838709677421
P0720,285.34999999999997,0.0,0.35,815.2857142857142
P3753,724.42,0.539,0.889,814.8706411698537
P5424,638.42,0.435,0.7849999999999999,813.2738853503186
P2852,553.48,0.331,0.681,812.7459618208517
P3352,822.3900000000001,0.662,1.012,812.6383399209487
P3366,1090.65,0.9930000000000001,1.343,812.0997766195087
P0643,283.66999999999996,0.0,0.35,810.4857142857143
P0890,550.64,0.331,0.681,808.5756240822319
P3223,1353.37,1.324,1.674,808.4647550776583
P5292,549.91,0.331,0.681,807.5036710719529
P5562,633.68,0.435,0.7849999999999999,807.235668789809
P2391,549.6700000000001,0.331,0.681,807.151248164464
P5048,1618.21,1.655,2.005,807.0872817955113
P4889,282.12,0.0,0.35,806.0571428571429
P3850,548.49,0.331,0.681,805.4185022026431
P0878,814.8199999999999,0.662,1.012,805.1581027667984
P1813,631.8499999999999,0.435,0.7849999999999999,804.9044585987261
P4486,631.6,0.435,0.7849999999999999,804.5859872611466
P5552,547.87,0.331,0.681,804.5080763582965
P5317,281.07,0.0,0.35,803.0571428571429
P4004,629.8199999999999,0.435,0.7849999999999999,802.3184713375796
P7370,280.78999999999996,0.0,0.35,802.2571428571428
P3663,628.53,0.435,0.7849999999999999,800.6751592356688
P7508,280.21999999999997,0.0,0.35,800.6285714285714
P7130,545.22,0.331,0.681,800.6167400881058
P1484,975.9300000000001,0.87,1.22,799.9426229508198
P2631,808.82,0.662,1.012,799.2292490118577
P7377,543.91,0.331,0.681,798.6930983847283
P0273,808.27,0.662,1.012,798.6857707509881
P5479,626.21,0.435,0.7849999999999999,797.7197452229301
P1766,278.28,0.0,0.35,795.0857142857143
P6753,887.27,0.766,1.116,795.0448028673834
P2678,277.34000000000003,0.0,0.35,792.4000000000001
P5386,620.71,0.435,0.7849999999999999,790.7133757961785
P2821,537.42,0.331,0.681,789.1629955947135
P3893,536.87,0.331,0.681,788.3553597650514
P7352,356.6,0.104,0.45399999999999996,785.4625550660794
P4908,534.04,0.331,0.681,784.1997063142436
P3153,792.77,0.662,1.012,783.3695652173913
P5908,791.51,0.662,1.012,782.1245059288538
P3436,273.7,0.0,0.35,782.0
P1605,436.05,0.208,0.5579999999999999,781.451612903226
P3793,531.62,0.331,0.681,780.6461086637297
P2795,531.36,0.331,0.681,780.2643171806167
P4820,1046.8899999999999,0.9930000000000001,1.343,779.5160089352196
P2972,611.76,0.435,0.7849999999999999,779.3121019108281
P0756,272.62,0.0,0.35,778.9142857142858
P4601,272.39,0.0,0.35,778.2571428571429
P4687,529.0699999999999,0.331,0.681,776.9016152716591
P6025,433.23,0.208,0.5579999999999999,776.3978494623657
P7830,528.21,0.331,0.681,775.6387665198238
P2933,512.96,0.312,0.6619999999999999,774.8640483383688
P7543,527.19,0.331,0.681,774.1409691629956
P6651,605.63,0.435,0.7849999999999999,771.5031847133758
P4249,525.31,0.331,0.681,771.3803230543317
P1482,605.18,0.435,0.7849999999999999,770.9299363057326
P1105,780.0200000000001,0.662,1.012,770.7707509881424
P2700,858.51,0.766,1.116,769.274193548387
P3615,523.3499999999999,0.331,0.681,768.5022026431716
P3122,268.93,0.0,0.35,768.3714285714286
P5962,602.74,0.435,0.7849999999999999,767.8216560509555
P7899,348.44,0.104,0.45399999999999996,767.488986784141
P5224,522.5,0.331,0.681,767.2540381791482
P5997,776.01,0.662,1.012,766.8083003952569
P3659,522.04,0.331,0.681,766.5785609397943
P5524,930.94,0.87,1.22,763.0655737704918
P4095,346.27,0.104,0.45399999999999996,762.7092511013216
P1276,266.69,0.0,0.35,761.9714285714286
P5872,345.64,0.104,0.45399999999999996,761.3215859030837
P5510,265.56,0.0,0.35,758.7428571428572
P3854,344.03999999999996,0.104,0.45399999999999996,757.7973568281939
P1155,265.19,0.0,0.35,757.6857142857143
P5924,263.45,0.0,0.35,752.7142857142858
P4167,419.23,0.208,0.5579999999999999,751.3082437275987
P2260,418.95000000000005,0.208,0.5579999999999999,750.8064516129034
P0864,1256.75,1.324,1.674,750.7467144563919
P3250,1007.9,0.9930000000000001,1.343,750.4839910647803
P1399,261.72999999999996,0.0,0.35,747.8
P2292,756.68,0.662,1.012,747.7075098814229
P7783,756.5699999999999,0.662,1.012,747.5988142292489
P7235,261.24,0.0,0.35,746.4000000000001
P6841,585.6,0.435,0.7849999999999999,745.987261146497
P7998,338.28000000000003,0.104,0.45399999999999996,745.1101321585904
P6967,999.79,0.9930000000000001,1.343,744.4452717795979
P5164,752.59,0.662,1.012,743.6660079051384
P4756,414.67,0.208,0.5579999999999999,743.136200716846
P0209,737.9,0.643,0.993,743.1017119838872
P5691,335.90999999999997,0.104,0.45399999999999996,739.8898678414097
P6966,657.3399999999999,0.539,0.889,739.4150731158604
P3474,335.35,0.104,0.45399999999999996,738.6563876651984
P4750,334.08000000000004,0.104,0.45399999999999996,735.8590308370045
P2201,821.1400000000001,0.766,1.116,735.7885304659499
P4628,744.52,0.662,1.012,735.691699604743
P4352,333.08,0.104,0.45399999999999996,733.6563876651983
P5946,255.88,0.0,0.35,731.0857142857143
P0709,739.16,0.662,1.012,730.395256916996
P5666,331.31000000000006,0.104,0.45399999999999996,729.7577092511016
P6125,572.62,0.435,0.7849999999999999,729.4522292993631
P4496,496.45000000000005,0.331,0.681,729.0014684287812
P5593,495.87,0.331,0.681,728.1497797356827
P4562,329.7,0.104,0.45399999999999996,726.2114537444934
P6099,329.67,0.104,0.45399999999999996,726.1453744493393
P6437,809.52,0.766,1.116,725.3763440860214
P4387,493.15,0.331,0.681,724.1556534508076
P5322,492.68,0.331,0.681,723.4654919236417
P2651,566.54,0.435,0.7849999999999999,721.7070063694267
P7138,491.12,0.331,0.681,721.1747430249633
P2045,729.81,0.662,1.012,721.1561264822134
P2005,489.89,0.331,0.681,719.3685756240822
P4414,488.16,0.331,0.681,716.8281938325991
P3035,725.28,0.662,1.012,716.6798418972331
P3951,562.16,0.435,0.7849999999999999,716.1273885350319
P6434,250.23,0.0,0.35,714.9428571428572
P4574,560.89,0.435,0.7849999999999999,714.5095541401274
P5099,722.39,0.662,1.012,713.8241106719368
P7594,722.33,0.662,1.012,713.7648221343874
P5801,485.87,0.331,0.681,713.4654919236417
P3286,484.76,0.331,0.681,711.8355359765051
P3376,396.64,0.208,0.5579999999999999,710.8243727598567
P5695,396.46,0.208,0.5579999999999999,710.5017921146954
P4872,1027.5,1.097,1.447,710.0898410504492
P1592,483.11,0.331,0.681,709.4126284875183
P1153,717.07,0.662,1.012,708.5671936758894
P0698,481.73,0.331,0.681,707.3861967694567
P1142,246.97,0.0,0.35,705.6285714285715
P5300,479.4,0.331,0.681,703.964757709251
P7586,245.94,0.0,0.35,702.6857142857143
P7420,475.24,0.331,0.681,697.856093979442
P5555,848.99,0.87,1.22,695.8934426229508
P0250,774.6999999999999,0.766,1.116,694.1756272401433
P4806,543.9300000000001,0.435,0.7849999999999999,692.9044585987263
P0141,241.95999999999998,0.0,0.35,691.3142857142857
P4825,468.55,0.331,0.681,688.0323054331865
P7401,468.33,0.331,0.681,687.7092511013215
P1287,766.5600000000001,0.766,1.116,686.8817204301075
P0833,310.78999999999996,0.104,0.45399999999999996,684.5594713656387
P3502,465.89,0.331,0.681,684.1262848751835
P5965,239.44,0.0,0.35,684.1142857142858
P1048,535.0999999999999,0.435,0.7849999999999999,681.656050955414
P5715,760.1800000000001,0.766,1.116,681.1648745519714
P2316,605.54,0.539,0.889,681.1473565804274
P4817,1436.02,1.7590000000000001,2.109,680.9009009009009
P4416,687.88,0.662,1.012,679.7233201581028
P7156,460.90000000000003,0.331,0.681,676.7988252569751
P2051,459.04,0.331,0.681,674.0675477239354
P1136,305.13,0.104,0.45399999999999996,672.0925110132159
P3797,679.19,0.662,1.012,671.1363636363637
P2567,671.96,0.662,1.012,663.9920948616601
P6614,520.59,0.435,0.7849999999999999,663.1719745222931
P4042,300.69000000000005,0.104,0.45399999999999996,662.3127753303967
P2865,231.69,0.0,0.35,661.9714285714286
P0632,738.15,0.766,1.116,661.4247311827957
P0070,518.11,0.435,0.7849999999999999,660.0127388535033
P2927,299.4,0.104,0.45399999999999996,659.4713656387665
P2224,667.1,0.662,1.012,659.1897233201581
P0953,517.0500000000001,0.435,0.7849999999999999,658.6624203821658
P2979,230.5,0.0,0.35,658.5714285714287
P5422,448.38,0.331,0.681,658.4140969162995
P5655,446.68,0.331,0.681,655.9177679882525
P1940,229.57,0.0,0.35,655.9142857142857
P0044,514.75,0.435,0.7849999999999999,655.7324840764331
P2692,297.53999999999996,0.104,0.45399999999999996,655.374449339207
P5570,663.07,0.662,1.012,655.207509881423
P2123,445.96000000000004,0.331,0.681,654.8604992657856
P1002,229.01,0.0,0.35,654.3142857142857
P5991,228.89,0.0,0.35,653.9714285714285
P3075,296.89,0.104,0.45399999999999996,653.9427312775331
P0682,445.03000000000003,0.331,0.681,653.4948604992658
P0479,512.82,0.435,0.7849999999999999,653.2738853503186
P2974,512.38,0.435,0.7849999999999999,652.7133757961784
P3688,444.1,0.331,0.681,652.1292217327459
P4974,647.17,0.643,0.993,651.7321248741188
P3393,228.0,0.0,0.35,651.4285714285714
P4666,227.82,0.0,0.35,650.9142857142857
P4922,510.80999999999995,0.435,0.7849999999999999,650.7133757961783
P3385,442.95,0.331,0.681,650.4405286343612
P0429,442.62,0.331,0.681,649.9559471365639
P3767,725.1400000000001,0.766,1.116,649.7670250896058
P0161,724.36,0.766,1.116,649.0681003584228
P6402,227.07,0.0,0.35,648.7714285714286
P6361,871.17,0.9930000000000001,1.343,648.67460908414
P0023,509.13,0.435,0.7849999999999999,648.5732484076434
P2031,723.07,0.766,1.116,647.9121863799282
P5059,720.9300000000001,0.766,1.116,645.994623655914
P3216,865.98,0.9930000000000001,1.343,644.8101265822785
P4842,292.42,0.104,0.45399999999999996,644.0969162995596
P3943,651.6700000000001,0.662,1.012,643.9426877470356
P0011,438.49,0.331,0.681,643.8913362701909
P3469,438.48,0.331,0.681,643.8766519823788
P0715,225.13,0.0,0.35,643.2285714285715
P4732,437.44,0.331,0.681,642.3494860499266
P0797,436.87,0.331,0.681,641.5124816446402
P1244,435.37,0.331,0.681,639.309838472834
P7922,222.26,0.0,0.35,635.0285714285715
P7494,564.31,0.539,0.889,634.7694038245219
P2349,221.95999999999998,0.0,0.35,634.1714285714286
P7874,221.94,0.0,0.35,634.1142857142858
P2540,563.44,0.539,0.889,633.7907761529809
P0185,496.93,0.435,0.7849999999999999,633.031847133758
P5169,221.02,0.0,0.35,631.4857142857144
P6825,429.42999999999995,0.331,0.681,630.5873715124816
P2381,220.25,0.0,0.35,629.2857142857143
P6546,219.44,0.0,0.35,626.9714285714286
P5752,425.84000000000003,0.331,0.681,625.3157121879589
P2041,836.5799999999999,0.9930000000000001,1.343,622.9188384214444
P0360,424.01,0.331,0.681,622.6284875183553
P5208,488.71,0.435,0.7849999999999999,622.5605095541401
P6674,282.02,0.104,0.45399999999999996,621.1894273127754
P0366,757.02,0.87,1.22,620.5081967213115
P2034,832.66,0.9930000000000001,1.343,620.0
P6148,422.15999999999997,0.331,0.681,619.9118942731277
P2301,421.34000000000003,0.331,0.681,618.7077826725404
P7429,689.47,0.766,1.116,617.8046594982078
P4641,420.47,0.331,0.681,617.4302496328928
P1735,623.3199999999999,0.662,1.012,615.9288537549406
P2870,418.58000000000004,0.331,0.681,614.6549192364171
P2958,278.67,0.104,0.45399999999999996,613.8105726872247
P1526,416.88,0.331,0.681,612.15859030837
P0196,214.15,0.0,0.35,611.8571428571429
P3132,276.95,0.104,0.45399999999999996,610.0220264317181
P2211,212.68,0.0,0.35,607.657142857143
P4253,413.59,0.331,0.681,607.3274596182084
P1341,413.34,0.331,0.681,606.9603524229074
P3408,212.29,0.0,0.35,606.5428571428572
P6138,412.88,0.331,0.681,606.2848751835536
P2542,412.87,0.331,0.681,606.2701908957415
P1293,412.5,0.331,0.681,605.726872246696
P5051,211.81,0.0,0.35,605.1714285714286
P7944,474.78,0.435,0.7849999999999999,604.8152866242038
P7381,473.69000000000005,0.435,0.7849999999999999,603.4267515923568
P2469,210.2,0.0,0.35,600.5714285714286
P6290,209.81,0.0,0.35,599.4571428571429
P3742,470.36,0.435,0.7849999999999999,599.1847133757963
P1886,605.52,0.662,1.012,598.3399209486166
P3471,209.36,0.0,0.35,598.1714285714287
P1924,467.62,0.435,0.7849999999999999,595.6942675159237
P4909,405.33000000000004,0.331,0.681,595.1982378854626
P6889,207.87,0.0,0.35,593.9142857142857
P5498,269.20000000000005,0.104,0.45399999999999996,592.9515418502205
P0443,269.06,0.104,0.45399999999999996,592.6431718061675
P2853,795.5200000000001,0.9930000000000001,1.343,592.3454951600894
P0302,207.18,0.0,0.35,591.9428571428572
P2277,268.35,0.104,0.45399999999999996,591.0792951541852
P6185,597.78,0.662,1.012,590.691699604743
P2998,206.32,0.0,0.35,589.4857142857143
P3988,206.21999999999997,0.0,0.35,589.1999999999999
P0603,266.84000000000003,0.104,0.45399999999999996,587.7533039647578
P4298,205.41,0.0,0.35,586.8857142857144
P0007,460.51,0.435,0.7849999999999999,586.6369426751593
P4876,787.54,0.9930000000000001,1.343,586.403574087863
P3745,593.41,0.662,1.012,586.3735177865613
P0984,204.96,0.0,0.35,585.6
P1379,397.44,0.331,0.681,583.612334801762
P7478,457.85,0.435,0.7849999999999999,583.2484076433121
P2169,396.87,0.331,0.681,582.7753303964757
P2683,589.63,0.662,1.012,582.6383399209486
P4514,264.47,0.104,0.45399999999999996,582.5330396475772
P5291,454.93,0.435,0.7849999999999999,579.5286624203823
P7962,263.01,0.104,0.45399999999999996,579.3171806167401
P5129,393.65,0.331,0.681,578.0469897209985
P3050,392.83,0.331,0.681,576.8428781204111
P5255,261.58000000000004,0.104,0.45399999999999996,576.1674008810575
P0925,201.07999999999998,0.0,0.35,574.5142857142857
P7942,450.85,0.435,0.7849999999999999,574.3312101910828
P1962,890.62,1.201,1.5510000000000002,574.2230818826563
P1263,199.9,0.0,0.35,571.1428571428572
P0266,388.54,0.331,0.681,570.5433186490455
P1016,577.21,0.662,1.012,570.3656126482214
P6702,634.81,0.766,1.116,568.8261648745519
P7286,446.25,0.435,0.7849999999999999,568.4713375796179
P2432,198.82,0.0,0.35,568.0571428571428
P7766,198.60000000000002,0.0,0.35,567.4285714285716
P1702,197.74,0.0,0.35,564.9714285714286
P4590,256.42,0.104,0.45399999999999996,564.8017621145375
P7655,570.45,0.662,1.012,563.6857707509881
P1254,381.63,0.331,0.681,560.396475770925
P2620,381.08000000000004,0.331,0.681,559.5888399412629
P5644,438.32,0.435,0.7849999999999999,558.3694267515924
P6656,376.59000000000003,0.331,0.681,552.9955947136564
P7917,376.51,0.331,0.681,552.87812041116
P3336,430.94,0.435,0.7849999999999999,548.9681528662421
P1074,429.56,0.435,0.7849999999999999,547.2101910828026
P0229,191.36,0.0,0.35,546.7428571428572
P5641,371.7,0.331,0.681,545.8149779735683
P7373,550.5899999999999,0.662,1.012,544.0612648221343
P5239,546.82,0.662,1.012,540.3359683794467
P4273,725.26,0.9930000000000001,1.343,540.029784065525
P5702,188.56,0.0,0.35,538.7428571428571
P4907,366.8,0.331,0.681,538.6196769456681
P1528,244.18,0.104,0.45399999999999996,537.84140969163
P2165,187.31,0.0,0.35,535.1714285714286
P4643,596.41,0.766,1.116,534.4175627240143
P7718,540.51,0.662,1.012,534.100790513834
P7955,362.94,0.331,0.681,532.9515418502202
P7380,361.63,0.331,0.681,531.0279001468429
P0325,239.75,0.104,0.45399999999999996,528.0837004405287
P1073,239.74,0.104,0.45399999999999996,528.0616740088107
P6786,534.21,0.662,1.012,527.8754940711462
P0254,184.71,0.0,0.35,527.7428571428572
P1961,588.75,0.766,1.116,527.5537634408602
P6244,413.33000000000004,0.435,0.7849999999999999,526.5350318471338
P0877,358.54,0.331,0.681,526.4904552129221
P4371,358.07,0.331,0.681,525.8002936857562
P1740,238.37,0.104,0.45399999999999996,525.0440528634361
P2263,356.54,0.331,0.681,523.5535976505139
P7691,182.71,0.0,0.35,522.0285714285715
P7741,354.84000000000003,0.331,0.681,521.0572687224669
P5627,182.32999999999998,0.0,0.35,520.9428571428572
P3342,354.1,0.331,0.681,519.9706314243759
P3775,407.72,0.435,0.7849999999999999,519.3885350318473
P0381,181.23,0.0,0.35,517.8
P6805,352.09,0.331,0.681,517.0190895741556
P0622,575.75,0.766,1.116,515.9050179211469
P6187,517.3199999999999,0.662,1.012,511.18577075098807
P4952,400.78,0.435,0.7849999999999999,510.547770700637
P6986,515.27,0.662,1.012,509.1600790513834
P7748,399.69,0.435,0.7849999999999999,509.15923566878985
P3985,343.44,0.331,0.681,504.3171806167401
P5058,343.05,0.331,0.681,503.74449339207047
P6078,176.28,0.0,0.35,503.6571428571429
P5019,561.48,0.766,1.116,503.1182795698924
P5436,175.78,0.0,0.35,502.22857142857146
P6015,227.96,0.104,0.45399999999999996,502.114537444934
P6640,227.01999999999998,0.104,0.45399999999999996,500.04405286343615
P1363,500.76,0.662,1.012,494.82213438735175
P5648,499.79999999999995,0.662,1.012,493.8735177865612
P2664,499.39,0.662,1.012,493.4683794466403
P1294,172.5,0.0,0.35,492.8571428571429
P0220,223.26999999999998,0.104,0.45399999999999996,491.784140969163
P0819,493.61,0.662,1.012,487.75691699604744
P3591,331.98,0.331,0.681,487.48898678414093
P6128,322.08000000000004,0.312,0.6619999999999999,486.5256797583083
P6706,331.26,0.331,0.681,486.43171806167396
P2244,325.53999999999996,0.331,0.681,478.0323054331864
P2698,531.29,0.766,1.116,476.0663082437275
P2471,622.8900000000001,0.974,1.3239999999999998,470.46072507552884
P2086,319.34999999999997,0.331,0.681,468.94273127753297
P7251,318.67,0.331,0.681,467.94419970631424
P0478,472.04,0.662,1.012,466.44268774703556
P3042,362.97999999999996,0.435,0.7849999999999999,462.3949044585987
P3284,362.35,0.435,0.7849999999999999,461.5923566878982
P0378,208.88,0.104,0.45399999999999996,460.0881057268723
P4260,311.93,0.331,0.681,458.0469897209985
P6173,359.03999999999996,0.435,0.7849999999999999,457.37579617834393
P0427,205.49,0.104,0.45399999999999996,452.6211453744494
P0703,307.19,0.331,0.681,451.08663729809103
P4964,352.5,0.435,0.7849999999999999,449.0445859872612
P5002,547.4300000000001,0.87,1.22,448.7131147540984
P0460,305.51,0.331,0.681,448.61967694566806
P6796,303.17,0.331,0.681,445.18355359765053
P7149,200.66000000000003,0.104,0.45399999999999996,441.98237885462567
P5408,246.53,0.208,0.5579999999999999,441.8100358422939
P4427,445.71,0.662,1.012,440.42490118577075
P7364,199.08999999999997,0.104,0.45399999999999996,438.52422907488983
P2427,531.13,0.87,1.22,435.3524590163934
P4603,151.68,0.0,0.35,433.3714285714286
P7248,241.17000000000002,0.208,0.5579999999999999,432.2043010752689
P6756,149.65,0.0,0.35,427.5714285714286
P5779,193.65,0.104,0.45399999999999996,426.5418502202644
P3313,369.74,0.539,0.889,415.90551181102364
P7400,145.5,0.0,0.35,415.7142857142857
P7383,145.42,0.0,0.35,415.48571428571427
P5937,282.41,0.331,0.681,414.69897209985317
P5094,144.8,0.0,0.35,413.7142857142858
P2490,144.31,0.0,0.35,412.31428571428575
P4982,144.19,0.0,0.35,411.9714285714286
P5766,280.31,0.331,0.681,411.6152716593245
P3339,323.04,0.435,0.7849999999999999,411.51592356687905
P4673,143.58,0.0,0.35,410.2285714285715
P2935,143.41,0.0,0.35,409.74285714285713
P4428,546.4,0.9930000000000001,1.343,406.8503350707372
P7496,141.49,0.0,0.35,404.2571428571429
P6728,357.88,0.539,0.889,402.5646794150731
P3902,273.4,0.331,0.681,401.46842878120407
P6570,139.57,0.0,0.35,398.7714285714286
P5685,139.52,0.0,0.35,398.6285714285715
P2721,311.41999999999996,0.435,0.7849999999999999,396.71337579617835
P2993,269.32,0.331,0.681,395.4772393538913
P2467,269.03000000000003,0.331,0.681,395.05139500734214
P7957,136.28,0.0,0.35,389.3714285714286
P4591,212.22,0.208,0.5579999999999999,380.32258064516134
P5025,258.09000000000003,0.331,0.681,378.9867841409692
P2202,131.16,0.0,0.35,374.74285714285713
P0115,501.69,0.9930000000000001,1.343,373.5591958302308
P6426,129.34,0.0,0.35,369.5428571428572
P4497,289.45,0.435,0.7849999999999999,368.72611464968156
P6605,288.59000000000003,0.435,0.7849999999999999,367.6305732484077
P7832,249.68,0.331,0.681,366.63729809104257
P5795,249.14,0.331,0.681,365.8443465491923
P2220,127.92,0.0,0.35,365.4857142857143
P5683,127.56,0.0,0.35,364.4571428571429
P3002,127.48,0.0,0.35,364.22857142857146
P3572,245.47,0.331,0.681,360.45521292217325
P2278,162.12,0.104,0.45399999999999996,357.0925110132159
P1715,124.32,0.0,0.35,355.2
P0929,358.53000000000003,0.662,1.012,354.27865612648225
P2104,122.69,0.0,0.35,350.54285714285714
P5797,157.52,0.104,0.45399999999999996,346.96035242290753
P2894,235.03,0.331,0.681,345.12481644640235
P0895,234.23,0.331,0.681,343.950073421439
P5302,234.01,0.331,0.681,343.6270190895741
P0339,120.20000000000002,0.0,0.35,343.4285714285715
P5191,233.70999999999998,0.331,0.681,343.1864904552129
P6968,118.98,0.0,0.35,339.9428571428572
P4064,118.89,0.0,0.35,339.6857142857143
P7708,117.63,0.0,0.35,336.0857142857143
P2267,372.86,0.766,1.116,334.10394265232975
P0931,116.9,0.0,0.35,334.00000000000006
P3100,227.22,0.331,0.681,333.6563876651982
P0506,226.60000000000002,0.331,0.681,332.7459618208517
P5260,336.33,0.662,1.012,332.34189723320156
P5355,115.08000000000001,0.0,0.35,328.80000000000007
P4034,114.72999999999999,0.0,0.35,327.8
P6380,114.59,0.0,0.35,327.40000000000003
P7197,113.97,0.0,0.35,325.62857142857143
P4394,113.74,0.0,0.35,324.9714285714286
P2926,253.7,0.435,0.7849999999999999,323.1847133757962
P1891,146.54,0.104,0.45399999999999996,322.7753303964758
P5326,178.8,0.208,0.5579999999999999,320.4301075268818
P7769,111.79,0.0,0.35,319.40000000000003
P1659,138.97,0.104,0.45399999999999996,306.1013215859031
P7466,104.3,0.0,0.35,298.0
P0511,104.24,0.0,0.35,297.8285714285714
P3315,103.31,0.0,0.35,295.1714285714286
P3171,198.82,0.331,0.681,291.95301027900143
P1213,198.43,0.331,0.681,291.3803230543319
P2598,101.39,0.0,0.35,289.6857142857143
P5978,292.52,0.662,1.012,289.05138339920944
P7046,196.01,0.331,0.681,287.8267254038179
P1491,194.98000000000002,0.331,0.681,286.3142437591777
P1989,192.84,0.331,0.681,283.17180616740086
P6303,98.82,0.0,0.35,282.34285714285716
P5734,97.62,0.0,0.35,278.91428571428577
P5836,279.3,0.662,1.012,275.9881422924901
P0553,209.38,0.435,0.7849999999999999,266.72611464968156
P5886,208.02,0.435,0.7849999999999999,264.9936305732484
P1470,179.82999999999998,0.331,0.681,264.0675477239353
P6680,174.1,0.331,0.681,255.6534508076358
P0334,172.24,0.331,0.681,252.9221732745962
P2737,194.02,0.435,0.7849999999999999,247.15923566878985
P7096,85.57,0.0,0.35,244.4857142857143
P4212,166.39,0.331,0.681,244.33186490455208
P1467,162.2,0.331,0.681,238.17914831130688
P6221,82.22,0.0,0.35,234.91428571428574
P2728,81.54,0.0,0.35,232.97142857142862
P3684,79.29,0.0,0.35,226.54285714285717
P3134,102.53999999999999,0.104,0.45399999999999996,225.8590308370044
P6399,150.05,0.331,0.681,220.33773861967694
P1339,146.93,0.331,0.681,215.7562408223201
P1150,71.99,0.0,0.35,205.68571428571428
P7672,136.53,0.331,0.681,200.48458149779734
P4561,70.13,0.0,0.35,200.37142857142857
P2130,68.28,0.0,0.35,195.0857142857143
P1949,86.39,0.104,0.45399999999999996,190.28634361233483
P1477,126.83,0.331,0.681,186.24082232011745
P5811,65.17,0.0,0.35,186.20000000000002
P2403,141.17000000000002,0.435,0.7849999999999999,179.83439490445863
P5951,61.24,0.0,0.35,174.9714285714286
P1636,116.34,0.331,0.681,170.83700440528634
P2591,116.01,0.331,0.681,170.35242290748897
P4868,73.03999999999999,0.104,0.45399999999999996,160.88105726872246
P7122,55.68,0.0,0.35,159.0857142857143
P2967,54.05,0.0,0.35,154.42857142857142
P3406,85.65,0.208,0.5579999999999999,153.494623655914
P7097,52.01,0.0,0.35,148.6
P6751,51.71,0.0,0.35,147.74285714285716
P1793,47.03,0.0,0.35,134.3714285714286
P7264,54.81,0.104,0.45399999999999996,120.72687224669605
P4226,52.65,0.104,0.45399999999999996,115.96916299559471
P7852,41.81,0.104,0.45399999999999996,92.09251101321587
P0656,54.96,0.331,0.681,80.70484581497797
P2964,31.53,0.104,0.45399999999999996,69.44933920704847
P2622,44.56,0.331,0.681,65.43318649045521
P5534,21.34,0.104,0.45399999999999996,47.00440528634362
P6865,7.36,0.0,0.35,21.028571428571432
