claim_id,patient_id,provider_id,facility_id,patient_age,gender,state,days_to_process,risk_score,network_status,claim_status,provider_specialty,department,cpt_code,diagnosis_code,flag_1,claim_amount,paid_amount,ratio,flag_2,service_date,service_location,hcc_weight,is_anomaly
C00004,P6193,PR0175,F0159,62,M,Commercial,12,0.89,Out-of-Network,Adjusted,Gastroenterology,Surgery,99285,S83.241A,0,842.79,831.33,0.19,0,2023-12-13,ER,0.0,True
C00007,P3116,PR0366,F0094,40,M,Commercial,5,2.5,In-Network,Paid,Dermatology,Primary Care,59400,J45.909,1,2191.23,879.38,1.5,0,2023-03-27,Outpatient,0.0,True
C00021,P4158,PR0367,F0091,23,M,VA,9,1.08,Out-of-Network,Denied,Primary Care,Labs,99285,J45.909,1,4245.26,784.97,1.58,0,2022-06-21,ER,0.0,True
C00032,P2630,PR0014,F0125,47,F,Medicaid,4,1.72,Out-of-Network,Paid,Primary Care,Gastroenterology,59400,I50.9,1,2165.7,1155.49,0.29,0,2022-12-02,ER,0.331,True
C00072,P7355,PR0397,F0127,5,M,Medicare,7,2.84,Out-of-Network,Adjusted,Gastroenterology,Labs,95816,I50.9,1,2453.5,843.9,3.03,0,2022-09-09,Outpatient,0.331,True
C00074,P7444,PR0387,F0171,46,F,VA,5,0.59,Out-of-Network,Adjusted,Primary Care,Imaging,95816,E11.65,1,2345.78,866.66,0.64,0,2023-01-27,ER,0.0,True
C00083,P3978,PR0308,F0134,39,M,Commercial,3,0.54,Out-of-Network,Adjusted,Cardiology,Labs,99213,E11.65,1,308.89,794.64,0.38,0,2023-09-13,Outpatient,0.0,True
C00107,P5372,PR0055,F0038,41,F,VA,8,2.84,Out-of-Network,Adjusted,OBGYN,Surgery,95250,G40.909,0,968.96,1195.34,0.39,8,2022-12-24,Inpatient,0.0,True
C00114,P4285,PR0133,F0193,43,M,Medicare,6,2.94,Out-of-Network,Denied,OBGYN,Surgery,93000,I21.4,0,418.68,2128.65,0.12,7,2023-07-01,Inpatient,0.0,True
C00126,P5956,PR0469,F0029,22,F,VA,7,2.99,In-Network,Paid,Cardiology,Surgery,73564,M17.11,0,4196.02,1620.44,1.22,9,2023-10-06,Inpatient,0.0,True
C00136,P3244,PR0130,F0012,7,M,Commercial,4,1.01,In-Network,Paid,Dermatology,Labs,99214,O80,0,3124.96,854.0,0.43,0,2022-02-20,Outpatient,0.0,True
C00157,P2408,PR0039,F0123,55,F,VA,4,2.26,Out-of-Network,Denied,Cardiology,Imaging,27447,G40.909,0,4882.46,1171.19,1.54,0,2023-02-27,Outpatient,0.0,True
C00168,P4728,PR0154,F0104,47,M,Medicaid,2,1.11,Out-of-Network,Adjusted,Neurology,Primary Care,93010,E11.9,1,4207.32,1208.09,0.82,4,2023-02-09,Inpatient,0.104,True
C00180,P1178,PR0261,F0132,28,F,VA,10,2.54,In-Network,Denied,Orthopedics,Labs,59400,E11.9,1,3419.44,2752.24,0.98,0,2023-12-24,Outpatient,0.104,True
C00210,P6788,PR0160,F0014,41,F,Medicare,12,2.44,In-Network,Denied,Gastroenterology,Primary Care,95816,S83.241A,0,1909.05,8541.84,0.32,2,2022-10-09,Inpatient,0.0,True
C00221,P4882,PR0353,F0170,46,M,Commercial,8,0.69,In-Network,Adjusted,Neurology,Specialist,99285,K21.9,0,1550.81,1834.74,0.51,0,2022-09-14,Outpatient,0.0,True
C00235,P1535,PR0177,F0070,59,M,Medicare,6,1.14,Out-of-Network,Adjusted,Orthopedics,Surgery,93000,J45.909,1,4476.86,1546.8,0.77,1,2022-09-29,Inpatient,0.0,True
C00249,P6730,PR0231,F0016,21,F,Commercial,5,0.68,Out-of-Network,Adjusted,Endocrinology,Labs,95816,K21.9,0,4411.77,1059.4,4.53,0,2022-09-16,ER,0.0,True
C00253,P3182,PR0479,F0009,40,M,Commercial,7,2.44,Out-of-Network,Paid,Orthopedics,Labs,59400,J45.909,1,3826.39,1513.46,0.62,0,2023-07-31,Outpatient,0.0,True
C00267,P2864,PR0234,F0097,29,F,Commercial,5,1.76,In-Network,Adjusted,Gastroenterology,Specialist,95250,K21.9,0,4017.25,927.42,6.62,2,2022-12-24,Inpatient,0.0,True
C00271,P7965,PR0333,F0079,32,F,VA,5,0.61,In-Network,Paid,Gastroenterology,Surgery,59400,I50.9,1,4040.52,766.07,0.86,0,2023-04-24,Outpatient,0.331,True
C00283,P2753,PR0481,F0096,40,F,VA,2,2.35,Out-of-Network,Paid,Orthopedics,Labs,99285,G40.909,0,4201.31,885.38,0.9,0,2022-09-05,Outpatient,0.0,True
C00285,P4863,PR0337,F0016,20,F,Medicare,2,2.65,In-Network,Adjusted,OBGYN,Imaging,93010,M17.11,0,4367.07,1530.02,0.68,0,2022-08-17,ER,0.0,True
C00324,P3308,PR0314,F0058,81,F,Commercial,9,1.48,In-Network,Paid,Neurology,Primary Care,95816,E11.9,1,1353.35,1469.07,0.22,0,2023-02-26,Outpatient,0.104,True
C00352,P3542,PR0447,F0131,68,M,Medicare,5,2.07,Out-of-Network,Adjusted,Primary Care,Specialist,73564,O80,0,3671.54,792.63,1.01,0,2023-10-28,ER,0.0,True
C00362,P2258,PR0477,F0183,90,M,VA,4,2.44,In-Network,Paid,Orthopedics,Surgery,93000,E11.65,1,1024.44,839.44,1.43,0,2022-07-03,ER,0.0,True
C00373,P4744,PR0336,F0118,82,M,Medicare,12,1.65,Out-of-Network,Paid,Dermatology,Specialist,59400,E11.65,1,4898.16,773.67,0.86,6,2022-10-15,Inpatient,0.0,True
C00375,P2818,PR0449,F0111,8,M,Commercial,6,1.44,In-Network,Adjusted,OBGYN,Primary Care,73564,M17.11,0,4135.49,1561.16,0.95,0,2022-10-04,Outpatient,0.0,True
C00379,P7073,PR0108,F0101,23,F,Commercial,7,1.47,Out-of-Network,Denied,OBGYN,Specialist,27447,E11.65,1,4271.81,1619.39,2.72,0,2022-05-30,Outpatient,0.0,True
C00388,P5018,PR0302,F0028,15,F,Commercial,12,2.92,In-Network,Paid,Primary Care,Surgery,93010,E11.65,1,3068.32,1183.43,7.18,0,2022-02-18,Outpatient,0.0,True
C00394,P2250,PR0130,F0155,71,F,Medicaid,1,2.71,In-Network,Adjusted,Neurology,Gastroenterology,27447,I50.9,1,4564.63,1131.68,0.58,3,2022-04-03,Inpatient,0.331,True
C00417,P6784,PR0093,F0093,63,F,VA,4,1.93,Out-of-Network,Denied,Primary Care,Imaging,93000,M17.11,0,2818.23,855.04,2.07,0,2022-05-28,ER,0.0,True
C00421,P3073,PR0003,F0128,84,F,Medicaid,1,1.39,Out-of-Network,Denied,OBGYN,Gastroenterology,93010,I50.9,1,4367.38,1423.32,1.42,0,2023-07-22,ER,0.331,True
C00422,P5231,PR0295,F0179,0,M,Commercial,11,0.7,In-Network,Adjusted,Orthopedics,Surgery,99214,E11.9,1,2626.38,1048.74,0.72,0,2022-10-06,ER,0.104,True
C00435,P0345,PR0224,F0027,7,M,Commercial,3,2.18,In-Network,Adjusted,Gastroenterology,Imaging,99213,J45.909,1,73.92,814.32,0.02,7,2022-08-05,Inpatient,0.0,True
C00437,P2320,PR0089,F0102,32,F,VA,5,0.65,In-Network,Paid,Primary Care,Primary Care,93010,I50.9,1,4069.38,923.91,0.8,0,2022-02-21,ER,0.331,True
C00461,P2791,PR0425,F0152,41,F,VA,5,1.69,In-Network,Adjusted,Endocrinology,Labs,99213,M17.11,0,1399.41,1293.01,3.75,8,2022-09-10,Inpatient,0.0,True
C00475,P1130,PR0450,F0166,15,F,VA,1,2.23,Out-of-Network,Denied,Cardiology,Primary Care,73564,E11.9,1,2731.86,939.14,1.85,2,2022-08-16,Inpatient,0.104,True
C00479,P3616,PR0024,F0036,42,M,Medicare,8,0.6,Out-of-Network,Denied,Dermatology,Surgery,99213,E11.9,1,1299.22,3939.78,0.23,0,2022-09-12,ER,0.104,True
C00489,P6118,PR0397,F0003,42,M,Medicaid,7,2.43,In-Network,Paid,Orthopedics,Labs,59400,I21.4,0,3443.6,979.6,0.62,0,2022-09-09,ER,0.0,True
C00492,P6535,PR0482,F0126,55,F,Medicare,10,2.2,In-Network,Paid,Cardiology,Primary Care,99214,O80,0,1176.12,796.27,0.46,0,2023-12-22,ER,0.0,True
C00495,P1853,PR0166,F0065,9,F,Commercial,7,0.75,Out-of-Network,Denied,Neurology,Primary Care,99213,E11.9,1,4282.41,831.41,1.79,0,2023-03-30,Outpatient,0.104,True
C00502,P7216,PR0146,F0070,58,F,Commercial,8,2.93,In-Network,Paid,Dermatology,Primary Care,73564,K21.9,0,4127.51,1223.43,1.53,0,2023-06-06,Outpatient,0.0,True
C00544,P6457,PR0326,F0092,64,F,VA,8,2.79,Out-of-Network,Paid,Dermatology,Imaging,93000,J45.909,1,3354.57,766.3,0.5,6,2023-03-12,Inpatient,0.0,True
C00562,P7481,PR0433,F0037,1,F,VA,2,1.39,In-Network,Paid,Orthopedics,Specialist,27447,O80,0,1552.18,1444.33,0.45,0,2023-06-17,ER,0.0,True
C00572,P2389,PR0261,F0021,29,F,Commercial,3,1.45,Out-of-Network,Paid,OBGYN,Surgery,27447,E11.9,1,4553.82,969.17,10.81,0,2023-07-21,Outpatient,0.104,True
C00584,P5119,PR0440,F0078,36,M,VA,3,1.31,Out-of-Network,Denied,Cardiology,Labs,93010,E11.9,1,4597.76,1755.82,0.92,0,2022-05-12,ER,0.104,True
C00589,P7424,PR0245,F0150,28,M,VA,12,1.4,In-Network,Paid,Gastroenterology,Gastroenterology,95816,M17.11,0,3868.16,23253.33,1.77,6,2023-04-13,Inpatient,0.0,True
C00606,P5367,PR0012,F0081,16,F,Medicare,10,2.69,Out-of-Network,Adjusted,Neurology,Imaging,93000,O80,0,243.37,1184.17,0.05,0,2022-01-03,Outpatient,0.0,True
C00610,P5822,PR0101,F0060,61,F,VA,1,2.4,In-Network,Paid,OBGYN,Imaging,99214,E11.65,1,4545.7,809.2,0.81,3,2023-03-13,Inpatient,0.0,True
C00615,P7757,PR0213,F0141,68,M,Medicaid,9,1.17,In-Network,Paid,Gastroenterology,Specialist,95250,S83.241A,0,4772.32,2091.74,6.92,4,2022-04-09,Inpatient,0.0,True
C00623,P7343,PR0348,F0008,57,M,Medicaid,9,1.8,Out-of-Network,Adjusted,Neurology,Surgery,73564,I21.4,0,2306.21,1190.38,0.39,0,2022-02-08,Outpatient,0.0,True
C00625,P4830,PR0116,F0127,44,F,Medicare,11,0.36,In-Network,Denied,Endocrinology,Surgery,99285,E11.9,1,625.79,891.75,0.35,0,2022-10-30,Outpatient,0.104,True
C00632,P6518,PR0151,F0159,49,M,Medicaid,8,1.24,In-Network,Adjusted,Endocrinology,Labs,93010,I21.4,0,3143.39,836.77,1.9,0,2023-11-12,ER,0.0,True
C00642,P5120,PR0116,F0056,0,M,Medicaid,2,2.32,Out-of-Network,Denied,Neurology,Specialist,99213,E11.65,1,2828.38,962.01,0.4,1,2023-12-20,Inpatient,0.0,True
C00644,P6040,PR0478,F0191,49,M,VA,5,2.2,In-Network,Paid,Cardiology,Gastroenterology,99214,K21.9,0,2546.88,18602.69,0.34,0,2022-12-20,Outpatient,0.0,True
C00651,P4608,PR0474,F0069,82,M,VA,11,2.94,In-Network,Paid,Orthopedics,Imaging,27447,G40.909,0,1607.09,1151.66,0.33,0,2023-10-28,Outpatient,0.0,True
C00655,P7252,PR0016,F0090,30,F,Medicare,1,1.78,In-Network,Denied,Neurology,Labs,59400,I21.4,0,1914.96,2376.44,0.34,0,2022-08-15,Outpatient,0.0,True
C00668,P5373,PR0275,F0087,70,M,Medicare,10,1.52,In-Network,Adjusted,Cardiology,Imaging,59400,I21.4,0,3138.43,815.66,1.8,0,2023-08-30,ER,0.0,True
C00678,P2058,PR0193,F0165,88,F,Commercial,12,2.47,Out-of-Network,Paid,Neurology,Specialist,73564,E11.65,1,1861.91,1045.52,0.63,0,2022-07-02,Outpatient,0.0,True
C00708,P5140,PR0211,F0101,86,M,Commercial,6,1.3,In-Network,Paid,Endocrinology,Imaging,59400,I50.9,1,3787.41,1048.16,0.68,0,2023-01-25,Outpatient,0.331,True
C00710,P7024,PR0233,F0097,83,F,Medicare,8,2.67,In-Network,Denied,Cardiology,Labs,59400,E11.9,1,3485.54,988.76,0.57,10,2023-01-27,Inpatient,0.104,True
C00739,P1668,PR0169,F0129,37,M,VA,11,0.35,Out-of-Network,Paid,Neurology,Labs,99214,K21.9,0,2177.28,958.6,5.87,0,2022-07-07,ER,0.0,True
C00756,P3425,PR0451,F0199,22,F,Medicaid,4,2.19,In-Network,Paid,Gastroenterology,Labs,93010,S83.241A,0,117.21,2520.93,0.02,0,2023-12-02,ER,0.0,True
C00763,P6935,PR0396,F0148,49,F,VA,12,2.42,Out-of-Network,Denied,Orthopedics,Surgery,93010,J45.909,1,3522.32,2345.1,0.52,0,2023-03-04,ER,0.0,True
C00768,P6685,PR0205,F0171,16,M,Medicare,9,2.99,In-Network,Adjusted,Primary Care,Primary Care,99285,I50.9,1,2972.84,1065.08,0.73,0,2022-07-11,Outpatient,0.331,True
C00770,P4809,PR0206,F0006,89,M,Medicaid,8,0.49,Out-of-Network,Adjusted,Dermatology,Labs,73564,E11.65,1,3494.34,1110.37,0.5,0,2022-12-06,ER,0.0,True
C00813,P6953,PR0054,F0134,80,F,Medicare,7,3.0,In-Network,Paid,Cardiology,Imaging,59400,J45.909,1,620.83,770.45,0.21,8,2022-02-23,Inpatient,0.0,True
C00823,P6925,PR0429,F0122,36,F,VA,5,0.56,Out-of-Network,Paid,Cardiology,Labs,73564,G40.909,0,745.52,1806.05,0.23,6,2022-12-05,Inpatient,0.0,True
C00826,P3409,PR0462,F0076,12,F,Medicaid,1,1.5,In-Network,Denied,Primary Care,Primary Care,99285,K21.9,0,428.7,775.4,0.18,0,2022-04-07,Outpatient,0.0,True
C00827,P7724,PR0172,F0187,7,F,Medicaid,11,1.12,In-Network,Adjusted,Cardiology,Specialist,95816,I21.4,0,1868.7,879.69,0.54,0,2022-01-04,Outpatient,0.0,True
C00837,P3603,PR0057,F0141,30,F,VA,10,2.23,Out-of-Network,Paid,OBGYN,Surgery,95250,E11.9,1,1555.83,854.49,0.31,0,2023-10-24,ER,0.104,True
C00848,P4973,PR0054,F0062,84,F,VA,12,0.43,In-Network,Adjusted,Primary Care,Specialist,95816,S83.241A,0,4941.29,2111.81,0.77,1,2022-11-14,Inpatient,0.0,True
C00855,P0182,PR0486,F0056,40,F,Medicare,7,1.19,In-Network,Adjusted,Orthopedics,Imaging,59400,I21.4,0,4466.6,750.32,7.33,0,2022-08-19,ER,0.0,True
C00863,P3972,PR0315,F0056,51,F,Commercial,10,1.93,In-Network,Adjusted,Cardiology,Primary Care,93010,I21.4,0,1506.2,851.93,0.22,2,2023-12-12,Inpatient,0.0,True
C00864,P7396,PR0292,F0081,64,F,VA,3,0.74,Out-of-Network,Paid,Orthopedics,Surgery,59400,K21.9,0,2575.88,1092.12,0.32,0,2022-12-06,ER,0.0,True
C00870,P0330,PR0136,F0015,70,M,Medicaid,11,1.91,In-Network,Paid,Dermatology,Surgery,99214,M17.11,0,2602.81,1353.17,0.49,0,2022-02-19,ER,0.0,True
C00876,P0263,PR0122,F0138,2,F,VA,11,1.33,Out-of-Network,Paid,Endocrinology,Primary Care,95816,I50.9,1,2488.77,1090.68,0.34,0,2022-07-20,ER,0.331,True
C00881,P0179,PR0127,F0119,29,M,Commercial,9,2.24,In-Network,Paid,Endocrinology,Imaging,93000,E11.9,1,875.51,2268.63,0.12,4,2023-08-12,Inpatient,0.104,True
C00886,P6279,PR0298,F0166,30,F,VA,8,2.48,Out-of-Network,Adjusted,OBGYN,Labs,27447,J45.909,1,293.12,1149.07,0.27,9,2022-02-01,Inpatient,0.0,True
C00910,P3465,PR0110,F0136,55,M,Commercial,3,2.97,Out-of-Network,Denied,Dermatology,Specialist,99214,E11.65,1,1463.1,1576.96,0.35,0,2022-10-31,ER,0.0,True
C00914,P7274,PR0407,F0033,6,F,Medicare,11,2.64,Out-of-Network,Denied,Cardiology,Primary Care,27447,J45.909,1,4484.03,877.83,0.79,0,2022-09-29,Outpatient,0.0,True
C00929,P0751,PR0432,F0131,87,F,Medicaid,3,1.25,In-Network,Paid,Endocrinology,Labs,93010,E11.9,1,3766.45,867.42,11.14,0,2022-04-19,ER,0.104,True
C00932,P6372,PR0211,F0147,37,F,VA,5,1.21,In-Network,Paid,Gastroenterology,Surgery,95816,E11.9,1,2674.93,1189.34,1.73,0,2023-09-28,ER,0.104,True
C00945,P6877,PR0375,F0033,29,F,Medicare,9,2.39,Out-of-Network,Adjusted,Cardiology,Imaging,93010,E11.65,1,1112.95,1148.99,0.16,4,2022-04-13,Inpatient,0.0,True
C00954,P1716,PR0458,F0082,22,F,Medicaid,2,0.37,Out-of-Network,Paid,Gastroenterology,Specialist,93000,I21.4,0,1994.37,767.98,0.5,0,2023-02-26,Outpatient,0.0,True
C00966,P3717,PR0181,F0188,79,M,Medicare,9,2.26,In-Network,Paid,Cardiology,Surgery,99285,G40.909,0,2202.79,765.18,2.85,0,2022-10-01,ER,0.0,True
C00968,P4793,PR0434,F0086,50,F,Medicare,6,1.55,Out-of-Network,Paid,Neurology,Primary Care,99285,S83.241A,0,2803.47,1097.66,0.43,0,2022-02-15,Outpatient,0.0,True
C00987,P3467,PR0241,F0029,66,F,Medicare,10,0.62,In-Network,Denied,OBGYN,Labs,99214,I50.9,1,2213.0,815.17,0.28,2,2022-02-11,Inpatient,0.331,True
C00997,P4276,PR0159,F0089,81,F,Medicaid,9,2.83,In-Network,Adjusted,Neurology,Labs,59400,I21.4,0,1297.45,1094.1,0.2,4,2022-03-27,Inpatient,0.0,True
C01003,P5594,PR0314,F0088,71,M,Medicare,1,1.15,In-Network,Paid,Gastroenterology,Gastroenterology,93000,S83.241A,0,813.55,16606.78,0.16,3,2023-10-18,Inpatient,0.0,True
C01013,P5523,PR0012,F0158,24,M,VA,6,2.82,Out-of-Network,Denied,Orthopedics,Labs,73564,I21.4,0,4050.33,1444.13,0.96,7,2023-09-19,Inpatient,0.0,True
C01015,P1515,PR0052,F0079,34,M,VA,12,1.99,Out-of-Network,Adjusted,Gastroenterology,Labs,93010,K21.9,0,480.2,1028.61,0.34,0,2022-07-15,ER,0.0,True
C01024,P5608,PR0181,F0161,43,M,VA,12,2.58,In-Network,Denied,Endocrinology,Surgery,93010,K21.9,0,420.6,1544.21,0.06,0,2022-09-09,ER,0.0,True
C01025,P7887,PR0017,F0153,81,M,Commercial,4,0.58,Out-of-Network,Denied,OBGYN,Labs,95250,G40.909,0,773.11,1019.98,0.29,0,2023-08-23,Outpatient,0.0,True
C01036,P7312,PR0041,F0146,49,F,Medicare,8,1.92,Out-of-Network,Paid,Cardiology,Imaging,27447,O80,0,3553.88,874.79,0.71,0,2023-05-02,ER,0.0,True
C01041,P4359,PR0051,F0073,52,M,VA,5,0.49,In-Network,Denied,Endocrinology,Specialist,27447,G40.909,0,4498.67,976.45,1.16,0,2022-09-06,ER,0.0,True
C01049,P1660,PR0302,F0145,2,M,Medicaid,6,2.48,In-Network,Denied,Primary Care,Imaging,93010,K21.9,0,2391.4,793.57,0.79,0,2023-06-14,ER,0.0,True
C01079,P3208,PR0010,F0182,61,M,Medicaid,11,2.27,In-Network,Denied,Dermatology,Specialist,95250,I50.9,1,1642.4,813.02,0.38,7,2023-06-13,Inpatient,0.331,True
C01084,P2004,PR0481,F0025,3,F,Medicaid,5,1.52,Out-of-Network,Paid,Endocrinology,Surgery,99285,G40.909,0,3427.4,1446.28,7.47,0,2023-07-14,Outpatient,0.0,True
C01103,P4884,PR0238,F0122,57,F,Medicare,7,1.56,In-Network,Paid,Orthopedics,Labs,95250,O80,0,4044.04,1463.19,0.75,0,2023-10-25,ER,0.0,True
C01110,P2456,PR0201,F0128,83,M,VA,7,0.4,Out-of-Network,Adjusted,Dermatology,Specialist,95250,O80,0,1017.37,1229.09,0.25,0,2022-11-29,ER,0.0,True
C01117,P7107,PR0286,F0061,39,F,Medicaid,3,2.54,Out-of-Network,Denied,Cardiology,Imaging,93010,K21.9,0,2853.84,2005.03,0.91,0,2022-07-13,Outpatient,0.0,True
C01125,P3040,PR0496,F0084,23,F,VA,4,2.47,Out-of-Network,Denied,Cardiology,Surgery,59400,E11.65,1,4255.37,928.37,0.74,7,2023-11-05,Inpatient,0.0,True
C01133,P3207,PR0135,F0006,56,M,Medicaid,8,1.98,Out-of-Network,Denied,Primary Care,Labs,99285,E11.9,1,1421.7,910.24,0.76,2,2022-06-28,Inpatient,0.104,True
C01149,P7030,PR0477,F0123,47,M,Commercial,2,0.77,In-Network,Adjusted,Primary Care,Imaging,93000,J45.909,1,2749.62,892.93,0.66,0,2022-05-10,Outpatient,0.0,True
C01155,P6052,PR0297,F0032,12,F,Medicare,9,0.3,In-Network,Paid,Gastroenterology,Primary Care,99213,E11.65,1,4954.02,936.37,12.47,0,2022-03-03,Outpatient,0.0,True
C01158,P0554,PR0105,F0049,74,F,VA,3,0.88,In-Network,Adjusted,Primary Care,Imaging,95250,M17.11,0,611.95,1724.06,0.28,0,2022-03-18,Outpatient,0.0,True
C01162,P0968,PR0059,F0070,28,F,VA,1,1.26,Out-of-Network,Paid,Orthopedics,Primary Care,93000,J45.909,1,1631.22,1791.74,0.35,0,2022-03-31,ER,0.0,True
C01166,P6109,PR0042,F0124,9,M,Medicare,7,0.71,Out-of-Network,Denied,Cardiology,Imaging,99214,E11.65,1,1028.3,2079.23,0.14,0,2023-11-19,Outpatient,0.0,True
C01210,P3632,PR0196,F0115,48,F,Medicare,11,1.78,Out-of-Network,Paid,Primary Care,Primary Care,73564,I21.4,0,275.53,1042.71,0.08,0,2023-09-06,Outpatient,0.0,True
C01220,P2252,PR0067,F0006,70,M,Commercial,6,2.24,Out-of-Network,Paid,Orthopedics,Surgery,99285,O80,0,4583.66,1548.67,1.03,0,2022-03-27,ER,0.0,True
C01230,P1326,PR0101,F0008,22,F,VA,7,2.62,Out-of-Network,Denied,Gastroenterology,Labs,93010,M17.11,0,882.35,1653.29,0.2,0,2022-03-29,Outpatient,0.0,True
C01234,P1847,PR0448,F0099,32,M,Commercial,4,2.57,In-Network,Adjusted,Primary Care,Imaging,93000,I21.4,0,2825.74,2391.58,1.44,0,2023-12-16,Outpatient,0.0,True
C01236,P6569,PR0129,F0163,79,M,Commercial,12,2.29,Out-of-Network,Paid,Neurology,Surgery,93010,O80,0,1280.75,933.66,1.04,3,2022-12-05,Inpatient,0.0,True
C01237,P6775,PR0284,F0069,82,M,VA,2,2.82,In-Network,Denied,Endocrinology,Primary Care,99285,I21.4,0,3808.48,970.39,1.9,0,2023-01-09,Outpatient,0.0,True
C01240,P6503,PR0259,F0189,11,F,Medicare,10,0.31,Out-of-Network,Adjusted,Orthopedics,Primary Care,99214,M17.11,0,2988.53,923.71,0.76,0,2023-01-08,Outpatient,0.0,True
C01257,P6229,PR0280,F0153,31,F,Commercial,4,1.61,Out-of-Network,Denied,Primary Care,Surgery,27447,I21.4,0,2479.69,965.43,2.65,0,2023-04-15,Outpatient,0.0,True
C01277,P6606,PR0220,F0191,79,F,Medicaid,1,1.41,In-Network,Paid,OBGYN,Surgery,99285,E11.9,1,3544.48,1843.33,0.55,0,2022-08-30,ER,0.104,True
C01292,P3935,PR0297,F0175,56,M,Commercial,3,1.22,Out-of-Network,Adjusted,Gastroenterology,Primary Care,95250,K21.9,0,2317.36,2192.94,1.83,0,2023-01-05,ER,0.0,True
C01331,P4133,PR0498,F0148,8,F,Commercial,8,0.68,In-Network,Adjusted,OBGYN,Primary Care,99213,E11.65,1,1378.6,837.78,0.23,0,2023-04-19,ER,0.0,True
C01334,P6596,PR0029,F0052,23,F,VA,4,1.56,Out-of-Network,Denied,Gastroenterology,Surgery,73564,K21.9,0,1357.36,804.91,0.2,0,2023-02-06,ER,0.0,True
C01372,P2846,PR0243,F0124,62,F,VA,6,0.9,In-Network,Adjusted,Gastroenterology,Labs,95816,I21.4,0,4143.79,1003.96,1.26,0,2022-07-08,ER,0.0,True
C01375,P1591,PR0082,F0184,75,M,VA,9,2.23,Out-of-Network,Adjusted,Endocrinology,Primary Care,93010,I21.4,0,4351.04,789.32,3.83,0,2022-11-14,Outpatient,0.0,True
C01380,P5456,PR0286,F0137,49,F,VA,12,2.1,Out-of-Network,Adjusted,Dermatology,Labs,93000,I50.9,1,4564.6,1125.53,0.7,0,2022-05-08,Outpatient,0.331,True
C01383,P7119,PR0422,F0047,24,F,VA,11,0.48,Out-of-Network,Paid,Endocrinology,Surgery,99213,M17.11,0,1085.96,1567.61,0.15,5,2022-06-17,Inpatient,0.0,True
C01388,P4007,PR0095,F0002,39,M,Medicare,7,0.37,In-Network,Paid,OBGYN,Surgery,59400,O80,0,2607.08,863.95,0.45,0,2022-01-18,Outpatient,0.0,True
C01393,P5230,PR0302,F0150,61,F,VA,11,2.23,In-Network,Adjusted,Dermatology,Labs,93000,J45.909,1,1805.9,1357.48,0.69,0,2022-08-25,Outpatient,0.0,True
C01408,P0201,PR0233,F0085,67,F,Commercial,1,0.97,In-Network,Adjusted,Neurology,Labs,95816,K21.9,0,4318.5,813.49,0.57,0,2023-10-11,Outpatient,0.0,True
C01414,P4934,PR0473,F0139,68,F,Commercial,6,1.18,In-Network,Denied,Primary Care,Labs,93000,M17.11,0,926.51,1579.72,0.4,3,2022-08-12,Inpatient,0.0,True
C01419,P0474,PR0319,F0006,55,F,Medicaid,2,1.13,In-Network,Paid,Orthopedics,Labs,27447,M17.11,0,848.79,835.87,0.14,4,2023-05-15,Inpatient,0.0,True
C01427,P7588,PR0314,F0042,21,F,Commercial,9,1.82,In-Network,Adjusted,Dermatology,Specialist,99213,E11.9,1,2353.35,1416.87,0.57,0,2022-07-17,Outpatient,0.104,True
C01438,P4028,PR0129,F0100,68,F,VA,4,0.41,In-Network,Adjusted,Orthopedics,Labs,99214,K21.9,0,3062.76,904.47,3.87,2,2022-01-06,Inpatient,0.0,True
C01452,P3431,PR0446,F0035,1,F,Medicaid,2,2.28,Out-of-Network,Denied,Endocrinology,Labs,27447,M17.11,0,4611.55,994.47,1.09,0,2023-10-11,ER,0.0,True
C01454,P4919,PR0205,F0027,44,F,Medicaid,5,2.16,In-Network,Paid,Neurology,Gastroenterology,27447,K21.9,0,423.56,2444.71,0.1,9,2023-08-21,Inpatient,0.0,True
C01467,P6343,PR0319,F0042,45,M,Medicaid,12,0.41,Out-of-Network,Denied,Dermatology,Primary Care,99214,S83.241A,0,3892.08,962.86,0.84,0,2023-12-22,ER,0.0,True
C01483,P2183,PR0360,F0161,10,F,Commercial,7,1.66,In-Network,Paid,Dermatology,Surgery,27447,M17.11,0,77.19,1019.39,0.03,0,2022-05-07,Outpatient,0.0,True
C01492,P5780,PR0044,F0114,27,M,Commercial,1,2.69,Out-of-Network,Paid,Orthopedics,Imaging,99285,G40.909,0,1082.46,2340.69,0.24,0,2022-07-11,ER,0.0,True
C01495,P5995,PR0159,F0181,90,F,Medicaid,9,2.49,Out-of-Network,Denied,Cardiology,Imaging,73564,E11.65,1,1010.53,847.35,0.22,0,2023-11-22,Outpatient,0.0,True
C01496,P1892,PR0464,F0054,78,F,Medicare,1,1.45,Out-of-Network,Adjusted,Primary Care,Imaging,73564,G40.909,0,1264.42,1347.62,0.55,0,2022-07-07,ER,0.0,True
C01497,P2806,PR0302,F0092,11,M,Medicare,9,2.1,Out-of-Network,Denied,Neurology,Imaging,95816,I21.4,0,3594.26,1424.4,1.37,10,2022-07-25,Inpatient,0.0,True
C01510,P6963,PR0114,F0077,71,M,Commercial,11,1.06,In-Network,Denied,Dermatology,Imaging,93010,I21.4,0,3142.15,794.35,0.77,9,2022-07-08,Inpatient,0.0,True
C01517,P0994,PR0218,F0083,29,F,Medicaid,5,2.11,In-Network,Adjusted,Dermatology,Primary Care,95816,G40.909,0,1452.21,823.41,0.18,0,2022-04-08,Outpatient,0.0,True
C01520,P4505,PR0246,F0152,64,M,Medicaid,4,1.3,Out-of-Network,Adjusted,Cardiology,Imaging,99285,E11.65,1,3879.43,1157.59,0.69,2,2022-10-13,Inpatient,0.0,True
C01527,P5336,PR0430,F0112,72,M,Medicare,12,2.23,Out-of-Network,Paid,Cardiology,Surgery,99285,E11.65,1,1487.93,1193.43,0.2,0,2023-02-04,ER,0.0,True
C01528,P6906,PR0268,F0136,8,M,Medicare,9,1.86,Out-of-Network,Paid,Neurology,Specialist,27447,I21.4,0,4476.89,848.31,1.66,7,2023-02-03,Inpatient,0.0,True
C01542,P5016,PR0100,F0038,62,F,Commercial,7,0.89,In-Network,Paid,Orthopedics,Surgery,99213,O80,0,2380.95,1066.62,21.4,0,2023-11-14,ER,0.0,True
C01543,P0623,PR0277,F0158,23,F,Commercial,6,1.35,Out-of-Network,Paid,Primary Care,Surgery,99214,I21.4,0,2762.88,954.57,0.83,0,2023-11-03,Outpatient,0.0,True
C01559,P0203,PR0213,F0018,9,F,VA,4,1.53,Out-of-Network,Adjusted,Endocrinology,Surgery,93010,I21.4,0,259.57,806.49,0.24,0,2022-02-23,ER,0.0,True
C01598,P6763,PR0496,F0024,82,F,Medicare,1,1.15,Out-of-Network,Paid,Cardiology,Primary Care,95816,E11.9,1,3787.93,1418.7,1.31,1,2023-04-19,Inpatient,0.104,True
C01608,P3679,PR0421,F0182,7,F,Commercial,3,0.65,Out-of-Network,Paid,Dermatology,Labs,27447,K21.9,0,3930.84,920.28,2.9,1,2022-05-06,Inpatient,0.0,True
C01616,P6000,PR0455,F0011,4,F,Medicare,8,1.23,In-Network,Adjusted,OBGYN,Surgery,99285,E11.65,1,1127.03,4416.52,0.41,0,2023-04-17,ER,0.0,True
C01625,P3542,PR0202,F0111,21,M,Commercial,12,2.72,Out-of-Network,Paid,Endocrinology,Primary Care,95816,K21.9,0,3121.8,1180.03,0.51,0,2022-04-03,ER,0.0,True
C01639,P5278,PR0321,F0148,86,M,Medicare,5,1.61,Out-of-Network,Paid,Gastroenterology,Imaging,99214,K21.9,0,3408.3,1425.85,1.5,0,2023-03-15,ER,0.0,True
C01650,P4510,PR0299,F0032,21,F,Medicaid,8,1.22,In-Network,Adjusted,OBGYN,Surgery,99214,G40.909,0,1414.82,2415.26,0.75,0,2022-05-19,ER,0.0,True
C01675,P7686,PR0448,F0168,75,M,Medicaid,9,1.52,In-Network,Adjusted,Dermatology,Labs,95250,I21.4,0,2147.92,911.76,0.69,4,2022-08-26,Inpatient,0.0,True
C01678,P2917,PR0433,F0160,75,F,Medicare,7,2.37,In-Network,Paid,Gastroenterology,Labs,95250,E11.65,1,1407.22,829.91,1.93,2,2023-01-27,Inpatient,0.0,True
C01696,P5875,PR0370,F0016,87,F,Medicare,2,1.1,Out-of-Network,Denied,OBGYN,Surgery,93010,G40.909,0,4504.1,1260.08,4.35,6,2023-05-17,Inpatient,0.0,True
C01708,P5838,PR0247,F0124,78,M,Commercial,5,0.94,Out-of-Network,Adjusted,Dermatology,Labs,27447,M17.11,0,1816.81,1211.82,1.45,0,2023-09-17,Outpatient,0.0,True
C01730,P2351,PR0449,F0179,26,M,Medicare,10,2.13,In-Network,Adjusted,Primary Care,Imaging,99285,K21.9,0,954.03,1139.32,0.65,0,2023-09-11,Outpatient,0.0,True
C01740,P2718,PR0411,F0004,64,M,Medicaid,7,2.65,Out-of-Network,Denied,Dermatology,Labs,99213,S83.241A,0,3064.35,1002.86,0.74,10,2022-04-22,Inpatient,0.0,True
C01749,P6373,PR0440,F0029,19,F,Commercial,2,1.68,In-Network,Adjusted,Endocrinology,Gastroenterology,93000,K21.9,0,1093.37,26996.25,0.15,5,2023-05-14,Inpatient,0.0,True
C01759,P6124,PR0426,F0034,88,M,Commercial,7,0.81,Out-of-Network,Adjusted,Endocrinology,Imaging,93000,S83.241A,0,2763.55,908.94,0.62,0,2023-12-31,ER,0.0,True
C01761,P3582,PR0276,F0142,89,M,Commercial,4,1.72,Out-of-Network,Adjusted,Orthopedics,Gastroenterology,93000,E11.9,1,2179.36,934.46,0.31,5,2022-06-12,Inpatient,0.104,True
C01767,P4565,PR0219,F0098,71,M,Medicare,12,2.82,In-Network,Adjusted,Cardiology,Primary Care,59400,I50.9,1,3294.25,1589.13,4.43,0,2022-08-05,ER,0.331,True
C01772,P3633,PR0441,F0056,80,F,VA,2,1.64,In-Network,Paid,Orthopedics,Specialist,59400,K21.9,0,3474.59,987.38,0.95,9,2022-08-22,Inpatient,0.0,True
C01801,P2536,PR0179,F0015,24,M,Medicaid,9,2.23,In-Network,Adjusted,Neurology,Surgery,99285,I21.4,0,3645.06,1213.41,3.02,6,2023-05-31,Inpatient,0.0,True
C01813,P2555,PR0349,F0037,90,M,VA,6,1.77,In-Network,Paid,Cardiology,Surgery,27447,J45.909,1,4736.18,908.89,1.18,0,2023-07-30,Outpatient,0.0,True
C01852,P6329,PR0089,F0046,13,F,VA,4,1.9,In-Network,Adjusted,Neurology,Labs,95816,K21.9,0,2780.69,1069.89,18.95,3,2023-04-19,Inpatient,0.0,True
C01882,P0389,PR0247,F0013,52,F,VA,10,0.85,Out-of-Network,Paid,Neurology,Primary Care,99285,G40.909,0,342.69,911.95,0.05,10,2022-10-13,Inpatient,0.0,True
C01898,P0807,PR0381,F0049,35,M,Medicare,4,1.32,Out-of-Network,Paid,Cardiology,Specialist,59400,G40.909,0,4128.69,896.63,1.9,2,2023-07-03,Inpatient,0.0,True
C01911,P0912,PR0063,F0118,76,M,Medicare,9,1.42,In-Network,Denied,Dermatology,Imaging,59400,I50.9,1,2366.1,1025.07,0.34,0,2022-09-28,Outpatient,0.331,True
C01912,P0162,PR0264,F0091,34,M,Medicare,4,2.41,Out-of-Network,Adjusted,Orthopedics,Surgery,93000,M17.11,0,3362.09,1688.0,2.09,8,2022-10-26,Inpatient,0.0,True
C01925,P7873,PR0084,F0095,32,M,Medicaid,6,0.49,In-Network,Paid,Cardiology,Imaging,95816,S83.241A,0,1169.95,1442.43,0.37,10,2023-03-16,Inpatient,0.0,True
C01930,P3459,PR0143,F0095,27,M,Commercial,9,1.38,Out-of-Network,Paid,Orthopedics,Primary Care,99214,E11.9,1,2713.43,1284.79,0.48,0,2022-06-10,Outpatient,0.104,True
C01935,P4222,PR0064,F0072,21,M,Medicaid,4,0.99,Out-of-Network,Adjusted,Cardiology,Surgery,99213,I50.9,1,1014.15,2551.26,0.16,0,2022-03-28,Outpatient,0.331,True
C01958,P3869,PR0169,F0169,87,M,Medicaid,7,1.96,In-Network,Denied,Gastroenterology,Primary Care,99285,S83.241A,0,607.31,4178.67,0.12,4,2022-03-13,Inpatient,0.0,True
C02027,P6722,PR0423,F0137,33,M,VA,2,1.82,In-Network,Denied,Endocrinology,Surgery,93000,I21.4,0,4349.73,1097.19,17.86,0,2022-03-10,Outpatient,0.0,True
C02036,P7453,PR0488,F0124,9,F,Commercial,4,2.7,In-Network,Denied,Primary Care,Primary Care,99213,E11.65,1,4517.79,2863.1,0.86,7,2022-03-04,Inpatient,0.0,True
C02069,P1844,PR0150,F0055,37,F,Medicaid,1,2.12,Out-of-Network,Paid,Gastroenterology,Specialist,99214,J45.909,1,180.13,752.01,0.28,0,2023-11-29,ER,0.0,True
C02090,P0701,PR0003,F0167,44,F,Medicaid,8,2.59,Out-of-Network,Adjusted,Endocrinology,Primary Care,99285,J45.909,1,882.79,774.69,0.12,7,2023-07-30,Inpatient,0.0,True
C02102,P3813,PR0187,F0125,25,M,VA,9,1.02,In-Network,Paid,Neurology,Gastroenterology,93000,O80,0,3795.66,35647.02,3.71,0,2022-03-10,ER,0.0,True
C02106,P0319,PR0309,F0042,34,F,Medicaid,11,1.78,Out-of-Network,Denied,Orthopedics,Surgery,99214,K21.9,0,3868.76,936.99,6.65,0,2022-07-29,ER,0.0,True
C02121,P0965,PR0443,F0182,25,F,Medicaid,2,0.74,In-Network,Adjusted,OBGYN,Surgery,99213,E11.9,1,2197.86,2023.56,1.0,3,2022-12-07,Inpatient,0.104,True
C02138,P6738,PR0474,F0049,8,F,Medicare,1,0.42,Out-of-Network,Adjusted,Cardiology,Primary Care,93010,E11.9,1,1875.43,853.22,0.92,0,2023-06-25,ER,0.104,True
C02146,P4485,PR0216,F0160,18,M,VA,11,1.79,In-Network,Denied,Cardiology,Imaging,99213,K21.9,0,3006.55,804.21,0.44,0,2022-09-28,Outpatient,0.0,True
C02152,P6423,PR0022,F0009,44,M,Medicaid,5,0.45,Out-of-Network,Denied,Dermatology,Surgery,93000,S83.241A,0,4032.59,954.77,0.94,0,2022-05-03,ER,0.0,True
C02165,P1437,PR0200,F0200,82,F,Medicaid,11,2.17,Out-of-Network,Paid,Dermatology,Labs,95816,M17.11,0,2461.7,880.54,0.9,0,2022-06-07,Outpatient,0.0,True
C02176,P4140,PR0033,F0029,6,F,Medicare,9,0.49,Out-of-Network,Adjusted,Cardiology,Primary Care,93010,O80,0,1532.71,1464.89,0.27,0,2023-08-16,Outpatient,0.0,True
C02179,P6917,PR0427,F0033,20,F,Medicaid,9,0.4,Out-of-Network,Denied,Endocrinology,Specialist,73564,M17.11,0,454.33,1371.43,0.07,0,2023-08-23,ER,0.0,True
C02186,P2482,PR0274,F0070,12,F,VA,3,0.52,In-Network,Denied,Neurology,Specialist,93010,E11.9,1,2957.26,840.03,0.45,0,2022-05-08,Outpatient,0.104,True
C02193,P5582,PR0170,F0155,39,F,VA,3,0.92,Out-of-Network,Adjusted,Primary Care,Specialist,59400,M17.11,0,1833.88,1372.39,0.48,10,2022-11-25,Inpatient,0.0,True
C02201,P6769,PR0209,F0131,67,F,Medicaid,10,1.55,Out-of-Network,Paid,OBGYN,Primary Care,93000,E11.65,1,4650.37,1101.41,1.7,10,2023-09-15,Inpatient,0.0,True
C02207,P2912,PR0441,F0116,24,F,Medicaid,12,0.77,In-Network,Adjusted,Primary Care,Primary Care,73564,J45.909,1,3780.13,799.6,1.6,0,2023-04-19,ER,0.0,True
C02219,P7919,PR0037,F0101,62,M,Medicaid,1,1.57,Out-of-Network,Adjusted,Dermatology,Imaging,99213,J45.909,1,3498.93,1479.89,0.69,0,2022-08-17,Outpatient,0.0,True
C02243,P2192,PR0251,F0019,4,M,Medicare,5,1.51,In-Network,Paid,Cardiology,Imaging,99285,J45.909,1,4419.57,1308.24,2.56,4,2022-07-08,Inpatient,0.0,True
C02245,P6774,PR0478,F0153,54,M,Commercial,10,1.68,Out-of-Network,Denied,Dermatology,Labs,99285,E11.9,1,1649.06,913.44,0.76,2,2023-07-09,Inpatient,0.104,True
C02252,P4686,PR0206,F0033,9,F,Commercial,11,1.9,Out-of-Network,Paid,Gastroenterology,Surgery,93000,K21.9,0,4984.12,821.52,1.4,5,2023-07-29,Inpatient,0.0,True
C02291,P2743,PR0478,F0002,69,M,Medicaid,12,2.78,In-Network,Denied,OBGYN,Imaging,99213,S83.241A,0,1496.68,1031.63,0.32,10,2023-07-22,Inpatient,0.0,True
C02305,P2534,PR0436,F0149,44,M,Medicaid,7,1.94,In-Network,Paid,Endocrinology,Labs,59400,J45.909,1,1480.86,1333.64,0.76,0,2022-09-11,ER,0.0,True
C02306,P6005,PR0318,F0013,87,F,Commercial,10,2.27,In-Network,Denied,Primary Care,Surgery,93010,O80,0,4635.83,4063.98,1.66,9,2023-11-27,Inpatient,0.0,True
C02312,P3377,PR0375,F0151,54,F,Medicaid,12,1.81,In-Network,Paid,OBGYN,Specialist,93010,G40.909,0,2291.25,1091.39,0.74,9,2022-01-15,Inpatient,0.0,True
C02324,P3328,PR0113,F0049,89,F,Medicaid,3,1.91,Out-of-Network,Denied,Neurology,Specialist,93000,S83.241A,0,460.05,967.28,0.11,0,2023-02-16,Outpatient,0.0,True
C02366,P5336,PR0401,F0074,19,F,Commercial,11,1.01,Out-of-Network,Paid,Primary Care,Specialist,99213,K21.9,0,3033.54,840.27,0.67,7,2022-10-08,Inpatient,0.0,True
C02376,P2947,PR0345,F0088,14,M,Medicaid,3,2.99,Out-of-Network,Denied,Primary Care,Specialist,95816,I50.9,1,2730.36,771.63,1.08,0,2022-02-24,ER,0.331,True
C02405,P5339,PR0144,F0133,10,F,Medicare,7,1.98,Out-of-Network,Adjusted,Gastroenterology,Imaging,95250,I50.9,1,2093.3,966.28,7.57,0,2023-07-03,ER,0.331,True
C02412,P3638,PR0194,F0109,50,F,Medicare,9,1.19,Out-of-Network,Adjusted,Neurology,Surgery,99214,E11.9,1,1282.4,843.81,0.18,0,2023-11-30,Outpatient,0.104,True
C02441,P1938,PR0256,F0073,23,M,Commercial,12,1.46,Out-of-Network,Denied,Dermatology,Labs,99214,S83.241A,0,2124.89,1042.72,0.61,0,2022-01-29,Outpatient,0.0,True
C02456,P7915,PR0345,F0199,0,M,Medicare,5,2.86,Out-of-Network,Paid,Neurology,Surgery,99214,E11.9,1,2730.46,802.11,2.57,0,2022-07-03,ER,0.104,True
C02472,P2570,PR0058,F0083,45,M,Medicaid,6,2.66,In-Network,Adjusted,Endocrinology,Surgery,99285,S83.241A,0,2518.99,1927.29,3.21,0,2022-09-11,Outpatient,0.0,True
C02478,P3472,PR0251,F0023,66,F,VA,8,2.39,In-Network,Paid,Neurology,Surgery,73564,M17.11,0,4625.81,775.31,2.45,0,2022-02-19,Outpatient,0.0,True
C02482,P2047,PR0359,F0073,78,F,Medicaid,1,1.84,In-Network,Denied,OBGYN,Gastroenterology,99214,S83.241A,0,2843.86,1011.69,1.5,6,2023-01-03,Inpatient,0.0,True
C02483,P2369,PR0436,F0057,33,F,Medicaid,10,0.74,In-Network,Adjusted,Orthopedics,Imaging,99285,I50.9,1,2282.64,1329.44,0.84,0,2023-04-19,Outpatient,0.331,True
C02494,P7001,PR0038,F0127,40,F,Medicare,12,0.93,Out-of-Network,Denied,OBGYN,Imaging,73564,E11.65,1,2884.49,767.88,0.62,0,2023-01-08,Outpatient,0.0,True
C02507,P0543,PR0057,F0198,38,M,VA,6,1.2,Out-of-Network,Denied,Gastroenterology,Specialist,93000,I50.9,1,1732.09,3460.24,1.66,0,2022-12-12,ER,0.331,True
C02522,P6192,PR0003,F0200,62,M,Medicare,5,1.06,In-Network,Paid,Cardiology,Imaging,99213,J45.909,1,4373.58,3587.67,0.7,0,2023-08-22,Outpatient,0.0,True
C02529,P7815,PR0169,F0177,56,M,Commercial,1,0.95,Out-of-Network,Denied,Endocrinology,Imaging,99285,I50.9,1,177.17,1417.35,0.02,0,2023-10-04,Outpatient,0.331,True
C02545,P0444,PR0219,F0104,78,F,VA,2,1.42,Out-of-Network,Denied,OBGYN,Labs,93010,E11.65,1,2664.29,2052.3,4.47,9,2023-01-24,Inpatient,0.0,True
C02550,P4700,PR0419,F0046,54,F,Commercial,9,0.86,Out-of-Network,Adjusted,Endocrinology,Surgery,73564,E11.9,1,2034.62,1463.29,0.34,0,2022-10-12,ER,0.104,True
C02553,P0407,PR0392,F0166,0,F,Medicare,3,2.21,In-Network,Adjusted,OBGYN,Specialist,95250,G40.909,0,2586.16,1177.28,0.42,0,2023-09-13,Outpatient,0.0,True
C02575,P2804,PR0275,F0185,32,M,Medicaid,4,0.4,Out-of-Network,Paid,Primary Care,Surgery,73564,K21.9,0,91.78,2491.88,0.03,7,2023-10-30,Inpatient,0.0,True
C02577,P2878,PR0011,F0120,82,F,Commercial,5,1.69,Out-of-Network,Adjusted,Cardiology,Specialist,95816,G40.909,0,2512.38,783.82,0.6,0,2022-08-11,Outpatient,0.0,True
C02580,P2917,PR0207,F0196,12,M,Commercial,5,2.89,In-Network,Paid,OBGYN,Primary Care,93000,E11.9,1,3920.73,1052.18,0.82,0,2022-05-28,Outpatient,0.104,True
C02589,P4162,PR0490,F0198,81,M,Medicaid,1,0.62,Out-of-Network,Denied,Orthopedics,Gastroenterology,95250,K21.9,0,3308.69,43330.85,8.21,9,2023-09-24,Inpatient,0.0,True
C02620,P1616,PR0299,F0112,38,F,Medicaid,1,2.25,Out-of-Network,Paid,Endocrinology,Imaging,59400,K21.9,0,1564.69,777.3,0.24,7,2022-07-18,Inpatient,0.0,True
C02635,P5334,PR0110,F0191,67,M,Medicare,2,2.02,Out-of-Network,Adjusted,Endocrinology,Specialist,73564,J45.909,1,2629.44,992.23,0.33,0,2023-08-13,Outpatient,0.0,True
C02641,P6037,PR0333,F0167,22,M,VA,2,2.17,In-Network,Adjusted,Cardiology,Labs,93010,E11.9,1,4329.68,1106.89,0.94,0,2022-04-02,Outpatient,0.104,True
C02696,P5596,PR0337,F0160,65,F,Commercial,3,0.66,Out-of-Network,Paid,Primary Care,Surgery,99285,S83.241A,0,2188.13,758.52,0.61,7,2022-04-01,Inpatient,0.0,True
C02703,P5103,PR0238,F0138,13,M,Medicare,2,0.64,In-Network,Denied,Endocrinology,Imaging,27447,E11.65,1,3857.81,1355.97,0.61,0,2023-04-05,ER,0.0,True
C02710,P5755,PR0232,F0142,42,M,Commercial,9,0.44,In-Network,Adjusted,Primary Care,Specialist,93010,O80,0,1057.0,865.59,0.27,0,2023-07-20,Outpatient,0.0,True
C02712,P6676,PR0289,F0068,8,M,Commercial,8,0.87,In-Network,Denied,Primary Care,Imaging,99213,I21.4,0,1145.4,839.13,0.16,0,2022-07-30,Outpatient,0.0,True
C02721,P7867,PR0249,F0020,4,F,Medicare,3,1.92,Out-of-Network,Adjusted,Orthopedics,Surgery,99214,K21.9,0,2925.68,1279.41,1.52,8,2023-11-01,Inpatient,0.0,True
C02724,P6659,PR0442,F0170,4,F,VA,1,1.78,In-Network,Adjusted,Cardiology,Labs,93000,O80,0,2971.08,797.64,0.4,0,2023-08-16,ER,0.0,True
C02725,P4788,PR0327,F0001,44,M,Medicare,10,1.6,In-Network,Denied,Primary Care,Primary Care,99285,K21.9,0,128.56,1290.24,0.05,0,2023-06-16,Outpatient,0.0,True
C02732,P3996,PR0187,F0050,14,F,Commercial,9,2.77,Out-of-Network,Paid,OBGYN,Primary Care,59400,I50.9,1,127.6,977.52,0.13,0,2022-08-03,Outpatient,0.331,True
C02735,P7663,PR0185,F0198,38,F,Commercial,9,1.61,In-Network,Denied,Dermatology,Primary Care,99214,E11.9,1,3514.42,1322.21,1.28,0,2023-09-11,ER,0.104,True
C02739,P4305,PR0238,F0095,59,M,Commercial,7,0.96,Out-of-Network,Denied,Endocrinology,Specialist,99214,K21.9,0,4242.73,857.62,8.43,0,2022-07-01,Outpatient,0.0,True
C02751,P2626,PR0160,F0152,87,M,Medicare,3,2.54,Out-of-Network,Adjusted,Orthopedics,Labs,99213,K21.9,0,4077.16,1048.88,1.79,9,2022-09-08,Inpatient,0.0,True
C02752,P6210,PR0365,F0171,3,F,Commercial,9,1.8,In-Network,Adjusted,OBGYN,Imaging,93000,M17.11,0,4962.99,873.95,1.29,2,2022-08-31,Inpatient,0.0,True
C02802,P6724,PR0408,F0061,8,M,VA,11,2.18,In-Network,Denied,Neurology,Primary Care,99214,E11.9,1,2672.66,2678.56,0.51,0,2023-10-30,ER,0.104,True
C02813,P4653,PR0472,F0022,60,M,VA,7,0.65,In-Network,Denied,Neurology,Primary Care,99214,G40.909,0,368.51,1031.58,0.07,5,2023-01-04,Inpatient,0.0,True
C02815,P3008,PR0282,F0111,83,M,VA,2,0.37,Out-of-Network,Paid,Neurology,Labs,93000,E11.9,1,1548.1,1132.92,0.79,0,2022-05-27,Outpatient,0.104,True
C02826,P4681,PR0168,F0026,73,F,Commercial,3,1.17,Out-of-Network,Denied,Gastroenterology,Specialist,27447,O80,0,4860.48,996.36,4.9,0,2022-03-12,ER,0.0,True
C02833,P1119,PR0113,F0143,52,M,VA,10,0.79,Out-of-Network,Paid,Endocrinology,Primary Care,93000,S83.241A,0,1458.97,865.14,0.45,0,2022-10-04,Outpatient,0.0,True
C02837,P3032,PR0497,F0179,17,F,VA,7,0.69,Out-of-Network,Denied,Gastroenterology,Surgery,93010,S83.241A,0,4821.98,1216.99,0.89,2,2022-05-13,Inpatient,0.0,True
C02838,P1601,PR0407,F0177,74,F,Medicaid,12,2.02,In-Network,Paid,Endocrinology,Primary Care,59400,G40.909,0,313.73,921.46,0.06,0,2022-09-13,ER,0.0,True
C02839,P7378,PR0394,F0160,88,F,Medicaid,4,0.43,In-Network,Denied,Cardiology,Primary Care,99285,K21.9,0,4384.88,1667.0,0.61,10,2023-06-19,Inpatient,0.0,True
C02843,P5842,PR0026,F0032,30,M,Medicare,7,0.93,Out-of-Network,Paid,OBGYN,Surgery,93010,S83.241A,0,2445.68,793.88,0.39,0,2023-09-15,ER,0.0,True
C02896,P0100,PR0235,F0045,69,M,VA,10,2.91,In-Network,Denied,Gastroenterology,Primary Care,95250,O80,0,3482.03,9193.37,2.1,8,2022-01-01,Inpatient,0.0,True
C02898,P5151,PR0116,F0047,55,F,VA,8,0.5,In-Network,Paid,Cardiology,Imaging,73564,E11.9,1,4817.59,1017.09,1.66,5,2022-05-08,Inpatient,0.104,True
C02916,P3273,PR0289,F0162,74,M,Commercial,7,1.16,Out-of-Network,Adjusted,OBGYN,Imaging,93010,G40.909,0,3541.64,1151.26,1.08,0,2022-09-24,ER,0.0,True
C02929,P2036,PR0382,F0086,10,F,VA,6,0.58,In-Network,Denied,OBGYN,Labs,59400,E11.65,1,4264.2,878.41,17.74,3,2022-07-17,Inpatient,0.0,True
C02936,P3735,PR0133,F0023,5,M,Medicaid,5,2.03,In-Network,Denied,OBGYN,Surgery,93010,S83.241A,0,4100.11,790.5,1.23,0,2022-09-18,Outpatient,0.0,True
C02954,P6297,PR0128,F0118,31,F,Commercial,3,2.04,In-Network,Paid,Dermatology,Specialist,73564,O80,0,2726.29,829.65,0.63,1,2022-12-02,Inpatient,0.0,True
C02956,P3454,PR0264,F0135,33,M,Medicaid,7,0.53,Out-of-Network,Paid,Endocrinology,Surgery,99213,E11.65,1,4253.05,1040.4,0.78,0,2022-05-06,Outpatient,0.0,True
C02974,P5382,PR0304,F0067,34,M,VA,10,1.3,Out-of-Network,Adjusted,OBGYN,Gastroenterology,93000,I21.4,0,2100.75,1322.5,4.26,0,2022-12-18,ER,0.0,True
C02990,P5851,PR0414,F0063,86,M,VA,4,2.49,Out-of-Network,Paid,Dermatology,Primary Care,93010,I21.4,0,1032.83,2021.66,2.53,6,2022-08-12,Inpatient,0.0,True
C02991,P5785,PR0332,F0049,40,M,Medicaid,4,2.67,Out-of-Network,Paid,OBGYN,Surgery,93010,M17.11,0,2053.71,825.83,0.73,5,2022-07-22,Inpatient,0.0,True
C03004,P2596,PR0175,F0081,78,F,Commercial,9,1.52,In-Network,Adjusted,Neurology,Primary Care,93010,E11.9,1,876.47,1197.14,0.14,0,2022-03-16,Outpatient,0.104,True
C03055,P7573,PR0357,F0007,8,M,Medicaid,12,0.98,Out-of-Network,Adjusted,Endocrinology,Labs,59400,G40.909,0,240.59,1027.55,0.04,0,2022-12-15,ER,0.0,True
C03067,P0994,PR0261,F0082,44,M,VA,2,1.9,In-Network,Denied,Gastroenterology,Gastroenterology,59400,I50.9,1,3407.07,1048.31,3.07,0,2022-12-23,Outpatient,0.331,True
C03072,P2170,PR0376,F0007,37,M,Medicare,1,0.93,In-Network,Adjusted,Orthopedics,Primary Care,27447,E11.9,1,4897.59,994.77,1.07,0,2022-12-26,ER,0.104,True
C03074,P0904,PR0043,F0171,53,F,Medicare,11,2.76,In-Network,Adjusted,Primary Care,Surgery,93000,K21.9,0,1718.39,926.91,0.25,0,2023-07-10,Outpatient,0.0,True
C03076,P5003,PR0325,F0023,4,F,Medicare,2,1.78,In-Network,Adjusted,OBGYN,Labs,93000,M17.11,0,1073.98,1116.62,0.45,0,2023-10-31,ER,0.0,True
C03103,P1056,PR0291,F0004,88,M,Medicaid,10,0.53,Out-of-Network,Paid,Neurology,Surgery,73564,G40.909,0,1473.54,943.39,2.07,9,2022-08-16,Inpatient,0.0,True
C03120,P7827,PR0072,F0032,50,M,VA,11,2.69,In-Network,Paid,Gastroenterology,Primary Care,93000,G40.909,0,3006.96,949.0,1.34,0,2023-01-15,ER,0.0,True
C03134,P0646,PR0400,F0122,64,F,Medicare,10,0.43,In-Network,Adjusted,Endocrinology,Primary Care,59400,S83.241A,0,4927.85,808.3,1.33,0,2023-08-23,Outpatient,0.0,True
C03190,P3246,PR0089,F0047,66,M,Medicaid,8,2.44,In-Network,Denied,Cardiology,Primary Care,27447,O80,0,3009.86,1129.6,0.52,8,2022-03-25,Inpatient,0.0,True
C03193,P3700,PR0430,F0003,49,M,Commercial,2,2.76,In-Network,Adjusted,Neurology,Gastroenterology,99285,J45.909,1,4326.69,1775.17,1.1,4,2023-07-06,Inpatient,0.0,True
C03213,P6652,PR0442,F0017,66,F,Commercial,9,2.71,Out-of-Network,Denied,Endocrinology,Labs,93000,G40.909,0,4471.49,960.28,0.85,0,2023-03-01,Outpatient,0.0,True
C03216,P5622,PR0453,F0189,0,F,Commercial,1,2.25,Out-of-Network,Adjusted,Gastroenterology,Specialist,99213,O80,0,918.6,1076.85,0.26,0,2022-04-12,ER,0.0,True
C03234,P5295,PR0204,F0048,0,M,VA,1,2.48,Out-of-Network,Paid,Cardiology,Imaging,99285,I21.4,0,4075.96,1225.89,10.28,9,2023-09-27,Inpatient,0.0,True
C03242,P7763,PR0102,F0051,35,M,Medicaid,5,1.06,Out-of-Network,Paid,OBGYN,Labs,95816,M17.11,0,3477.44,3192.0,1.74,0,2023-06-22,ER,0.0,True
C03260,P5481,PR0087,F0067,2,F,VA,6,0.74,Out-of-Network,Paid,Dermatology,Imaging,93000,G40.909,0,1764.35,762.3,0.81,3,2022-07-12,Inpatient,0.0,True
C03266,P1835,PR0078,F0038,13,M,Medicaid,11,1.58,In-Network,Paid,OBGYN,Surgery,95250,O80,0,1146.84,1262.97,0.24,7,2023-08-31,Inpatient,0.0,True
C03286,P1340,PR0362,F0057,54,F,Commercial,1,1.71,In-Network,Paid,OBGYN,Imaging,95816,G40.909,0,2253.41,815.19,8.64,3,2023-08-24,Inpatient,0.0,True
C03291,P0099,PR0413,F0196,60,M,VA,12,2.23,Out-of-Network,Paid,Endocrinology,Imaging,99213,I21.4,0,2303.52,748.84,0.61,0,2022-03-08,Outpatient,0.0,True
C03297,P4933,PR0326,F0025,50,F,Medicaid,11,2.72,Out-of-Network,Denied,Dermatology,Surgery,73564,I21.4,0,1939.35,969.12,0.25,0,2022-04-10,ER,0.0,True
C03309,P3014,PR0406,F0180,33,F,Medicare,2,0.6,In-Network,Paid,Endocrinology,Specialist,73564,K21.9,0,1609.99,1054.89,0.3,0,2022-11-05,ER,0.0,True
C03313,P0719,PR0227,F0129,57,F,Medicare,2,2.94,Out-of-Network,Denied,Cardiology,Primary Care,95816,S83.241A,0,1891.18,1459.79,3.07,0,2022-12-18,Outpatient,0.0,True
C03320,P4654,PR0166,F0030,33,M,VA,9,1.39,Out-of-Network,Adjusted,OBGYN,Surgery,99214,G40.909,0,2144.77,1844.64,1.63,5,2023-01-23,Inpatient,0.0,True
C03333,P0814,PR0082,F0085,80,F,Medicaid,2,1.57,In-Network,Denied,Primary Care,Gastroenterology,95816,E11.9,1,4775.91,888.77,0.79,0,2022-12-06,Outpatient,0.104,True
C03340,P2461,PR0288,F0198,7,M,Commercial,12,0.9,In-Network,Paid,OBGYN,Specialist,93010,E11.9,1,315.66,1092.65,0.11,0,2022-08-10,ER,0.104,True
C03346,P7897,PR0243,F0190,40,F,VA,5,0.92,Out-of-Network,Denied,Neurology,Primary Care,73564,O80,0,2327.1,923.78,3.09,0,2023-10-19,ER,0.0,True
C03348,P4001,PR0295,F0024,74,F,Medicaid,3,2.32,Out-of-Network,Denied,Dermatology,Primary Care,99285,E11.9,1,1118.21,889.43,0.2,0,2023-10-04,ER,0.104,True
C03366,P4022,PR0470,F0188,8,F,Medicare,11,0.52,Out-of-Network,Adjusted,Gastroenterology,Surgery,99213,M17.11,0,897.07,1278.27,1.49,0,2023-10-31,Outpatient,0.0,True
C03373,P1798,PR0115,F0137,10,M,Medicare,4,1.14,In-Network,Paid,Orthopedics,Imaging,99213,O80,0,1710.09,773.5,0.72,3,2023-01-29,Inpatient,0.0,True
C03374,P7918,PR0199,F0058,73,F,Medicare,8,1.21,Out-of-Network,Adjusted,Gastroenterology,Primary Care,27447,M17.11,0,4495.19,1104.55,12.09,4,2023-11-08,Inpatient,0.0,True
C03381,P5369,PR0050,F0121,77,F,Medicare,4,1.82,Out-of-Network,Paid,Endocrinology,Labs,99214,M17.11,0,2290.37,1579.8,0.79,0,2022-09-22,ER,0.0,True
C03395,P3498,PR0371,F0038,23,M,Medicaid,6,0.71,Out-of-Network,Paid,Neurology,Labs,93000,E11.9,1,1243.72,1303.15,0.25,0,2022-06-07,ER,0.104,True
C03398,P7115,PR0265,F0017,73,F,Medicare,3,2.27,In-Network,Adjusted,Dermatology,Imaging,27447,J45.909,1,4223.94,803.61,5.24,6,2022-05-08,Inpatient,0.0,True
C03399,P5914,PR0158,F0193,0,M,Commercial,9,1.14,In-Network,Paid,OBGYN,Labs,93000,I21.4,0,2548.62,1757.15,0.32,5,2022-02-09,Inpatient,0.0,True
C03410,P3137,PR0072,F0159,69,M,Commercial,4,2.39,Out-of-Network,Paid,Cardiology,Labs,27447,S83.241A,0,463.76,1403.69,0.57,0,2022-08-06,ER,0.0,True
C03413,P0277,PR0405,F0134,33,F,Medicare,9,1.41,Out-of-Network,Denied,Cardiology,Imaging,99285,E11.65,1,2299.58,1328.16,0.29,4,2023-11-11,Inpatient,0.0,True
C03435,P6309,PR0107,F0135,17,F,Commercial,9,0.81,In-Network,Denied,OBGYN,Surgery,99214,J45.909,1,312.78,1758.88,0.12,9,2023-12-21,Inpatient,0.0,True
C03444,P6376,PR0348,F0014,43,F,Medicaid,12,2.29,In-Network,Adjusted,Endocrinology,Labs,99214,I21.4,0,2366.06,887.69,1.53,0,2022-07-11,ER,0.0,True
C03456,P7974,PR0225,F0081,39,F,Medicare,7,2.39,In-Network,Paid,OBGYN,Primary Care,93010,K21.9,0,1855.69,1412.3,0.47,0,2023-05-01,Outpatient,0.0,True
C03461,P1063,PR0113,F0171,63,F,VA,5,2.0,Out-of-Network,Adjusted,Cardiology,Specialist,59400,E11.65,1,1671.35,988.04,0.55,5,2023-10-29,Inpatient,0.0,True
C03462,P6896,PR0338,F0143,42,F,Medicaid,4,1.14,In-Network,Adjusted,Cardiology,Primary Care,99213,G40.909,0,3922.34,1208.69,0.53,0,2022-01-31,Outpatient,0.0,True
C03487,P5349,PR0401,F0070,8,M,Medicaid,12,2.17,In-Network,Denied,Dermatology,Imaging,93010,E11.9,1,4685.92,837.31,0.68,0,2022-08-21,ER,0.104,True
C03496,P5454,PR0099,F0099,33,M,VA,12,0.41,Out-of-Network,Paid,OBGYN,Labs,99285,M17.11,0,1119.02,1255.33,0.35,7,2022-04-19,Inpatient,0.0,True
C03513,P2243,PR0298,F0117,18,F,VA,7,2.61,In-Network,Paid,Cardiology,Specialist,93010,G40.909,0,1905.11,1004.29,0.44,2,2023-09-24,Inpatient,0.0,True
C03524,P6234,PR0381,F0062,84,M,Commercial,8,0.81,In-Network,Denied,Gastroenterology,Imaging,95250,E11.9,1,687.86,924.42,0.1,0,2022-01-01,Outpatient,0.104,True
C03528,P2239,PR0399,F0099,22,F,Medicaid,10,2.27,Out-of-Network,Paid,Orthopedics,Labs,73564,G40.909,0,1227.96,1433.55,0.73,0,2022-05-27,Outpatient,0.0,True
C03531,P2768,PR0336,F0191,14,M,Medicare,5,1.62,In-Network,Denied,Neurology,Surgery,73564,I50.9,1,1213.9,810.32,0.23,4,2023-09-30,Inpatient,0.331,True
C03532,P2587,PR0012,F0067,58,F,VA,3,1.77,Out-of-Network,Paid,Dermatology,Surgery,59400,O80,0,1534.74,1161.77,0.4,0,2023-02-23,ER,0.0,True
C03535,P2435,PR0204,F0011,61,F,Medicare,8,2.72,In-Network,Paid,Cardiology,Specialist,95250,G40.909,0,3117.16,1474.16,0.74,2,2022-12-27,Inpatient,0.0,True
C03536,P5192,PR0257,F0086,75,F,Medicaid,9,1.5,Out-of-Network,Paid,Cardiology,Surgery,95250,S83.241A,0,203.11,892.87,0.1,0,2022-02-03,ER,0.0,True
C03542,P0014,PR0108,F0108,9,M,Medicaid,4,1.77,In-Network,Adjusted,Primary Care,Specialist,59400,J45.909,1,2361.16,773.56,6.39,0,2023-03-05,ER,0.0,True
C03548,P4392,PR0497,F0132,45,M,VA,3,0.62,Out-of-Network,Paid,Primary Care,Labs,95816,I21.4,0,4229.43,785.67,0.6,0,2022-08-19,ER,0.0,True
C03554,P5315,PR0217,F0148,84,M,Medicaid,1,1.93,In-Network,Denied,Orthopedics,Imaging,27447,I50.9,1,4018.13,2234.02,3.31,0,2022-03-21,ER,0.331,True
C03581,P3011,PR0383,F0178,88,F,Commercial,7,0.98,In-Network,Paid,Neurology,Imaging,27447,K21.9,0,500.94,1517.43,0.25,8,2022-03-25,Inpatient,0.0,True
C03583,P4931,PR0061,F0036,51,F,Commercial,11,1.78,Out-of-Network,Denied,Dermatology,Primary Care,73564,I21.4,0,4497.71,1236.9,0.71,3,2023-01-28,Inpatient,0.0,True
C03593,P3477,PR0307,F0041,77,F,Medicaid,6,1.31,In-Network,Adjusted,Neurology,Primary Care,99285,I50.9,1,4765.03,1814.63,2.47,7,2023-11-11,Inpatient,0.331,True
C03603,P6295,PR0295,F0113,77,F,VA,4,1.22,In-Network,Denied,Cardiology,Primary Care,93000,G40.909,0,3861.39,1407.84,1.36,0,2023-02-25,ER,0.0,True
C03625,P0026,PR0392,F0117,70,F,VA,9,2.06,Out-of-Network,Adjusted,Endocrinology,Primary Care,93000,I50.9,1,2350.29,1209.26,3.8,0,2023-09-09,ER,0.331,True
C03660,P5174,PR0268,F0149,82,F,Medicaid,3,1.98,Out-of-Network,Adjusted,Orthopedics,Imaging,73564,J45.909,1,2231.47,1656.61,3.69,0,2023-07-30,Outpatient,0.0,True
C03687,P6451,PR0332,F0026,3,F,Medicaid,10,0.6,In-Network,Denied,Endocrinology,Surgery,99285,M17.11,0,4512.12,2175.88,0.61,0,2022-11-03,Outpatient,0.0,True
C03702,P4573,PR0305,F0063,17,F,VA,2,0.95,In-Network,Denied,Orthopedics,Primary Care,95816,E11.9,1,4093.05,774.81,10.51,0,2022-12-13,ER,0.104,True
C03717,P6988,PR0448,F0007,77,F,Medicare,2,1.22,Out-of-Network,Adjusted,Gastroenterology,Labs,95816,J45.909,1,414.03,4642.89,1.11,0,2022-09-08,Outpatient,0.0,True
C03718,P2443,PR0366,F0167,39,F,Medicare,2,0.44,Out-of-Network,Paid,Dermatology,Surgery,93000,I50.9,1,2359.57,1822.41,2.03,0,2022-02-15,ER,0.331,True
C03722,P1202,PR0053,F0135,70,F,Medicare,3,0.32,In-Network,Denied,Endocrinology,Primary Care,95250,E11.9,1,4628.65,995.43,0.91,0,2022-03-02,ER,0.104,True
C03758,P4719,PR0243,F0071,68,M,VA,4,2.14,In-Network,Denied,Primary Care,Labs,27447,O80,0,3290.99,1396.99,4.07,5,2023-01-12,Inpatient,0.0,True
C03822,P3765,PR0425,F0168,19,M,Medicaid,9,0.69,Out-of-Network,Denied,Dermatology,Gastroenterology,27447,I50.9,1,3078.32,40224.41,0.39,0,2023-10-03,ER,0.331,True
C03845,P4127,PR0295,F0014,61,M,Medicare,1,2.47,In-Network,Denied,Primary Care,Surgery,73564,K21.9,0,1402.3,905.77,0.39,0,2023-12-22,Outpatient,0.0,True
C03868,P4799,PR0489,F0043,32,M,Medicaid,12,2.31,In-Network,Paid,Cardiology,Primary Care,99285,I21.4,0,2323.93,947.3,0.37,0,2023-04-03,Outpatient,0.0,True
C03903,P5030,PR0469,F0043,29,M,Medicaid,12,2.35,In-Network,Paid,Gastroenterology,Surgery,27447,M17.11,0,618.76,962.05,0.16,5,2023-04-02,Inpatient,0.0,True
C03905,P0164,PR0074,F0174,14,M,Medicaid,5,1.63,In-Network,Adjusted,Dermatology,Gastroenterology,95816,M17.11,0,3338.95,911.21,0.83,0,2023-08-02,Outpatient,0.0,True
C03921,P7704,PR0376,F0166,42,M,VA,12,1.65,Out-of-Network,Denied,Dermatology,Labs,99285,I50.9,1,4096.46,1159.22,0.88,0,2022-05-08,ER,0.331,True
C03932,P5098,PR0371,F0132,85,F,Medicare,3,1.39,Out-of-Network,Paid,OBGYN,Surgery,59400,S83.241A,0,1804.73,835.5,0.36,0,2022-10-23,Outpatient,0.0,True
C03953,P0398,PR0146,F0107,45,M,VA,9,2.97,Out-of-Network,Adjusted,Dermatology,Labs,93010,J45.909,1,2338.83,1610.17,0.37,4,2022-05-07,Inpatient,0.0,True
C03962,P4030,PR0332,F0031,56,M,Medicare,9,1.12,Out-of-Network,Paid,Primary Care,Labs,99214,J45.909,1,547.31,1200.44,0.12,9,2022-05-30,Inpatient,0.0,True
C03969,P3479,PR0405,F0147,31,M,Medicaid,2,2.97,Out-of-Network,Denied,Orthopedics,Gastroenterology,95816,E11.9,1,2507.83,1360.05,0.6,0,2022-12-21,Outpatient,0.104,True
C03978,P4827,PR0359,F0064,36,M,VA,8,1.48,Out-of-Network,Paid,Primary Care,Surgery,93010,S83.241A,0,901.82,770.71,0.12,8,2022-01-16,Inpatient,0.0,True
C03982,P0508,PR0474,F0077,15,M,Medicaid,12,0.98,In-Network,Denied,Primary Care,Surgery,95250,I50.9,1,1772.29,935.06,0.23,0,2023-09-04,Outpatient,0.331,True
C03983,P1548,PR0445,F0166,1,F,Medicaid,5,1.75,Out-of-Network,Adjusted,Cardiology,Gastroenterology,99214,S83.241A,0,4868.1,4238.89,1.03,7,2022-09-28,Inpatient,0.0,True
C03989,P3060,PR0480,F0132,68,M,Commercial,6,2.24,Out-of-Network,Adjusted,OBGYN,Imaging,99285,M17.11,0,325.45,1240.72,0.06,0,2022-09-12,Outpatient,0.0,True
C03999,P2428,PR0442,F0029,52,M,Medicare,3,1.69,In-Network,Denied,Orthopedics,Labs,95250,O80,0,747.08,937.65,0.26,0,2023-10-22,Outpatient,0.0,True
C04003,P0060,PR0119,F0175,14,M,Commercial,4,1.18,Out-of-Network,Denied,Endocrinology,Gastroenterology,99213,O80,0,3962.72,15250.17,0.65,1,2023-10-05,Inpatient,0.0,True
C04009,P1544,PR0253,F0050,58,F,VA,3,0.55,In-Network,Paid,Dermatology,Gastroenterology,95250,M17.11,0,413.07,24445.9,0.08,0,2023-03-26,Outpatient,0.0,True
C04021,P5603,PR0182,F0099,29,M,Commercial,12,2.81,Out-of-Network,Paid,Primary Care,Primary Care,73564,M17.11,0,1213.05,1587.53,6.22,0,2022-11-24,ER,0.0,True
C04029,P4350,PR0246,F0103,47,F,Medicare,4,1.29,Out-of-Network,Paid,Primary Care,Primary Care,99214,S83.241A,0,694.31,896.54,0.17,10,2022-12-04,Inpatient,0.0,True
C04048,P3145,PR0092,F0119,49,M,VA,7,2.25,Out-of-Network,Paid,Cardiology,Imaging,59400,M17.11,0,3237.2,3024.96,0.8,0,2022-08-01,Outpatient,0.0,True
C04057,P5418,PR0057,F0024,19,F,Commercial,12,2.16,Out-of-Network,Denied,OBGYN,Imaging,93000,E11.9,1,4330.38,782.27,0.63,4,2023-04-27,Inpatient,0.104,True
C04083,P0746,PR0236,F0174,21,F,Medicaid,7,2.96,In-Network,Adjusted,Endocrinology,Imaging,95250,S83.241A,0,4068.12,971.34,1.15,7,2022-06-12,Inpatient,0.0,True
C04092,P2001,PR0369,F0113,64,F,Commercial,4,0.31,Out-of-Network,Adjusted,Cardiology,Specialist,95816,E11.65,1,2880.61,750.32,0.81,0,2023-12-26,Outpatient,0.0,True
C04113,P2128,PR0340,F0103,20,F,Medicaid,2,2.78,In-Network,Paid,Endocrinology,Labs,95250,G40.909,0,4583.11,861.6,0.78,0,2022-12-12,Outpatient,0.0,True
C04115,P4937,PR0287,F0135,32,M,VA,9,1.98,In-Network,Paid,OBGYN,Primary Care,99213,M17.11,0,4866.84,924.86,0.9,0,2023-03-07,ER,0.0,True
C04128,P2379,PR0060,F0002,14,F,Medicaid,1,1.27,In-Network,Denied,Primary Care,Labs,27447,S83.241A,0,4845.25,1095.24,5.45,0,2023-08-29,ER,0.0,True
C04130,P2791,PR0408,F0200,9,M,VA,10,2.59,Out-of-Network,Denied,Orthopedics,Specialist,99285,I21.4,0,4269.76,949.76,0.62,0,2023-04-10,Outpatient,0.0,True
C04142,P1514,PR0094,F0164,69,M,VA,2,1.64,Out-of-Network,Paid,Orthopedics,Labs,27447,I21.4,0,4342.3,932.96,0.95,1,2023-07-08,Inpatient,0.0,True
C04179,P3547,PR0215,F0101,14,M,Medicaid,2,1.89,In-Network,Adjusted,Primary Care,Surgery,73564,K21.9,0,4214.97,1111.44,1.33,2,2023-03-11,Inpatient,0.0,True
C04187,P4453,PR0463,F0140,40,M,Commercial,8,1.3,In-Network,Denied,Primary Care,Surgery,93000,I21.4,0,4144.22,1898.99,0.59,0,2022-08-02,ER,0.0,True
C04217,P0242,PR0017,F0033,70,M,VA,11,2.71,Out-of-Network,Paid,Primary Care,Specialist,93000,K21.9,0,444.09,1160.55,0.08,0,2023-05-06,Outpatient,0.0,True
C04227,P1907,PR0455,F0127,90,F,Medicare,6,1.37,In-Network,Denied,Gastroenterology,Imaging,59400,M17.11,0,3410.61,1174.76,0.77,0,2023-07-22,ER,0.0,True
C04237,P3594,PR0213,F0029,13,F,Medicare,4,1.24,In-Network,Adjusted,Cardiology,Surgery,95250,E11.9,1,4848.01,761.35,8.8,1,2023-07-05,Inpatient,0.104,True
C04239,P5877,PR0474,F0175,61,F,Commercial,8,0.88,Out-of-Network,Adjusted,OBGYN,Labs,95250,G40.909,0,3241.19,775.32,0.88,0,2022-11-20,Outpatient,0.0,True
C04248,P0824,PR0496,F0070,22,F,Medicaid,11,2.69,In-Network,Denied,Orthopedics,Gastroenterology,59400,J45.909,1,630.75,1629.82,0.17,0,2022-05-20,Outpatient,0.0,True
C04281,P7051,PR0335,F0067,32,F,Medicaid,7,0.53,Out-of-Network,Adjusted,Endocrinology,Imaging,99214,G40.909,0,2699.08,1470.26,24.87,8,2022-03-23,Inpatient,0.0,True
C04289,P1139,PR0110,F0056,23,F,Medicare,4,2.86,In-Network,Paid,Dermatology,Surgery,99285,E11.65,1,2325.9,819.86,0.34,0,2022-09-01,Outpatient,0.0,True
C04329,P5100,PR0121,F0040,0,F,Commercial,2,0.39,In-Network,Denied,OBGYN,Surgery,95250,E11.65,1,2684.73,991.72,0.39,0,2022-04-30,ER,0.0,True
C04343,P1698,PR0062,F0193,2,F,Medicaid,8,0.32,In-Network,Denied,Orthopedics,Specialist,99213,S83.241A,0,2415.65,1272.0,0.53,0,2022-03-13,ER,0.0,True
C04366,P0342,PR0185,F0058,26,M,Commercial,9,2.71,In-Network,Denied,OBGYN,Primary Care,99285,K21.9,0,2630.11,1477.25,0.42,0,2023-02-05,ER,0.0,True
C04378,P4082,PR0278,F0161,13,M,Medicaid,5,1.1,Out-of-Network,Adjusted,Cardiology,Specialist,99213,K21.9,0,4182.78,1396.98,0.82,0,2023-04-04,ER,0.0,True
C04462,P7418,PR0143,F0093,1,F,Commercial,6,0.99,Out-of-Network,Paid,Orthopedics,Imaging,59400,S83.241A,0,122.45,1152.12,0.02,0,2023-12-23,ER,0.0,True
C04496,P5833,PR0440,F0045,45,F,Medicaid,4,0.44,In-Network,Adjusted,OBGYN,Labs,99213,S83.241A,0,2043.39,970.08,0.78,0,2022-02-18,ER,0.0,True
C04523,P7818,PR0333,F0164,88,F,Medicaid,2,1.21,In-Network,Adjusted,Neurology,Gastroenterology,93000,O80,0,2337.79,41869.73,0.31,4,2023-08-11,Inpatient,0.0,True
C04524,P4125,PR0115,F0006,25,F,Medicaid,3,1.84,In-Network,Adjusted,Orthopedics,Surgery,59400,K21.9,0,991.5,1443.85,0.22,0,2022-02-03,ER,0.0,True
C04542,P5167,PR0302,F0017,71,M,VA,3,2.2,In-Network,Adjusted,OBGYN,Labs,27447,J45.909,1,3998.64,1268.0,2.83,0,2023-03-16,Outpatient,0.0,True
C04562,P0410,PR0263,F0138,64,M,Medicaid,5,1.97,In-Network,Adjusted,Neurology,Labs,99214,I21.4,0,2680.96,1011.35,0.67,0,2023-02-13,ER,0.0,True
C04569,P3965,PR0355,F0163,57,F,Commercial,6,2.81,Out-of-Network,Adjusted,Gastroenterology,Surgery,27447,K21.9,0,1755.3,774.42,0.22,0,2023-11-03,ER,0.0,True
C04578,P5976,PR0032,F0026,56,M,VA,10,2.4,In-Network,Adjusted,Gastroenterology,Specialist,95250,E11.65,1,1603.73,1119.4,0.23,3,2022-02-24,Inpatient,0.0,True
C04603,P2401,PR0337,F0158,47,M,Commercial,11,1.56,In-Network,Adjusted,Primary Care,Surgery,95816,E11.9,1,3375.24,929.89,0.85,4,2023-10-25,Inpatient,0.104,True
C04613,P1986,PR0480,F0178,15,F,Commercial,5,1.67,Out-of-Network,Paid,Dermatology,Surgery,93000,O80,0,4762.92,766.58,1.28,7,2023-06-05,Inpatient,0.0,True
C04622,P2660,PR0237,F0116,85,F,Medicaid,5,0.73,Out-of-Network,Denied,Dermatology,Imaging,95250,K21.9,0,3184.11,1018.64,1.09,8,2023-07-14,Inpatient,0.0,True
C04646,P1006,PR0198,F0019,90,M,Medicaid,11,2.54,Out-of-Network,Adjusted,Primary Care,Surgery,27447,M17.11,0,1227.92,912.6,0.99,0,2022-11-08,Outpatient,0.0,True
C04656,P1981,PR0064,F0014,52,F,Medicare,12,1.51,Out-of-Network,Denied,OBGYN,Surgery,99213,K21.9,0,1354.56,1563.89,0.17,3,2022-09-02,Inpatient,0.0,True
C04661,P0714,PR0025,F0191,62,F,VA,3,2.59,In-Network,Denied,Gastroenterology,Primary Care,27447,S83.241A,0,1206.3,797.88,0.84,0,2022-06-01,ER,0.0,True
C04668,P2474,PR0336,F0018,22,F,VA,11,2.1,Out-of-Network,Adjusted,Neurology,Primary Care,99213,S83.241A,0,1728.18,958.48,0.62,0,2023-06-14,Outpatient,0.0,True
C04683,P5537,PR0273,F0067,20,F,Medicaid,6,2.09,In-Network,Adjusted,Neurology,Specialist,73564,J45.909,1,3290.45,789.21,0.56,0,2023-06-15,Outpatient,0.0,True
C04717,P7647,PR0100,F0082,29,M,VA,5,0.99,Out-of-Network,Adjusted,OBGYN,Imaging,93010,J45.909,1,845.83,1975.1,0.14,8,2022-06-02,Inpatient,0.0,True
C04729,P4997,PR0497,F0110,41,F,Commercial,3,2.62,In-Network,Denied,Neurology,Labs,95816,J45.909,1,127.69,891.29,0.03,10,2022-02-14,Inpatient,0.0,True
C04745,P2699,PR0452,F0002,51,M,VA,11,1.28,Out-of-Network,Paid,Endocrinology,Labs,99214,J45.909,1,721.09,901.75,1.39,0,2022-06-03,ER,0.0,True
C04785,P3428,PR0363,F0162,30,F,Medicare,4,2.68,In-Network,Adjusted,Orthopedics,Imaging,27447,I50.9,1,3903.13,2850.41,0.76,0,2022-10-12,ER,0.331,True
C04809,P3714,PR0066,F0111,89,F,VA,12,1.26,Out-of-Network,Adjusted,OBGYN,Surgery,95816,J45.909,1,3927.23,755.44,0.69,0,2023-01-23,ER,0.0,True
C04852,P6628,PR0362,F0181,11,F,Medicaid,11,1.91,In-Network,Adjusted,Primary Care,Labs,73564,S83.241A,0,4730.42,2319.27,0.99,0,2022-10-29,ER,0.0,True
C04856,P0898,PR0450,F0054,21,M,Medicaid,11,2.88,In-Network,Paid,Dermatology,Labs,73564,K21.9,0,715.3,1888.72,0.1,0,2023-10-08,Outpatient,0.0,True
C04871,P3157,PR0384,F0046,64,F,VA,4,1.14,Out-of-Network,Paid,Gastroenterology,Labs,59400,K21.9,0,390.15,3931.83,0.06,0,2022-09-16,ER,0.0,True
C04888,P3896,PR0020,F0145,32,M,VA,8,0.71,Out-of-Network,Paid,Dermatology,Surgery,99214,M17.11,0,320.92,906.44,0.05,0,2022-04-18,Outpatient,0.0,True
C04921,P4729,PR0328,F0111,27,F,Medicare,10,1.46,In-Network,Paid,OBGYN,Imaging,27447,E11.65,1,1411.65,956.93,0.21,0,2022-08-29,ER,0.0,True
C04933,P3964,PR0180,F0198,26,M,Medicaid,2,1.05,In-Network,Adjusted,Gastroenterology,Primary Care,99214,S83.241A,0,4088.5,840.91,14.61,0,2022-01-02,Outpatient,0.0,True
C04945,P3613,PR0372,F0144,18,M,Medicaid,7,2.53,Out-of-Network,Paid,Primary Care,Specialist,95816,M17.11,0,1073.3,1041.21,0.14,0,2023-10-20,ER,0.0,True
C04970,P0084,PR0303,F0103,33,F,Commercial,6,1.12,Out-of-Network,Paid,Dermatology,Specialist,99213,S83.241A,0,3871.45,774.92,0.58,6,2022-12-08,Inpatient,0.0,True
C04971,P1005,PR0281,F0052,47,F,VA,8,2.85,Out-of-Network,Paid,Cardiology,Imaging,59400,I21.4,0,2455.73,836.1,6.6,0,2022-02-23,ER,0.0,True
C04975,P3106,PR0038,F0034,45,F,VA,4,2.07,In-Network,Paid,Cardiology,Gastroenterology,73564,M17.11,0,3595.19,15473.98,0.57,0,2022-12-02,ER,0.0,True
C04978,P6910,PR0077,F0034,83,F,VA,1,2.61,In-Network,Denied,Primary Care,Gastroenterology,95816,S83.241A,0,727.14,22886.88,0.22,0,2023-10-26,ER,0.0,True
C04986,P7444,PR0280,F0046,4,M,Medicare,1,1.03,In-Network,Denied,Gastroenterology,Specialist,99214,K21.9,0,2026.22,930.57,0.3,0,2023-11-04,ER,0.0,True
C04990,P6314,PR0236,F0143,82,F,VA,2,2.42,In-Network,Denied,Endocrinology,Primary Care,73564,I21.4,0,493.62,1982.49,0.27,0,2022-07-26,ER,0.0,True
C04998,P6089,PR0232,F0053,34,F,Medicaid,6,0.99,Out-of-Network,Denied,Endocrinology,Surgery,27447,E11.9,1,2290.56,4076.16,0.32,0,2023-10-11,ER,0.104,True
C05011,P5554,PR0173,F0169,45,F,VA,1,0.34,In-Network,Denied,OBGYN,Specialist,73564,E11.9,1,2349.6,896.34,1.16,0,2023-09-01,Outpatient,0.104,True
C05018,P4955,PR0382,F0176,45,F,VA,9,0.96,Out-of-Network,Denied,Cardiology,Imaging,93000,K21.9,0,2428.76,1397.13,0.51,0,2023-09-20,Outpatient,0.0,True
C05025,P2527,PR0435,F0140,6,M,VA,10,2.79,In-Network,Denied,Dermatology,Specialist,95250,I50.9,1,3996.35,1767.08,1.57,0,2022-09-17,Outpatient,0.331,True
C05036,P5839,PR0187,F0190,84,F,VA,2,2.38,In-Network,Paid,Primary Care,Labs,99214,I21.4,0,674.45,1986.96,0.57,0,2022-08-17,Outpatient,0.0,True
C05037,P0768,PR0060,F0030,12,M,Medicaid,7,2.03,In-Network,Paid,Dermatology,Imaging,99214,I50.9,1,597.44,1611.78,0.1,0,2023-02-16,Outpatient,0.331,True
C05039,P6813,PR0232,F0072,4,M,Medicare,7,1.92,Out-of-Network,Denied,Endocrinology,Primary Care,99214,O80,0,3723.7,919.55,1.07,0,2022-11-02,ER,0.0,True
C05068,P1147,PR0219,F0006,20,M,Medicare,1,2.61,Out-of-Network,Adjusted,Primary Care,Surgery,27447,J45.909,1,3645.25,904.68,4.1,4,2022-01-13,Inpatient,0.0,True
C05080,P7734,PR0075,F0090,56,F,VA,6,2.39,Out-of-Network,Adjusted,Cardiology,Primary Care,93010,J45.909,1,1340.54,794.79,0.19,0,2023-04-14,ER,0.0,True
C05086,P2810,PR0192,F0176,23,F,VA,4,2.62,In-Network,Paid,OBGYN,Imaging,73564,K21.9,0,1995.16,1853.21,0.54,0,2022-05-17,ER,0.0,True
C05094,P0287,PR0156,F0149,83,F,VA,10,2.73,In-Network,Paid,Neurology,Primary Care,99214,S83.241A,0,2016.05,996.35,0.26,1,2023-07-18,Inpatient,0.0,True
C05112,P6934,PR0424,F0138,61,F,Medicaid,2,1.32,Out-of-Network,Denied,Gastroenterology,Surgery,95816,J45.909,1,2344.12,2297.05,1.39,0,2023-02-23,ER,0.0,True
C05117,P1615,PR0468,F0082,68,M,Commercial,3,2.35,In-Network,Denied,Orthopedics,Surgery,27447,O80,0,1721.6,966.19,0.3,0,2022-11-10,ER,0.0,True
C05151,P7167,PR0433,F0124,59,M,Commercial,6,1.56,Out-of-Network,Adjusted,Gastroenterology,Surgery,99285,E11.65,1,2814.72,1764.86,0.42,1,2022-04-24,Inpatient,0.0,True
C05158,P2564,PR0341,F0051,13,F,Medicare,4,2.63,In-Network,Denied,Primary Care,Primary Care,59400,S83.241A,0,3105.94,3354.89,0.71,7,2023-01-11,Inpatient,0.0,True
C05176,P1101,PR0240,F0102,49,F,Medicare,7,1.29,Out-of-Network,Denied,Primary Care,Primary Care,27447,E11.65,1,2208.92,1098.2,2.87,0,2022-06-14,Outpatient,0.0,True
C05190,P3055,PR0121,F0138,45,M,Medicaid,2,1.82,In-Network,Adjusted,Endocrinology,Gastroenterology,99213,I50.9,1,4246.3,1023.69,7.38,0,2023-01-05,Outpatient,0.331,True
C05205,P5615,PR0036,F0116,23,M,Commercial,8,0.69,In-Network,Paid,Gastroenterology,Labs,99213,I21.4,0,1685.21,1961.99,0.25,0,2023-06-07,ER,0.0,True
C05221,P2314,PR0068,F0180,25,M,Medicaid,7,2.16,In-Network,Adjusted,Gastroenterology,Specialist,59400,K21.9,0,1141.46,1080.06,0.16,2,2022-05-31,Inpatient,0.0,True
C05225,P6806,PR0340,F0141,78,F,Medicaid,1,0.63,Out-of-Network,Paid,OBGYN,Imaging,99213,K21.9,0,1377.9,3414.06,0.27,0,2023-12-31,Outpatient,0.0,True
C05231,P4819,PR0092,F0118,2,F,Medicare,5,1.88,Out-of-Network,Paid,Orthopedics,Surgery,93000,I50.9,1,4098.74,1105.01,1.05,0,2023-03-28,Outpatient,0.331,True
C05232,P7560,PR0404,F0020,54,F,Commercial,10,2.31,Out-of-Network,Adjusted,Neurology,Gastroenterology,59400,O80,0,3614.7,26475.68,0.66,4,2022-05-29,Inpatient,0.0,True
C05236,P4774,PR0238,F0148,28,F,VA,3,1.7,In-Network,Adjusted,Cardiology,Labs,93010,S83.241A,0,2234.45,1434.0,0.58,9,2022-05-30,Inpatient,0.0,True
C05260,P1748,PR0002,F0197,5,M,VA,7,0.56,In-Network,Denied,Cardiology,Primary Care,99213,M17.11,0,3627.72,1370.03,7.71,9,2022-11-15,Inpatient,0.0,True
C05272,P4476,PR0114,F0026,11,M,Medicare,11,1.39,In-Network,Denied,Gastroenterology,Specialist,99213,O80,0,1888.76,2411.27,5.31,0,2023-04-24,Outpatient,0.0,True
C05285,P4169,PR0232,F0033,17,M,Medicare,4,2.16,Out-of-Network,Adjusted,Gastroenterology,Primary Care,59400,O80,0,3062.53,914.88,4.12,0,2022-07-15,ER,0.0,True
C05291,P6277,PR0393,F0130,77,F,Medicare,5,1.15,In-Network,Denied,OBGYN,Specialist,93010,J45.909,1,4702.22,874.57,1.24,0,2023-07-04,Outpatient,0.0,True
C05346,P7658,PR0499,F0098,17,F,VA,2,1.52,Out-of-Network,Denied,Endocrinology,Surgery,73564,J45.909,1,1083.68,967.64,1.77,4,2023-04-02,Inpatient,0.0,True
C05370,P5953,PR0065,F0155,67,M,VA,10,1.63,In-Network,Denied,Neurology,Primary Care,27447,I21.4,0,1543.33,887.97,15.02,0,2023-10-03,Outpatient,0.0,True
C05377,P1881,PR0046,F0185,2,M,Medicare,6,0.37,Out-of-Network,Denied,Gastroenterology,Imaging,93000,G40.909,0,859.82,2373.2,0.11,0,2022-11-17,Outpatient,0.0,True
C05384,P7316,PR0226,F0033,40,M,Medicaid,12,1.83,Out-of-Network,Paid,Primary Care,Imaging,73564,J45.909,1,3901.4,977.04,0.87,2,2023-03-24,Inpatient,0.0,True
C05448,P6043,PR0149,F0116,31,M,Medicaid,9,1.82,In-Network,Denied,Cardiology,Primary Care,95816,O80,0,2297.96,1062.28,2.47,0,2022-04-04,ER,0.0,True
C05453,P6298,PR0048,F0066,83,M,Medicaid,4,1.48,Out-of-Network,Adjusted,OBGYN,Surgery,99214,M17.11,0,2713.93,996.84,0.44,0,2023-09-18,Outpatient,0.0,True
C05471,P4020,PR0005,F0154,55,M,Medicaid,7,1.87,Out-of-Network,Adjusted,Orthopedics,Surgery,59400,I21.4,0,4550.19,825.05,0.7,0,2022-06-07,Outpatient,0.0,True
C05476,P1458,PR0387,F0001,46,M,VA,8,2.79,Out-of-Network,Paid,Cardiology,Labs,99214,S83.241A,0,3333.75,931.45,0.61,0,2022-09-27,ER,0.0,True
C05481,P3643,PR0486,F0018,40,M,Medicare,3,2.37,Out-of-Network,Denied,OBGYN,Specialist,93010,O80,0,4678.05,1286.7,4.76,0,2022-07-17,Outpatient,0.0,True
C05494,P7799,PR0489,F0088,58,F,Medicaid,1,2.13,In-Network,Adjusted,Dermatology,Primary Care,95816,E11.65,1,3203.12,1454.85,0.73,0,2023-12-24,ER,0.0,True
C05500,P3362,PR0284,F0119,40,F,Commercial,9,0.42,Out-of-Network,Adjusted,Neurology,Labs,99285,G40.909,0,806.35,897.37,0.24,10,2022-12-18,Inpatient,0.0,True
C05536,P7571,PR0023,F0140,68,F,VA,5,2.7,Out-of-Network,Denied,Neurology,Primary Care,95816,S83.241A,0,3754.94,2210.34,0.75,0,2022-11-22,Outpatient,0.0,True
C05541,P2331,PR0121,F0112,1,F,Medicare,10,1.59,Out-of-Network,Denied,OBGYN,Primary Care,93010,J45.909,1,2150.96,981.6,0.65,0,2022-04-12,Outpatient,0.0,True
C05542,P3555,PR0009,F0116,84,M,Commercial,3,2.19,Out-of-Network,Denied,Orthopedics,Primary Care,59400,O80,0,425.08,962.87,0.06,0,2022-07-13,ER,0.0,True
C05547,P2242,PR0202,F0191,81,F,Medicare,3,2.9,Out-of-Network,Denied,Cardiology,Specialist,99285,M17.11,0,195.05,1388.35,0.11,3,2023-10-18,Inpatient,0.0,True
C05581,P3201,PR0056,F0184,6,F,Medicare,10,2.99,In-Network,Denied,Neurology,Imaging,95250,I21.4,0,2943.55,1212.29,0.41,0,2022-12-23,Outpatient,0.0,True
C05583,P3849,PR0392,F0016,49,M,Medicare,2,1.76,Out-of-Network,Paid,Primary Care,Surgery,99213,E11.9,1,961.51,937.8,0.67,10,2023-06-07,Inpatient,0.104,True
C05590,P0824,PR0258,F0033,65,F,VA,2,1.9,In-Network,Adjusted,Cardiology,Labs,99214,G40.909,0,3569.96,845.83,0.83,0,2022-03-09,Outpatient,0.0,True
C05612,P4050,PR0301,F0162,20,M,VA,5,2.01,In-Network,Paid,Endocrinology,Specialist,99285,I21.4,0,592.53,1060.52,0.09,0,2022-07-11,Outpatient,0.0,True
C05625,P0505,PR0039,F0117,40,F,Commercial,8,0.5,In-Network,Adjusted,Neurology,Imaging,99214,G40.909,0,1746.84,1008.19,0.4,3,2022-07-11,Inpatient,0.0,True
C05637,P6712,PR0044,F0056,13,M,Medicaid,10,1.42,Out-of-Network,Paid,Primary Care,Surgery,93010,O80,0,2352.6,1457.84,0.7,0,2022-05-07,ER,0.0,True
C05648,P1987,PR0128,F0120,35,F,Medicare,6,2.75,Out-of-Network,Denied,OBGYN,Labs,93010,O80,0,2660.75,869.73,0.57,0,2022-03-14,Outpatient,0.0,True
C05649,P4443,PR0339,F0156,39,M,VA,8,0.97,Out-of-Network,Adjusted,OBGYN,Labs,95816,I50.9,1,1987.47,771.08,3.41,0,2023-10-11,Outpatient,0.331,True
C05671,P6853,PR0459,F0104,37,M,Commercial,3,1.55,In-Network,Adjusted,Neurology,Imaging,59400,G40.909,0,84.65,2202.65,0.04,0,2023-02-27,Outpatient,0.0,True
C05674,P6885,PR0157,F0034,43,M,Commercial,10,0.73,Out-of-Network,Denied,Primary Care,Imaging,59400,M17.11,0,4251.73,3054.38,0.56,0,2023-01-24,ER,0.0,True
C05695,P1259,PR0102,F0154,62,F,VA,3,0.88,In-Network,Adjusted,Endocrinology,Surgery,95250,K21.9,0,4000.09,1003.28,0.81,0,2023-05-23,ER,0.0,True
C05710,P2563,PR0039,F0081,0,F,Commercial,12,2.8,In-Network,Adjusted,Cardiology,Imaging,93000,M17.11,0,946.96,1210.43,0.17,9,2023-07-08,Inpatient,0.0,True
C05722,P5813,PR0145,F0199,61,M,Medicaid,11,0.78,Out-of-Network,Denied,Cardiology,Gastroenterology,93000,M17.11,0,279.18,1014.5,0.04,0,2022-09-28,Outpatient,0.0,True
C05771,P3743,PR0265,F0155,43,F,Medicare,9,0.51,In-Network,Adjusted,Primary Care,Surgery,99214,I50.9,1,3467.19,1198.03,1.03,0,2022-09-17,Outpatient,0.331,True
C05784,P1068,PR0217,F0131,75,M,Medicaid,3,1.13,Out-of-Network,Paid,Cardiology,Labs,95250,M17.11,0,4029.83,1477.67,2.12,10,2023-06-25,Inpatient,0.0,True
C05788,P4783,PR0131,F0002,63,F,Medicaid,7,0.93,Out-of-Network,Adjusted,Primary Care,Primary Care,93010,G40.909,0,1498.46,1264.26,0.65,5,2023-12-11,Inpatient,0.0,True
C05797,P4301,PR0190,F0117,20,F,VA,12,0.84,Out-of-Network,Paid,Endocrinology,Surgery,93000,O80,0,3444.55,4017.04,0.58,0,2022-03-22,Outpatient,0.0,True
C05804,P4981,PR0017,F0066,31,F,Medicaid,2,2.19,In-Network,Denied,Orthopedics,Surgery,95250,I21.4,0,4698.68,1117.55,0.6,4,2023-12-30,Inpatient,0.0,True
C05809,P4121,PR0062,F0085,51,M,VA,1,2.52,Out-of-Network,Adjusted,Primary Care,Imaging,99213,I50.9,1,553.16,2705.46,0.62,9,2023-04-27,Inpatient,0.331,True
C05812,P0236,PR0039,F0031,75,F,Medicare,4,1.37,In-Network,Paid,OBGYN,Primary Care,99214,G40.909,0,1765.47,766.58,0.23,7,2022-06-06,Inpatient,0.0,True
C05847,P5347,PR0432,F0047,25,F,VA,7,1.37,Out-of-Network,Paid,Primary Care,Surgery,99285,I21.4,0,265.7,3385.54,0.07,0,2023-05-12,ER,0.0,True
C05886,P3898,PR0096,F0141,45,F,Medicare,11,1.67,Out-of-Network,Adjusted,Cardiology,Primary Care,95816,M17.11,0,1527.45,965.13,0.43,0,2022-01-29,ER,0.0,True
C05909,P0447,PR0354,F0170,24,M,Medicaid,6,1.97,Out-of-Network,Denied,Endocrinology,Primary Care,27447,M17.11,0,1843.72,964.25,0.46,0,2023-11-09,ER,0.0,True
C05935,P3554,PR0421,F0127,65,F,Medicaid,3,2.1,In-Network,Paid,Neurology,Specialist,73564,G40.909,0,3727.82,966.27,0.49,0,2023-06-24,Outpatient,0.0,True
C05940,P7995,PR0162,F0055,75,M,VA,2,2.41,In-Network,Paid,Gastroenterology,Labs,99285,I50.9,1,4825.49,1688.34,1.92,0,2023-07-03,ER,0.331,True
C05960,P0550,PR0454,F0050,60,F,Medicaid,9,2.31,In-Network,Adjusted,Primary Care,Surgery,59400,E11.65,1,1617.23,1413.49,0.29,0,2023-03-06,ER,0.0,True
C05962,P2885,PR0455,F0184,39,M,Medicaid,8,2.86,In-Network,Adjusted,Neurology,Labs,95816,I21.4,0,3884.51,1488.16,1.45,0,2023-02-23,ER,0.0,True
C05977,P5694,PR0161,F0099,16,M,Medicare,8,2.18,In-Network,Denied,Endocrinology,Surgery,27447,K21.9,0,2735.11,947.01,0.35,0,2022-11-02,ER,0.0,True
C05982,P2819,PR0002,F0172,22,M,Medicaid,11,2.78,In-Network,Adjusted,Orthopedics,Specialist,59400,G40.909,0,1792.56,918.97,0.74,0,2023-10-12,Outpatient,0.0,True
C05983,P1495,PR0443,F0098,33,F,Medicare,2,1.7,Out-of-Network,Denied,Endocrinology,Surgery,93000,K21.9,0,1459.94,1327.92,0.37,0,2023-07-19,ER,0.0,True
C05985,P6763,PR0144,F0149,77,F,Commercial,6,1.32,Out-of-Network,Paid,Dermatology,Imaging,27447,J45.909,1,2900.77,889.27,12.78,0,2023-09-19,ER,0.0,True
C06017,P6362,PR0277,F0077,21,M,Medicare,7,1.69,In-Network,Paid,Orthopedics,Labs,99213,E11.9,1,2846.31,1601.29,0.5,0,2022-11-16,ER,0.104,True
C06023,P0068,PR0458,F0033,87,F,Medicare,4,1.32,In-Network,Adjusted,Cardiology,Labs,27447,I21.4,0,1984.76,2191.15,0.34,0,2022-10-01,Outpatient,0.0,True
C06043,P6453,PR0165,F0149,69,M,Medicaid,7,2.45,In-Network,Denied,Neurology,Labs,93000,J45.909,1,315.77,1639.28,0.33,0,2023-09-13,ER,0.0,True
C06048,P4658,PR0289,F0079,63,M,VA,3,1.56,Out-of-Network,Paid,Endocrinology,Surgery,95250,J45.909,1,1180.28,839.56,2.45,0,2022-05-13,Outpatient,0.0,True
C06056,P1977,PR0217,F0074,23,F,Medicaid,10,0.58,In-Network,Adjusted,Primary Care,Imaging,99285,M17.11,0,88.75,812.63,0.01,0,2022-07-28,Outpatient,0.0,True
C06059,P3485,PR0029,F0065,12,F,VA,11,2.93,In-Network,Adjusted,Neurology,Imaging,73564,G40.909,0,4823.11,2545.32,0.74,0,2022-06-02,ER,0.0,True
C06064,P5227,PR0367,F0163,1,F,Commercial,3,1.96,Out-of-Network,Adjusted,Orthopedics,Imaging,93010,E11.9,1,2969.61,1974.3,0.53,7,2022-02-24,Inpatient,0.104,True
C06075,P0852,PR0371,F0133,44,M,Medicaid,7,1.65,Out-of-Network,Denied,Primary Care,Primary Care,95250,J45.909,1,2698.92,999.57,0.62,0,2023-08-29,ER,0.0,True
C06081,P3987,PR0241,F0118,29,F,Commercial,3,1.84,Out-of-Network,Adjusted,Orthopedics,Labs,99285,K21.9,0,4548.77,852.9,0.69,0,2023-03-17,Outpatient,0.0,True
C06107,P3720,PR0229,F0110,69,F,Commercial,7,2.66,In-Network,Paid,Gastroenterology,Imaging,73564,E11.65,1,642.32,1877.75,0.11,0,2023-01-20,Outpatient,0.0,True
C06125,P7488,PR0359,F0045,45,F,Commercial,5,1.61,Out-of-Network,Denied,Dermatology,Specialist,95816,J45.909,1,4886.26,837.43,1.72,5,2022-08-10,Inpatient,0.0,True
C06128,P3781,PR0178,F0089,2,F,Medicare,3,1.37,In-Network,Denied,Primary Care,Labs,95250,E11.9,1,4117.36,810.86,1.14,0,2022-11-28,Outpatient,0.104,True
C06133,P1999,PR0420,F0058,74,F,Medicare,4,2.26,In-Network,Adjusted,Orthopedics,Imaging,99285,J45.909,1,4815.67,1174.51,0.75,0,2022-05-12,ER,0.0,True
C06151,P3041,PR0483,F0062,10,M,VA,9,0.48,In-Network,Adjusted,Orthopedics,Imaging,95250,M17.11,0,2527.66,1202.54,0.45,0,2022-10-31,Outpatient,0.0,True
C06165,P4720,PR0450,F0132,27,F,VA,2,1.04,In-Network,Adjusted,Endocrinology,Imaging,93000,S83.241A,0,3000.08,879.57,0.56,0,2022-12-10,ER,0.0,True
C06179,P7707,PR0278,F0114,72,M,Medicare,9,2.98,In-Network,Adjusted,Gastroenterology,Labs,99214,I50.9,1,1782.03,890.16,0.52,0,2022-04-04,Outpatient,0.331,True
C06184,P5914,PR0179,F0093,89,F,Commercial,10,1.47,Out-of-Network,Adjusted,OBGYN,Specialist,93010,E11.65,1,3422.76,1277.83,0.48,2,2022-02-20,Inpatient,0.0,True
C06203,P0284,PR0102,F0200,33,M,Medicaid,7,2.4,In-Network,Denied,Endocrinology,Surgery,93010,S83.241A,0,2872.74,1793.48,4.39,0,2022-07-30,ER,0.0,True
C06204,P0669,PR0133,F0157,19,F,Medicare,12,2.74,Out-of-Network,Paid,Endocrinology,Gastroenterology,99214,E11.9,1,4982.07,27157.29,0.73,6,2022-01-04,Inpatient,0.104,True
C06206,P1110,PR0492,F0016,37,F,Medicaid,9,2.88,In-Network,Paid,OBGYN,Surgery,73564,O80,0,4118.46,881.93,2.25,0,2023-06-22,Outpatient,0.0,True
C06224,P6696,PR0150,F0172,88,F,Medicare,8,1.62,Out-of-Network,Paid,Gastroenterology,Labs,99214,I50.9,1,140.21,1187.82,0.02,0,2023-11-17,ER,0.331,True
C06253,P7649,PR0337,F0142,49,M,VA,12,0.39,Out-of-Network,Paid,Orthopedics,Surgery,95250,E11.9,1,4947.55,2534.83,0.8,0,2022-02-08,ER,0.104,True
C06289,P5934,PR0382,F0010,39,M,VA,8,1.44,Out-of-Network,Adjusted,Neurology,Specialist,27447,G40.909,0,3816.91,771.87,2.58,0,2022-07-24,ER,0.0,True
C06292,P6338,PR0354,F0155,5,M,Medicare,10,1.39,In-Network,Denied,Gastroenterology,Surgery,95816,I21.4,0,255.6,785.86,0.13,0,2022-07-22,ER,0.0,True
C06317,P2599,PR0497,F0185,74,F,VA,11,2.08,In-Network,Denied,Orthopedics,Surgery,27447,S83.241A,0,4987.09,1853.26,0.84,9,2023-10-27,Inpatient,0.0,True
C06351,P2533,PR0033,F0117,67,M,Medicare,11,0.34,In-Network,Adjusted,Gastroenterology,Primary Care,99213,S83.241A,0,97.25,2921.82,0.02,0,2023-05-19,ER,0.0,True
C06357,P5976,PR0419,F0097,43,F,Commercial,1,0.53,In-Network,Denied,Dermatology,Labs,99214,E11.9,1,1944.01,1549.71,0.34,0,2022-11-28,Outpatient,0.104,True
C06366,P5526,PR0075,F0161,14,M,VA,12,2.66,In-Network,Paid,Dermatology,Surgery,99214,J45.909,1,4798.54,1082.84,1.98,0,2023-11-08,Outpatient,0.0,True
C06381,P6408,PR0350,F0017,6,F,Commercial,8,2.64,Out-of-Network,Adjusted,Neurology,Surgery,95816,I50.9,1,3195.11,1419.15,0.98,0,2023-01-08,Outpatient,0.331,True
C06418,P1552,PR0086,F0149,3,F,Commercial,7,2.33,Out-of-Network,Adjusted,Orthopedics,Labs,27447,O80,0,1698.99,793.04,0.28,3,2022-04-17,Inpatient,0.0,True
C06428,P3114,PR0322,F0144,12,F,Commercial,10,2.11,Out-of-Network,Adjusted,Cardiology,Labs,93010,M17.11,0,4151.67,813.09,0.74,0,2022-03-29,Outpatient,0.0,True
C06486,P6087,PR0066,F0032,0,F,VA,1,2.87,In-Network,Paid,Primary Care,Primary Care,59400,I21.4,0,2840.81,2204.88,1.41,0,2022-10-20,Outpatient,0.0,True
C06511,P0389,PR0430,F0115,59,F,VA,6,2.68,In-Network,Paid,Endocrinology,Specialist,95816,G40.909,0,2034.47,855.12,0.34,0,2023-03-24,ER,0.0,True
C06517,P2110,PR0428,F0016,63,F,Medicare,4,1.86,Out-of-Network,Paid,Neurology,Imaging,73564,E11.9,1,4224.18,984.71,0.92,1,2022-12-20,Inpatient,0.104,True
C06533,P4902,PR0067,F0118,12,F,Medicare,10,1.16,Out-of-Network,Adjusted,Gastroenterology,Imaging,99214,E11.65,1,4692.32,845.93,21.94,0,2023-01-02,ER,0.0,True
C06564,P5305,PR0039,F0001,42,F,VA,1,1.48,In-Network,Adjusted,Neurology,Imaging,95816,G40.909,0,2594.69,789.65,4.84,0,2023-07-27,ER,0.0,True
C06567,P2113,PR0400,F0171,54,F,VA,6,0.45,Out-of-Network,Paid,Dermatology,Labs,59400,K21.9,0,4771.07,792.44,1.43,0,2022-01-20,Outpatient,0.0,True
C06573,P5276,PR0459,F0047,53,M,Medicaid,3,0.4,Out-of-Network,Paid,Cardiology,Surgery,93010,E11.65,1,1534.88,1545.35,0.25,0,2023-12-16,ER,0.0,True
C06585,P7907,PR0316,F0156,41,M,VA,1,0.86,In-Network,Adjusted,Cardiology,Specialist,95250,O80,0,772.13,892.64,0.73,7,2023-07-15,Inpatient,0.0,True
C06587,P2801,PR0128,F0183,17,M,Commercial,12,2.78,In-Network,Denied,OBGYN,Imaging,93000,J45.909,1,3629.47,758.36,0.65,0,2022-02-25,ER,0.0,True
C06593,P7232,PR0353,F0096,22,F,Commercial,4,2.38,Out-of-Network,Denied,Primary Care,Labs,99214,E11.9,1,680.38,788.23,0.1,0,2022-06-28,Outpatient,0.104,True
C06600,P3646,PR0013,F0041,79,F,Medicaid,12,1.55,Out-of-Network,Paid,OBGYN,Primary Care,93000,J45.909,1,2546.62,1033.74,0.7,0,2022-04-14,ER,0.0,True
C06614,P4866,PR0404,F0100,62,F,Medicaid,2,2.97,Out-of-Network,Adjusted,Dermatology,Labs,27447,O80,0,4728.99,1630.51,1.25,4,2022-07-12,Inpatient,0.0,True
C06618,P0223,PR0490,F0013,4,F,Commercial,4,0.57,In-Network,Denied,Neurology,Gastroenterology,95816,J45.909,1,443.1,1930.26,3.31,10,2022-12-12,Inpatient,0.0,True
C06628,P6937,PR0049,F0103,90,F,Medicaid,3,2.5,In-Network,Paid,Primary Care,Primary Care,93000,O80,0,1301.02,777.0,0.39,6,2023-01-30,Inpatient,0.0,True
C06642,P4457,PR0401,F0076,48,F,Medicare,9,1.72,Out-of-Network,Paid,Gastroenterology,Imaging,99214,E11.65,1,4889.85,1092.98,2.08,0,2023-09-06,Outpatient,0.0,True
C06646,P2963,PR0184,F0013,54,M,VA,10,1.33,Out-of-Network,Denied,Cardiology,Surgery,59400,I50.9,1,2526.73,1094.97,0.4,0,2023-03-31,ER,0.331,True
C06656,P1522,PR0389,F0125,76,F,VA,8,1.66,In-Network,Paid,Neurology,Specialist,93000,E11.65,1,427.5,1115.16,0.19,0,2023-02-11,Outpatient,0.0,True
C06658,P5184,PR0479,F0038,65,F,Medicare,12,1.31,In-Network,Denied,Cardiology,Primary Care,59400,E11.65,1,934.48,842.32,0.14,0,2023-02-22,ER,0.0,True
C06709,P5041,PR0301,F0085,76,F,VA,9,2.83,In-Network,Adjusted,Gastroenterology,Surgery,95816,I21.4,0,2983.92,782.31,0.41,0,2023-03-03,ER,0.0,True
C06713,P7252,PR0420,F0067,55,M,VA,7,1.28,Out-of-Network,Paid,Endocrinology,Surgery,93010,J45.909,1,2883.88,760.75,0.43,6,2022-07-17,Inpatient,0.0,True
C06719,P1382,PR0393,F0143,84,F,Medicare,11,2.56,Out-of-Network,Paid,Orthopedics,Specialist,99285,E11.9,1,995.45,1037.52,1.82,0,2022-10-17,ER,0.104,True
C06730,P7564,PR0141,F0079,88,F,Commercial,5,1.0,In-Network,Paid,Orthopedics,Primary Care,99285,I50.9,1,4309.12,1079.14,1.11,5,2022-02-13,Inpatient,0.331,True
C06731,P7524,PR0012,F0112,0,M,Commercial,2,2.48,In-Network,Adjusted,Gastroenterology,Primary Care,59400,M17.11,0,2739.01,974.08,0.51,5,2022-12-04,Inpatient,0.0,True
C06739,P5264,PR0190,F0184,79,M,Medicare,3,2.55,Out-of-Network,Adjusted,OBGYN,Imaging,93000,E11.9,1,3259.26,3413.2,0.43,0,2022-07-13,Outpatient,0.104,True
C06759,P7484,PR0496,F0183,18,M,Medicaid,6,1.28,In-Network,Denied,Orthopedics,Surgery,99214,E11.65,1,1058.18,1428.27,0.29,0,2022-07-17,ER,0.0,True
C06764,P4454,PR0478,F0180,73,M,Medicare,11,2.21,In-Network,Paid,Gastroenterology,Imaging,73564,I21.4,0,3770.94,960.31,34.82,8,2022-08-24,Inpatient,0.0,True
C06767,P5049,PR0153,F0047,11,M,VA,10,2.23,In-Network,Paid,OBGYN,Primary Care,95816,E11.65,1,562.4,1533.93,0.44,0,2022-05-09,ER,0.0,True
C06769,P6336,PR0256,F0058,0,M,Medicare,7,2.81,In-Network,Denied,Dermatology,Surgery,95816,S83.241A,0,3694.32,944.42,0.95,2,2022-05-17,Inpatient,0.0,True
C06797,P7399,PR0095,F0121,1,M,Medicaid,2,2.43,In-Network,Adjusted,Primary Care,Labs,59400,I21.4,0,120.06,844.84,0.14,3,2023-08-05,Inpatient,0.0,True
C06798,P0211,PR0172,F0128,34,F,Medicare,4,2.39,Out-of-Network,Denied,Gastroenterology,Primary Care,95816,J45.909,1,4017.3,873.4,0.58,0,2022-06-28,ER,0.0,True
C06804,P6617,PR0086,F0024,39,F,Medicare,9,1.61,Out-of-Network,Adjusted,OBGYN,Primary Care,73564,G40.909,0,2683.38,965.71,0.92,1,2022-04-09,Inpatient,0.0,True
C06821,P2110,PR0283,F0015,16,F,Medicaid,10,1.72,In-Network,Denied,Endocrinology,Primary Care,95250,I21.4,0,990.21,1328.81,0.43,6,2022-11-07,Inpatient,0.0,True
C06822,P6252,PR0114,F0067,41,F,Medicaid,12,1.28,In-Network,Paid,Neurology,Specialist,27447,I21.4,0,1817.76,1134.44,0.58,0,2023-01-01,Outpatient,0.0,True
C06843,P6778,PR0245,F0109,4,F,VA,9,2.15,Out-of-Network,Paid,OBGYN,Surgery,93010,J45.909,1,661.96,1177.41,0.08,0,2022-10-26,ER,0.0,True
C06845,P4904,PR0235,F0169,40,F,Medicare,6,2.71,In-Network,Adjusted,Cardiology,Imaging,99214,K21.9,0,1556.11,2082.29,0.2,0,2022-09-27,Outpatient,0.0,True
C06849,P4629,PR0339,F0081,53,M,VA,8,0.5,Out-of-Network,Paid,Neurology,Gastroenterology,99285,E11.9,1,1601.12,2275.44,0.76,9,2022-12-27,Inpatient,0.104,True
C06856,P7491,PR0041,F0131,78,F,Medicare,3,0.85,In-Network,Paid,Dermatology,Labs,99214,G40.909,0,4269.85,985.89,0.66,0,2022-12-07,ER,0.0,True
C06862,P1304,PR0251,F0113,71,F,Medicare,1,2.15,In-Network,Adjusted,Dermatology,Primary Care,99214,I21.4,0,936.26,1148.71,0.19,0,2022-11-11,ER,0.0,True
C06863,P0452,PR0494,F0174,76,M,Medicare,3,1.36,Out-of-Network,Denied,Endocrinology,Labs,93010,E11.65,1,4287.59,1253.08,0.72,0,2022-06-18,Outpatient,0.0,True
C06888,P2850,PR0158,F0159,68,F,VA,12,2.11,Out-of-Network,Denied,Neurology,Primary Care,99214,I50.9,1,4580.45,1102.76,1.34,3,2023-11-08,Inpatient,0.331,True
C06892,P6051,PR0051,F0118,51,F,Medicaid,10,2.82,Out-of-Network,Adjusted,Gastroenterology,Specialist,95250,I21.4,0,2621.86,6179.89,0.35,5,2023-04-11,Inpatient,0.0,True
C06918,P4118,PR0333,F0127,56,F,Medicaid,9,1.17,In-Network,Adjusted,Gastroenterology,Gastroenterology,59400,M17.11,0,1392.19,2346.08,0.53,10,2022-12-03,Inpatient,0.0,True
C06919,P3434,PR0377,F0141,52,M,Commercial,7,1.0,Out-of-Network,Adjusted,Dermatology,Imaging,73564,O80,0,3352.37,1044.12,4.15,8,2023-11-29,Inpatient,0.0,True
C06937,P2790,PR0430,F0162,87,M,VA,3,2.95,Out-of-Network,Adjusted,Neurology,Labs,99214,J45.909,1,4789.73,770.13,1.13,2,2023-10-06,Inpatient,0.0,True
C06958,P3259,PR0053,F0055,2,F,Medicaid,12,0.77,Out-of-Network,Paid,Dermatology,Specialist,99214,S83.241A,0,3408.72,1103.33,1.43,0,2022-01-07,Outpatient,0.0,True
C06959,P3813,PR0457,F0162,4,F,Commercial,1,2.6,In-Network,Paid,OBGYN,Imaging,93000,O80,0,2239.24,2609.48,0.29,0,2023-03-07,ER,0.0,True
C06973,P5038,PR0269,F0187,33,F,Medicaid,2,1.75,Out-of-Network,Paid,Cardiology,Gastroenterology,95816,K21.9,0,3916.78,1226.6,2.42,0,2022-06-14,Outpatient,0.0,True
C06979,P5432,PR0221,F0192,33,M,Commercial,3,0.88,Out-of-Network,Paid,OBGYN,Specialist,27447,G40.909,0,1607.81,862.86,0.42,0,2022-07-26,Outpatient,0.0,True
C06988,P6892,PR0105,F0065,27,F,Medicaid,1,2.98,Out-of-Network,Denied,Cardiology,Specialist,99214,S83.241A,0,261.89,1467.18,0.1,0,2022-08-16,ER,0.0,True
C07007,P1435,PR0495,F0008,8,M,Commercial,9,2.46,Out-of-Network,Adjusted,Neurology,Imaging,99214,E11.65,1,3531.28,904.98,2.49,0,2022-08-28,Outpatient,0.0,True
C07010,P3068,PR0257,F0062,51,F,Medicaid,1,0.79,In-Network,Paid,Gastroenterology,Labs,99214,I21.4,0,3199.33,767.91,0.66,0,2023-01-24,ER,0.0,True
C07021,P1300,PR0028,F0007,45,F,Commercial,12,2.34,In-Network,Denied,Primary Care,Surgery,59400,G40.909,0,546.19,1406.29,0.08,0,2023-06-11,Outpatient,0.0,True
C07035,P5106,PR0103,F0195,56,M,Medicaid,6,0.36,In-Network,Denied,Cardiology,Labs,73564,J45.909,1,717.48,902.67,0.1,0,2023-12-02,ER,0.0,True
C07059,P6648,PR0017,F0096,28,M,VA,11,2.7,Out-of-Network,Adjusted,Neurology,Imaging,99213,O80,0,477.92,1278.07,0.07,4,2022-09-12,Inpatient,0.0,True
C07061,P5412,PR0239,F0188,65,F,Commercial,3,1.39,In-Network,Denied,Gastroenterology,Labs,27447,K21.9,0,1213.03,842.24,0.56,0,2022-12-10,Outpatient,0.0,True
C07069,P1194,PR0297,F0122,16,F,VA,9,1.58,Out-of-Network,Denied,Dermatology,Primary Care,95816,O80,0,2695.84,902.91,0.58,10,2022-07-06,Inpatient,0.0,True
C07078,P6093,PR0161,F0064,18,F,Commercial,2,1.26,In-Network,Paid,OBGYN,Specialist,99214,I50.9,1,3810.64,1422.04,1.42,6,2022-10-14,Inpatient,0.331,True
C07092,P2098,PR0257,F0025,55,F,Commercial,12,1.28,In-Network,Denied,Gastroenterology,Specialist,95250,J45.909,1,386.75,969.83,0.05,0,2022-11-03,Outpatient,0.0,True
C07097,P3248,PR0303,F0065,66,F,Medicare,11,2.06,Out-of-Network,Denied,Cardiology,Specialist,27447,E11.9,1,3633.43,2726.56,0.98,2,2022-02-28,Inpatient,0.104,True
C07117,P7007,PR0365,F0060,24,F,VA,11,0.96,Out-of-Network,Paid,Dermatology,Labs,27447,E11.9,1,462.03,1046.49,0.14,0,2023-04-05,Outpatient,0.104,True
C07167,P0960,PR0248,F0037,25,F,Medicare,3,1.53,Out-of-Network,Adjusted,Orthopedics,Primary Care,99214,G40.909,0,103.08,1209.41,0.02,10,2022-02-11,Inpatient,0.0,True
C07188,P4120,PR0396,F0178,48,M,VA,12,1.73,In-Network,Denied,Orthopedics,Primary Care,73564,E11.9,1,3073.43,1512.67,0.52,3,2023-11-23,Inpatient,0.104,True
C07199,P1440,PR0427,F0059,29,M,Medicaid,5,0.36,In-Network,Paid,Dermatology,Primary Care,73564,O80,0,2579.0,1070.08,1.45,0,2022-12-25,ER,0.0,True
C07208,P7257,PR0082,F0073,2,M,Medicaid,9,0.43,In-Network,Paid,Orthopedics,Surgery,95250,G40.909,0,3013.19,804.0,1.08,5,2023-05-27,Inpatient,0.0,True
C07211,P7721,PR0078,F0062,77,M,Medicaid,2,0.57,In-Network,Paid,Orthopedics,Surgery,93010,E11.9,1,4260.1,1934.13,1.55,0,2023-02-18,ER,0.104,True
C07218,P1486,PR0400,F0188,61,F,VA,2,0.98,Out-of-Network,Denied,Dermatology,Imaging,73564,E11.65,1,654.12,858.51,0.11,0,2023-04-27,ER,0.0,True
C07224,P0184,PR0474,F0052,85,M,Medicare,2,2.72,Out-of-Network,Paid,Orthopedics,Imaging,95250,S83.241A,0,4236.1,4095.65,4.47,0,2023-03-21,Outpatient,0.0,True
C07232,P5038,PR0125,F0112,38,F,VA,10,2.07,In-Network,Denied,Neurology,Primary Care,27447,J45.909,1,2435.8,980.0,0.4,0,2022-05-08,ER,0.0,True
C07256,P6029,PR0331,F0123,2,M,Medicaid,9,0.83,In-Network,Adjusted,Gastroenterology,Labs,73564,K21.9,0,1581.26,1118.53,1.32,0,2023-01-11,Outpatient,0.0,True
C07260,P0393,PR0419,F0055,85,M,Medicaid,3,0.69,Out-of-Network,Denied,Gastroenterology,Labs,99213,E11.9,1,3372.76,2105.63,0.69,0,2022-09-01,ER,0.104,True
C07261,P1894,PR0309,F0029,56,F,VA,6,1.57,In-Network,Paid,Primary Care,Labs,59400,O80,0,1115.09,1317.69,0.68,0,2022-03-04,Outpatient,0.0,True
C07275,P6922,PR0350,F0036,81,M,VA,11,1.5,In-Network,Paid,Orthopedics,Surgery,95816,O80,0,1105.25,762.37,0.31,0,2023-01-31,ER,0.0,True
C07283,P7796,PR0015,F0193,28,F,Commercial,4,1.01,In-Network,Adjusted,Orthopedics,Labs,59400,M17.11,0,4918.81,1295.84,2.35,4,2023-02-08,Inpatient,0.0,True
C07308,P7931,PR0410,F0107,57,F,Commercial,9,1.47,Out-of-Network,Denied,Gastroenterology,Specialist,93000,I21.4,0,250.02,762.32,0.1,0,2022-02-03,Outpatient,0.0,True
C07316,P0991,PR0383,F0062,85,F,Commercial,4,2.31,In-Network,Denied,Endocrinology,Imaging,95816,I21.4,0,3117.51,844.88,2.2,0,2022-05-29,ER,0.0,True
C07331,P7157,PR0469,F0061,40,M,Medicare,9,0.98,Out-of-Network,Denied,Orthopedics,Primary Care,27447,M17.11,0,822.67,3439.39,0.12,0,2023-11-13,ER,0.0,True
C07333,P4946,PR0173,F0055,80,F,Medicaid,9,0.72,In-Network,Adjusted,Cardiology,Imaging,27447,M17.11,0,1647.52,1937.76,0.23,3,2022-07-05,Inpatient,0.0,True
C07350,P5167,PR0299,F0030,49,M,Medicare,1,2.1,In-Network,Paid,Cardiology,Imaging,93010,E11.9,1,284.79,749.54,1.05,1,2022-05-16,Inpatient,0.104,True
C07360,P7043,PR0379,F0181,63,F,Commercial,11,2.74,Out-of-Network,Adjusted,Orthopedics,Gastroenterology,95816,O80,0,1443.8,1265.89,0.37,10,2022-06-18,Inpatient,0.0,True
C07367,P3532,PR0015,F0098,6,F,Commercial,2,1.31,In-Network,Denied,OBGYN,Specialist,95250,E11.9,1,2665.04,1020.41,2.23,5,2023-11-17,Inpatient,0.104,True
C07376,P6309,PR0131,F0096,35,M,Medicaid,11,2.9,Out-of-Network,Denied,Gastroenterology,Primary Care,27447,E11.65,1,2829.29,1302.9,0.7,6,2023-02-09,Inpatient,0.0,True
C07406,P0935,PR0084,F0068,16,F,Medicaid,10,2.52,Out-of-Network,Denied,OBGYN,Surgery,99213,I21.4,0,3989.95,958.72,0.55,0,2023-10-02,Outpatient,0.0,True
C07415,P3373,PR0482,F0193,54,F,Commercial,5,2.2,Out-of-Network,Paid,Cardiology,Specialist,95816,I50.9,1,531.13,1787.89,0.14,8,2023-01-02,Inpatient,0.331,True
C07441,P7312,PR0021,F0050,15,F,VA,1,1.94,Out-of-Network,Denied,Gastroenterology,Labs,93000,K21.9,0,2286.26,1058.82,0.31,0,2023-12-22,Outpatient,0.0,True
C07442,P7283,PR0430,F0125,20,M,VA,11,1.95,In-Network,Adjusted,OBGYN,Primary Care,99285,I21.4,0,4445.99,2957.82,1.31,0,2022-07-08,ER,0.0,True
C07446,P4683,PR0115,F0026,41,M,Medicaid,11,2.74,Out-of-Network,Adjusted,OBGYN,Specialist,93010,O80,0,1916.38,814.63,2.57,7,2023-09-12,Inpatient,0.0,True
C07465,P6675,PR0265,F0171,45,M,Commercial,11,1.47,Out-of-Network,Denied,Dermatology,Imaging,93000,I50.9,1,3265.03,1497.12,1.31,8,2022-11-29,Inpatient,0.331,True
C07476,P3492,PR0114,F0020,42,M,VA,2,0.71,In-Network,Paid,Endocrinology,Specialist,93000,S83.241A,0,2046.24,1022.82,0.74,0,2023-09-04,Outpatient,0.0,True
C07479,P2904,PR0197,F0047,88,F,Commercial,5,1.15,In-Network,Paid,Dermatology,Surgery,95816,I21.4,0,1721.32,1234.73,1.09,0,2022-08-05,ER,0.0,True
C07498,P6174,PR0433,F0065,24,F,Commercial,10,0.92,In-Network,Paid,Neurology,Primary Care,99214,M17.11,0,4529.12,1517.1,3.55,0,2023-09-17,ER,0.0,True
C07501,P6758,PR0187,F0122,20,F,Medicaid,2,0.83,In-Network,Adjusted,Neurology,Labs,93000,E11.65,1,838.59,1018.1,0.11,6,2023-08-23,Inpatient,0.0,True
C07511,P4403,PR0456,F0056,82,M,Commercial,11,2.94,In-Network,Paid,Dermatology,Specialist,99213,E11.9,1,428.06,1037.8,0.06,0,2023-03-23,ER,0.104,True
C07512,P7646,PR0279,F0006,60,F,Commercial,8,2.47,Out-of-Network,Denied,Dermatology,Imaging,99213,J45.909,1,4757.89,2007.89,1.26,0,2023-07-25,ER,0.0,True
C07517,P5818,PR0358,F0122,16,F,Medicaid,12,2.33,Out-of-Network,Denied,Primary Care,Specialist,95816,M17.11,0,3197.04,1078.05,2.11,0,2023-10-14,ER,0.0,True
C07550,P6613,PR0471,F0169,86,M,Medicare,12,0.82,Out-of-Network,Adjusted,Neurology,Labs,99285,O80,0,3129.67,972.38,0.73,0,2022-01-06,ER,0.0,True
C07552,P4830,PR0407,F0118,85,M,Commercial,6,1.66,Out-of-Network,Paid,Cardiology,Imaging,95816,S83.241A,0,3615.74,1233.07,11.85,0,2022-06-27,ER,0.0,True
C07574,P4415,PR0188,F0146,52,F,Medicare,10,1.18,In-Network,Adjusted,OBGYN,Labs,99214,K21.9,0,1502.73,799.31,0.2,7,2022-07-30,Inpatient,0.0,True
C07595,P2937,PR0083,F0055,79,F,VA,1,0.34,In-Network,Denied,Orthopedics,Imaging,93000,M17.11,0,738.79,770.43,0.11,10,2023-11-01,Inpatient,0.0,True
C07615,P1656,PR0357,F0054,78,M,Commercial,3,1.62,Out-of-Network,Paid,Endocrinology,Primary Care,99214,E11.65,1,2550.1,816.53,0.43,0,2023-12-03,ER,0.0,True
C07618,P3821,PR0425,F0140,17,F,Medicare,1,1.52,Out-of-Network,Denied,Neurology,Specialist,99285,I21.4,0,2098.67,808.38,0.3,10,2022-06-17,Inpatient,0.0,True
C07625,P4043,PR0391,F0082,59,F,VA,7,2.67,In-Network,Adjusted,Endocrinology,Gastroenterology,99285,E11.9,1,4732.25,2757.04,1.29,10,2023-03-11,Inpatient,0.104,True
C07635,P1370,PR0037,F0090,10,F,Medicare,2,2.88,Out-of-Network,Paid,Neurology,Labs,73564,I50.9,1,96.16,1155.21,0.02,8,2023-10-31,Inpatient,0.331,True
C07639,P0894,PR0394,F0167,62,F,Medicaid,4,1.19,Out-of-Network,Denied,OBGYN,Surgery,93010,J45.909,1,2167.52,761.71,0.85,5,2022-06-09,Inpatient,0.0,True
C07648,P7659,PR0030,F0007,81,F,Medicare,7,1.75,In-Network,Denied,OBGYN,Specialist,93010,E11.9,1,4604.59,1400.36,1.32,0,2022-06-23,ER,0.104,True
C07657,P1340,PR0073,F0096,78,F,Medicaid,3,2.24,In-Network,Denied,Neurology,Imaging,95816,O80,0,3706.82,828.78,0.83,0,2023-07-08,Outpatient,0.0,True
C07684,P1557,PR0287,F0045,79,F,Medicaid,4,0.98,In-Network,Denied,Primary Care,Imaging,27447,G40.909,0,3007.85,847.49,0.43,0,2022-12-29,Outpatient,0.0,True
C07693,P3903,PR0078,F0070,8,F,Medicare,2,1.81,Out-of-Network,Paid,Dermatology,Surgery,93000,E11.9,1,3719.81,806.74,4.42,4,2022-03-03,Inpatient,0.104,True
C07696,P0200,PR0448,F0073,55,M,Commercial,2,2.53,In-Network,Paid,Orthopedics,Primary Care,59400,M17.11,0,2838.08,777.12,0.97,0,2022-07-23,Outpatient,0.0,True
C07707,P4159,PR0036,F0011,63,M,Commercial,9,0.75,Out-of-Network,Adjusted,Orthopedics,Labs,95816,M17.11,0,3391.36,876.45,0.56,0,2023-05-16,ER,0.0,True
C07722,P0747,PR0285,F0028,22,F,Commercial,2,2.07,In-Network,Paid,Neurology,Specialist,99214,I50.9,1,3100.18,763.7,2.55,0,2022-07-30,ER,0.331,True
C07725,P2903,PR0331,F0022,74,M,Medicare,9,1.54,Out-of-Network,Denied,Cardiology,Surgery,99213,I50.9,1,1515.11,931.89,2.65,3,2022-08-10,Inpatient,0.331,True
C07731,P3410,PR0072,F0010,71,F,VA,3,1.99,Out-of-Network,Adjusted,OBGYN,Surgery,73564,G40.909,0,3666.97,847.88,2.05,0,2023-06-02,Outpatient,0.0,True
C07737,P6042,PR0106,F0189,65,F,Medicaid,6,0.58,In-Network,Adjusted,Primary Care,Specialist,93000,I21.4,0,2998.24,2725.29,0.49,0,2022-07-27,ER,0.0,True
C07758,P1589,PR0187,F0159,0,F,VA,2,2.93,Out-of-Network,Denied,Orthopedics,Labs,95816,I21.4,0,2521.69,1840.21,1.02,0,2022-07-22,Outpatient,0.0,True
C07765,P6835,PR0219,F0171,6,M,Medicaid,11,1.2,In-Network,Adjusted,Dermatology,Imaging,27447,I50.9,1,2146.59,786.7,7.53,0,2023-08-05,Outpatient,0.331,True
C07767,P6480,PR0019,F0193,85,F,VA,5,1.29,Out-of-Network,Denied,Primary Care,Specialist,59400,O80,0,1450.9,2437.73,0.21,0,2022-03-08,ER,0.0,True
C07784,P3620,PR0379,F0196,49,F,VA,1,2.57,In-Network,Denied,Cardiology,Imaging,95250,E11.9,1,4409.11,2457.4,1.21,2,2023-09-27,Inpatient,0.104,True
C07808,P6615,PR0249,F0135,4,M,VA,6,1.29,Out-of-Network,Paid,Dermatology,Labs,99285,E11.65,1,2666.9,1015.44,0.57,6,2023-08-11,Inpatient,0.0,True
C07809,P5603,PR0058,F0049,71,M,Medicaid,3,1.0,Out-of-Network,Adjusted,Orthopedics,Primary Care,99213,O80,0,2010.22,933.79,0.74,0,2022-08-31,Outpatient,0.0,True
C07845,P3045,PR0440,F0002,30,F,VA,3,1.03,In-Network,Paid,Dermatology,Specialist,99214,I50.9,1,2611.89,891.55,0.76,0,2023-07-28,ER,0.331,True
C07846,P3505,PR0389,F0137,75,M,Medicare,12,0.33,In-Network,Paid,Endocrinology,Labs,99213,E11.65,1,299.03,784.63,0.1,1,2023-09-22,Inpatient,0.0,True
C07851,P1512,PR0283,F0054,73,F,Commercial,2,1.17,In-Network,Denied,Neurology,Primary Care,99213,I21.4,0,1738.52,1342.69,1.8,0,2023-11-09,ER,0.0,True
C07861,P4236,PR0444,F0132,61,F,VA,2,0.97,Out-of-Network,Adjusted,OBGYN,Imaging,73564,G40.909,0,2367.3,1414.02,0.31,0,2022-04-03,ER,0.0,True
C07871,P5476,PR0439,F0163,23,F,Medicare,2,1.78,In-Network,Adjusted,Dermatology,Surgery,73564,K21.9,0,3389.15,834.48,2.7,0,2023-02-06,ER,0.0,True
C07872,P1459,PR0500,F0047,65,M,Medicare,12,0.94,Out-of-Network,Paid,Endocrinology,Labs,27447,E11.65,1,3770.33,1215.07,1.98,10,2022-05-30,Inpatient,0.0,True
C07873,P7479,PR0418,F0186,49,M,Medicare,5,1.53,Out-of-Network,Paid,Gastroenterology,Labs,99214,J45.909,1,2107.78,3181.83,0.29,0,2023-11-13,ER,0.0,True
C07875,P3725,PR0123,F0027,37,F,Medicare,1,1.53,Out-of-Network,Denied,Orthopedics,Primary Care,95816,K21.9,0,3773.2,3054.04,0.49,1,2022-06-20,Inpatient,0.0,True
C07938,P7469,PR0277,F0029,49,F,Medicaid,7,1.73,Out-of-Network,Adjusted,Cardiology,Labs,93000,K21.9,0,1238.61,2036.07,0.51,4,2022-09-24,Inpatient,0.0,True
C07939,P0761,PR0011,F0032,54,F,VA,1,0.77,Out-of-Network,Denied,Neurology,Labs,95250,J45.909,1,404.12,808.72,0.1,0,2023-11-14,ER,0.0,True
C07956,P6501,PR0027,F0056,76,M,Medicare,6,2.04,In-Network,Denied,Endocrinology,Surgery,27447,I21.4,0,3506.92,1479.42,1.33,0,2023-04-23,ER,0.0,True
C07958,P2719,PR0082,F0161,75,M,Medicare,9,1.55,In-Network,Adjusted,Endocrinology,Surgery,99213,J45.909,1,1368.03,1570.46,0.57,10,2022-06-07,Inpatient,0.0,True
C07962,P0438,PR0055,F0161,55,M,Medicare,9,1.32,In-Network,Denied,Cardiology,Labs,95250,M17.11,0,4800.62,931.77,1.52,5,2023-07-06,Inpatient,0.0,True
C07971,P4796,PR0436,F0077,17,M,Medicare,11,0.44,In-Network,Denied,Neurology,Surgery,27447,I50.9,1,4013.84,895.51,0.98,0,2023-09-02,Outpatient,0.331,True
C07984,P4956,PR0289,F0141,84,F,Medicaid,3,0.99,In-Network,Paid,Dermatology,Primary Care,93000,E11.9,1,1060.17,1199.04,0.21,10,2022-07-01,Inpatient,0.104,True
C07993,P3983,PR0047,F0099,37,F,Medicare,9,2.21,In-Network,Denied,Gastroenterology,Imaging,59400,I50.9,1,458.45,933.52,0.12,0,2023-09-26,ER,0.331,True
C07996,P5545,PR0371,F0134,80,M,Medicare,11,2.12,In-Network,Denied,Cardiology,Labs,95816,S83.241A,0,4412.23,1652.19,2.68,6,2022-08-24,Inpatient,0.0,True
C07999,P7276,PR0209,F0042,44,F,Commercial,11,1.74,Out-of-Network,Adjusted,Endocrinology,Imaging,73564,I21.4,0,3913.81,946.63,0.62,0,2022-03-06,Outpatient,0.0,True
C08000,P7027,PR0046,F0130,16,F,VA,3,0.68,Out-of-Network,Adjusted,Gastroenterology,Surgery,93000,I21.4,0,1127.56,1447.77,0.35,0,2023-01-02,Outpatient,0.0,True
C08006,P6547,PR0396,F0139,57,M,Medicare,5,0.94,Out-of-Network,Denied,Neurology,Gastroenterology,93000,G40.909,0,4374.12,26287.09,0.55,0,2022-04-29,ER,0.0,True
C08008,P1709,PR0199,F0047,64,F,VA,12,1.49,In-Network,Denied,Gastroenterology,Labs,99214,E11.65,1,1423.56,810.79,0.2,0,2023-07-06,ER,0.0,True
C08019,P0287,PR0437,F0079,74,M,Medicare,2,1.39,In-Network,Paid,Orthopedics,Specialist,99214,E11.65,1,697.99,1511.71,0.09,10,2022-08-13,Inpatient,0.0,True
C08032,P4513,PR0003,F0162,12,M,Commercial,11,2.75,In-Network,Adjusted,Dermatology,Labs,93000,O80,0,2577.69,813.99,0.63,0,2023-05-13,ER,0.0,True
C08036,P6337,PR0021,F0091,74,M,Medicare,6,2.48,In-Network,Denied,Neurology,Surgery,99213,O80,0,3887.1,1319.99,0.68,0,2023-04-20,Outpatient,0.0,True
C08040,P6506,PR0105,F0067,25,M,Commercial,10,2.89,In-Network,Denied,Neurology,Surgery,99285,S83.241A,0,2878.98,1726.82,23.57,3,2023-10-10,Inpatient,0.0,True
C08096,P5435,PR0213,F0113,38,F,Commercial,4,0.8,Out-of-Network,Adjusted,Primary Care,Imaging,59400,K21.9,0,3650.57,2531.76,2.35,0,2023-07-08,Outpatient,0.0,True
C08121,P5611,PR0376,F0142,52,F,Medicare,2,2.33,Out-of-Network,Adjusted,Dermatology,Gastroenterology,99285,G40.909,0,2631.36,18021.12,0.93,0,2023-12-08,Outpatient,0.0,True
C08134,P0286,PR0275,F0096,56,M,Medicare,4,1.55,Out-of-Network,Adjusted,Endocrinology,Specialist,27447,O80,0,3739.15,1132.93,2.37,0,2022-03-03,Outpatient,0.0,True
C08136,P1635,PR0136,F0063,74,F,Medicaid,6,0.31,In-Network,Denied,Primary Care,Gastroenterology,59400,I50.9,1,2817.94,31100.7,3.71,0,2023-02-28,Outpatient,0.331,True
C08148,P1125,PR0286,F0188,53,F,Commercial,9,2.28,In-Network,Adjusted,Orthopedics,Surgery,95250,G40.909,0,2057.73,957.8,0.57,0,2022-11-19,Outpatient,0.0,True
C08166,P2640,PR0257,F0057,79,F,Medicare,6,0.57,Out-of-Network,Adjusted,OBGYN,Primary Care,99213,E11.65,1,1568.29,3614.87,0.21,0,2023-04-24,Outpatient,0.0,True
C08167,P6853,PR0362,F0199,37,M,Commercial,4,1.36,In-Network,Denied,OBGYN,Labs,27447,I50.9,1,3509.87,1038.84,0.9,2,2022-02-05,Inpatient,0.331,True
C08177,P4856,PR0267,F0063,57,M,VA,2,2.96,In-Network,Denied,Endocrinology,Primary Care,99213,O80,0,2933.73,897.94,3.84,7,2023-07-06,Inpatient,0.0,True
C08178,P7024,PR0207,F0023,82,F,Medicaid,8,2.06,In-Network,Denied,Neurology,Surgery,95250,J45.909,1,1262.2,835.75,0.27,0,2023-02-02,ER,0.0,True
C08198,P7742,PR0220,F0093,38,M,Medicaid,11,1.14,In-Network,Denied,Endocrinology,Primary Care,95250,S83.241A,0,423.81,1447.14,0.07,2,2022-12-07,Inpatient,0.0,True
C08199,P7715,PR0163,F0190,34,F,VA,1,1.76,In-Network,Denied,Endocrinology,Labs,93010,S83.241A,0,3058.93,1646.6,2.19,0,2023-01-02,ER,0.0,True
C08217,P4632,PR0155,F0122,78,F,Medicaid,7,2.24,Out-of-Network,Denied,OBGYN,Imaging,27447,S83.241A,0,3284.18,800.69,0.49,5,2022-01-30,Inpatient,0.0,True
C08228,P5132,PR0493,F0033,78,M,VA,6,0.31,In-Network,Adjusted,Orthopedics,Primary Care,95816,E11.65,1,3711.68,1612.81,0.89,0,2022-05-12,ER,0.0,True
C08232,P1200,PR0401,F0067,15,M,Medicare,6,2.74,In-Network,Adjusted,Neurology,Gastroenterology,95250,M17.11,0,1025.85,19802.51,0.15,0,2023-03-10,ER,0.0,True
C08239,P2533,PR0021,F0029,42,F,VA,6,0.47,Out-of-Network,Denied,Endocrinology,Imaging,95816,I50.9,1,1420.41,912.21,0.5,1,2023-03-12,Inpatient,0.331,True
C08249,P5343,PR0090,F0121,89,M,VA,2,1.63,Out-of-Network,Adjusted,Primary Care,Specialist,95250,M17.11,0,4583.31,5310.19,0.65,2,2023-03-22,Inpatient,0.0,True
C08262,P1191,PR0262,F0131,15,M,Medicare,6,2.55,Out-of-Network,Denied,Dermatology,Surgery,99285,O80,0,4666.45,1010.67,0.97,0,2023-10-10,Outpatient,0.0,True
C08277,P2655,PR0091,F0193,74,F,VA,3,1.2,Out-of-Network,Paid,Orthopedics,Surgery,93010,K21.9,0,1694.87,2121.49,0.54,5,2023-04-13,Inpatient,0.0,True
C08292,P1271,PR0113,F0183,9,M,Medicare,4,0.44,Out-of-Network,Paid,Neurology,Surgery,27447,O80,0,4248.33,1653.57,0.72,0,2023-10-11,Outpatient,0.0,True
C08294,P4096,PR0099,F0042,72,M,Commercial,7,2.94,Out-of-Network,Paid,Primary Care,Primary Care,59400,I21.4,0,2274.37,1620.38,1.01,0,2022-04-26,ER,0.0,True
C08297,P2290,PR0405,F0188,88,M,Medicaid,8,2.59,Out-of-Network,Paid,Neurology,Surgery,99214,K21.9,0,4238.55,1305.16,0.74,0,2023-09-09,Outpatient,0.0,True
C08301,P4185,PR0202,F0191,83,M,VA,4,2.23,Out-of-Network,Denied,OBGYN,Specialist,27447,J45.909,1,721.54,775.76,0.13,2,2022-10-10,Inpatient,0.0,True
C08308,P3478,PR0100,F0109,70,M,Commercial,2,1.72,In-Network,Paid,Primary Care,Labs,95250,I50.9,1,2112.11,1226.12,3.52,0,2022-06-13,ER,0.331,True
C08312,P1546,PR0030,F0029,58,M,Commercial,12,2.27,Out-of-Network,Denied,Neurology,Labs,99214,O80,0,880.13,2692.78,0.39,0,2022-07-29,Outpatient,0.0,True
C08323,P5421,PR0268,F0154,87,F,VA,8,2.67,In-Network,Paid,Orthopedics,Primary Care,93010,M17.11,0,4258.76,1105.03,1.93,0,2023-01-29,ER,0.0,True
C08324,P7182,PR0421,F0194,58,F,Commercial,9,0.44,Out-of-Network,Denied,Primary Care,Labs,99285,S83.241A,0,717.5,935.83,0.4,0,2022-11-02,ER,0.0,True
C08326,P7527,PR0374,F0124,78,M,Medicare,9,0.51,In-Network,Paid,Endocrinology,Imaging,99285,E11.9,1,1083.81,956.17,2.16,0,2022-05-27,Outpatient,0.104,True
C08343,P2418,PR0256,F0091,21,F,Medicare,10,0.8,Out-of-Network,Denied,Endocrinology,Surgery,99285,K21.9,0,4101.25,2400.84,33.14,0,2022-03-04,ER,0.0,True
C08355,P3725,PR0363,F0100,25,F,Commercial,11,0.32,Out-of-Network,Denied,Dermatology,Primary Care,99285,M17.11,0,3513.96,1625.3,1.02,0,2022-11-06,Outpatient,0.0,True
C08369,P5682,PR0402,F0017,90,M,Medicaid,2,2.8,In-Network,Denied,Cardiology,Gastroenterology,95250,S83.241A,0,4489.65,921.89,0.64,0,2023-04-06,Outpatient,0.0,True
C08387,P0263,PR0354,F0065,40,M,Medicare,8,2.8,Out-of-Network,Paid,Endocrinology,Primary Care,73564,O80,0,721.92,925.31,0.11,0,2023-03-15,Outpatient,0.0,True
C08393,P1887,PR0324,F0060,47,M,Medicaid,2,1.09,In-Network,Paid,Neurology,Imaging,99213,M17.11,0,3377.98,874.93,19.93,7,2022-06-20,Inpatient,0.0,True
C08407,P4384,PR0036,F0019,54,M,Medicare,1,1.31,Out-of-Network,Adjusted,Dermatology,Imaging,93010,K21.9,0,234.85,1411.03,0.03,0,2022-06-10,ER,0.0,True
C08430,P6297,PR0202,F0016,15,F,Commercial,9,2.4,In-Network,Denied,Dermatology,Gastroenterology,99213,E11.65,1,3362.78,38191.25,0.5,0,2023-12-06,Outpatient,0.0,True
C08448,P1274,PR0288,F0079,89,M,Medicare,4,1.13,In-Network,Adjusted,Cardiology,Surgery,99213,I50.9,1,4325.63,1651.77,0.67,0,2023-04-22,Outpatient,0.331,True
C08460,P4383,PR0141,F0055,12,M,VA,11,1.45,Out-of-Network,Paid,OBGYN,Labs,99214,I21.4,0,4903.76,888.49,2.23,8,2023-08-09,Inpatient,0.0,True
C08472,P3462,PR0388,F0189,81,F,Commercial,6,1.86,Out-of-Network,Paid,Gastroenterology,Primary Care,93010,E11.65,1,973.09,843.49,0.19,0,2023-11-28,Outpatient,0.0,True
C08479,P4840,PR0006,F0187,46,M,Medicaid,10,1.83,Out-of-Network,Adjusted,Cardiology,Imaging,95816,I21.4,0,1822.61,1659.6,0.3,0,2022-09-01,ER,0.0,True
C08483,P7387,PR0356,F0030,63,M,Medicare,10,2.19,Out-of-Network,Denied,Orthopedics,Specialist,59400,J45.909,1,4016.61,1227.44,6.11,0,2022-06-28,Outpatient,0.0,True
C08485,P5679,PR0027,F0142,43,F,VA,11,0.38,In-Network,Paid,Dermatology,Primary Care,99213,S83.241A,0,3145.93,1317.78,1.14,0,2023-07-02,Outpatient,0.0,True
C08501,P1164,PR0281,F0100,9,M,Commercial,2,0.72,Out-of-Network,Adjusted,Gastroenterology,Labs,93000,M17.11,0,2085.36,2220.41,0.37,0,2023-06-09,ER,0.0,True
C08503,P4058,PR0315,F0148,61,M,Commercial,11,1.52,Out-of-Network,Adjusted,Gastroenterology,Imaging,93010,M17.11,0,4111.47,1206.1,1.99,0,2023-02-21,ER,0.0,True
C08538,P0975,PR0158,F0071,35,F,Medicare,12,2.7,In-Network,Denied,Primary Care,Gastroenterology,27447,S83.241A,0,1614.49,989.92,0.54,0,2022-08-08,ER,0.0,True
C08546,P2931,PR0301,F0069,9,F,Medicare,1,0.88,In-Network,Adjusted,Endocrinology,Imaging,99213,E11.65,1,1356.33,1244.25,0.4,0,2023-08-30,Outpatient,0.0,True
C08558,P3757,PR0454,F0152,57,F,VA,5,1.37,Out-of-Network,Paid,Gastroenterology,Surgery,95816,I21.4,0,1008.71,1553.55,0.23,0,2023-08-26,Outpatient,0.0,True
C08587,P7163,PR0260,F0167,84,F,Medicaid,5,1.96,Out-of-Network,Paid,Primary Care,Imaging,73564,E11.9,1,4678.27,1169.17,1.73,0,2022-03-11,Outpatient,0.104,True
C08591,P0359,PR0235,F0105,45,M,Medicaid,8,2.17,In-Network,Adjusted,Gastroenterology,Imaging,95250,I50.9,1,1995.24,776.52,0.93,4,2023-09-01,Inpatient,0.331,True
C08593,P6186,PR0300,F0003,17,M,Medicaid,6,2.52,Out-of-Network,Denied,Primary Care,Primary Care,95250,I50.9,1,2165.27,1256.22,0.68,0,2022-05-02,Outpatient,0.331,True
C08603,P6056,PR0124,F0009,86,F,VA,11,2.47,Out-of-Network,Denied,Orthopedics,Imaging,99214,S83.241A,0,2928.16,2406.61,0.92,6,2023-03-10,Inpatient,0.0,True
C08608,P3917,PR0447,F0048,57,F,Medicaid,4,1.98,In-Network,Denied,Endocrinology,Imaging,95816,E11.65,1,4407.2,1045.54,1.17,0,2022-05-01,Outpatient,0.0,True
C08620,P0476,PR0265,F0109,72,M,Commercial,9,2.56,Out-of-Network,Adjusted,Orthopedics,Specialist,27447,I21.4,0,3112.73,884.03,0.52,0,2023-10-19,ER,0.0,True
C08633,P7887,PR0063,F0087,73,M,Commercial,2,1.14,Out-of-Network,Denied,Neurology,Imaging,93010,J45.909,1,4682.4,825.03,1.21,0,2023-09-19,ER,0.0,True
C08641,P4983,PR0420,F0198,5,M,Medicaid,11,0.83,In-Network,Adjusted,OBGYN,Surgery,93000,J45.909,1,1345.87,913.28,0.19,0,2022-01-24,ER,0.0,True
C08658,P2607,PR0165,F0037,58,M,Medicaid,5,2.7,In-Network,Adjusted,Orthopedics,Specialist,59400,G40.909,0,4715.52,941.88,0.62,0,2023-02-25,Outpatient,0.0,True
C08661,P1253,PR0455,F0099,15,F,Medicaid,1,1.14,In-Network,Paid,Endocrinology,Specialist,99214,M17.11,0,4059.3,1818.83,0.71,0,2023-01-17,Outpatient,0.0,True
C08664,P2369,PR0077,F0173,55,M,Medicaid,7,1.08,In-Network,Adjusted,Cardiology,Primary Care,73564,E11.65,1,3711.68,957.18,0.82,3,2023-05-07,Inpatient,0.0,True
C08672,P6633,PR0377,F0155,59,F,Medicare,1,2.93,Out-of-Network,Adjusted,Orthopedics,Surgery,95816,I21.4,0,1164.37,870.99,0.17,0,2023-03-14,ER,0.0,True
C08689,P6579,PR0099,F0046,60,M,Medicaid,4,1.27,Out-of-Network,Denied,Dermatology,Imaging,99214,I50.9,1,780.11,1390.21,0.11,0,2023-10-21,ER,0.331,True
C08697,P4120,PR0148,F0192,0,F,Medicare,10,1.57,In-Network,Paid,Primary Care,Labs,73564,I21.4,0,1053.99,1892.44,0.35,7,2023-12-25,Inpatient,0.0,True
C08701,P2986,PR0479,F0096,43,M,Commercial,12,0.49,Out-of-Network,Paid,Dermatology,Specialist,27447,I50.9,1,498.85,890.72,0.78,0,2022-07-17,Outpatient,0.331,True
C08705,P0271,PR0160,F0100,43,M,Medicaid,12,2.68,In-Network,Adjusted,Orthopedics,Primary Care,93010,O80,0,3433.02,1037.23,1.96,10,2022-03-24,Inpatient,0.0,True
C08727,P6171,PR0031,F0115,45,M,Medicaid,1,1.96,In-Network,Paid,Dermatology,Surgery,95816,G40.909,0,2016.58,4263.18,0.8,5,2023-11-30,Inpatient,0.0,True
C08739,P6628,PR0072,F0200,1,M,Commercial,9,2.84,In-Network,Adjusted,Gastroenterology,Primary Care,95816,G40.909,0,733.81,794.82,0.95,0,2022-06-15,Outpatient,0.0,True
C08742,P5429,PR0443,F0182,83,F,VA,12,0.49,Out-of-Network,Paid,OBGYN,Surgery,99213,M17.11,0,2041.55,828.89,0.66,0,2023-09-25,ER,0.0,True
C08745,P3711,PR0494,F0192,76,F,Commercial,3,1.65,In-Network,Paid,Dermatology,Gastroenterology,99285,M17.11,0,3389.21,1409.86,0.48,1,2022-03-08,Inpatient,0.0,True
C08760,P4474,PR0017,F0171,52,F,Commercial,9,0.7,In-Network,Paid,Primary Care,Surgery,99214,E11.65,1,2310.37,781.89,0.39,10,2023-04-29,Inpatient,0.0,True
C08772,P0412,PR0106,F0122,44,F,VA,5,0.98,Out-of-Network,Denied,Primary Care,Imaging,99213,E11.9,1,4290.85,870.02,0.76,8,2023-12-08,Inpatient,0.104,True
C08775,P5244,PR0054,F0075,73,F,Medicaid,2,2.62,Out-of-Network,Denied,Gastroenterology,Imaging,99213,O80,0,3785.74,760.39,0.75,0,2023-01-15,Outpatient,0.0,True
C08831,P0257,PR0028,F0195,41,F,Medicare,2,1.76,In-Network,Denied,OBGYN,Gastroenterology,59400,M17.11,0,290.79,29057.89,0.09,6,2023-09-18,Inpatient,0.0,True
C08851,P2018,PR0235,F0010,13,M,Medicare,11,0.38,In-Network,Adjusted,Cardiology,Surgery,93010,K21.9,0,1555.45,1175.05,0.74,0,2022-09-17,Outpatient,0.0,True
C08885,P4605,PR0218,F0071,19,F,VA,5,1.86,In-Network,Denied,Orthopedics,Specialist,93000,E11.9,1,2566.67,1030.69,0.4,1,2023-10-31,Inpatient,0.104,True
C08896,P2070,PR0094,F0090,70,F,Medicaid,9,1.22,In-Network,Paid,Endocrinology,Surgery,99214,I50.9,1,1105.94,1402.0,0.46,9,2023-03-15,Inpatient,0.331,True
C08917,P1705,PR0218,F0083,9,F,Medicaid,11,2.57,In-Network,Adjusted,OBGYN,Labs,27447,I50.9,1,4228.58,1056.78,1.4,0,2022-02-27,Outpatient,0.331,True
C08921,P3483,PR0307,F0120,17,M,Commercial,8,1.11,Out-of-Network,Denied,Primary Care,Surgery,99214,E11.9,1,3286.58,975.86,0.69,10,2023-02-15,Inpatient,0.104,True
C08938,P0139,PR0015,F0084,78,M,Medicaid,6,1.24,In-Network,Adjusted,Gastroenterology,Primary Care,27447,E11.65,1,4718.59,1704.33,1.16,8,2022-12-23,Inpatient,0.0,True
C08942,P0987,PR0348,F0102,66,M,Commercial,12,1.41,Out-of-Network,Denied,Gastroenterology,Imaging,95816,S83.241A,0,2710.27,1143.46,0.93,0,2022-07-06,ER,0.0,True
C08970,P7615,PR0152,F0114,67,M,VA,3,1.65,In-Network,Denied,Dermatology,Surgery,59400,I50.9,1,2741.5,806.7,23.34,0,2023-01-11,Outpatient,0.331,True
C08972,P0533,PR0060,F0119,61,F,Medicaid,9,1.69,Out-of-Network,Denied,Cardiology,Surgery,27447,J45.909,1,4379.05,795.91,1.8,0,2022-07-03,Outpatient,0.0,True
C08986,P7632,PR0116,F0037,26,F,Commercial,4,0.45,In-Network,Adjusted,Neurology,Surgery,27447,K21.9,0,2266.92,959.74,1.54,4,2022-10-26,Inpatient,0.0,True
C08989,P0476,PR0368,F0097,61,M,Medicaid,7,1.31,In-Network,Denied,Endocrinology,Primary Care,27447,G40.909,0,1625.25,832.57,0.26,0,2023-03-15,Outpatient,0.0,True
C08991,P2659,PR0137,F0099,28,F,Commercial,9,1.18,In-Network,Paid,Dermatology,Surgery,93000,M17.11,0,73.01,898.81,0.08,0,2022-04-21,ER,0.0,True
C08998,P0331,PR0418,F0034,40,M,Medicare,3,1.29,Out-of-Network,Denied,Primary Care,Primary Care,95816,I21.4,0,4766.25,887.53,1.45,0,2022-04-21,ER,0.0,True
C09022,P7540,PR0180,F0102,19,M,Medicaid,8,1.65,Out-of-Network,Denied,Neurology,Specialist,95816,I21.4,0,1072.04,905.12,0.41,0,2023-12-10,ER,0.0,True
C09069,P2454,PR0247,F0061,90,F,Medicare,7,2.71,In-Network,Adjusted,OBGYN,Primary Care,99214,G40.909,0,774.36,805.67,0.22,5,2023-01-14,Inpatient,0.0,True
C09074,P4625,PR0331,F0131,44,M,Medicaid,12,2.29,In-Network,Adjusted,Cardiology,Labs,99214,M17.11,0,2598.14,804.43,0.37,7,2022-06-30,Inpatient,0.0,True
C09075,P4318,PR0343,F0177,45,M,Medicare,3,2.99,Out-of-Network,Paid,Gastroenterology,Surgery,99213,K21.9,0,4775.81,1414.48,1.76,0,2022-10-06,Outpatient,0.0,True
C09076,P2801,PR0491,F0056,29,M,VA,12,1.09,Out-of-Network,Adjusted,Primary Care,Primary Care,93010,I50.9,1,3391.98,847.94,1.7,0,2023-10-10,Outpatient,0.331,True
C09082,P6449,PR0351,F0030,37,F,Medicaid,1,2.61,Out-of-Network,Paid,Cardiology,Imaging,99214,I21.4,0,417.53,902.96,0.11,0,2022-09-21,Outpatient,0.0,True
C09087,P3991,PR0489,F0039,66,F,Commercial,3,1.65,In-Network,Paid,Gastroenterology,Surgery,93000,S83.241A,0,4917.45,1387.88,1.68,0,2022-07-25,ER,0.0,True
C09088,P7089,PR0378,F0138,53,M,VA,7,2.48,In-Network,Adjusted,Cardiology,Surgery,93000,K21.9,0,932.87,1328.88,1.15,4,2022-11-09,Inpatient,0.0,True
C09109,P4965,PR0473,F0147,74,M,Medicaid,7,0.38,In-Network,Denied,OBGYN,Imaging,27447,S83.241A,0,1744.19,839.14,0.25,0,2023-02-09,ER,0.0,True
C09111,P5759,PR0454,F0133,35,M,Medicare,11,0.95,In-Network,Denied,Orthopedics,Imaging,99214,I50.9,1,3233.48,1150.68,1.44,0,2023-04-03,Outpatient,0.331,True
C09117,P4610,PR0461,F0193,45,M,VA,12,1.88,In-Network,Paid,Endocrinology,Primary Care,59400,E11.9,1,99.14,909.58,0.01,1,2023-05-29,Inpatient,0.104,True
C09132,P0465,PR0186,F0009,60,F,Commercial,9,1.2,In-Network,Paid,Endocrinology,Primary Care,93010,M17.11,0,1819.86,1357.71,0.78,0,2022-08-03,Outpatient,0.0,True
C09190,P6574,PR0129,F0095,16,M,Commercial,11,2.69,Out-of-Network,Paid,OBGYN,Imaging,99285,M17.11,0,4629.38,907.14,0.71,5,2022-04-01,Inpatient,0.0,True
C09197,P4973,PR0160,F0039,69,F,VA,3,0.97,In-Network,Paid,Neurology,Labs,95250,J45.909,1,2356.76,843.36,10.36,0,2023-08-25,Outpatient,0.0,True
C09201,P5061,PR0413,F0083,88,F,Medicare,6,2.87,Out-of-Network,Paid,Cardiology,Labs,99213,E11.9,1,1973.8,957.37,0.36,0,2022-01-01,ER,0.104,True
C09252,P2722,PR0375,F0117,37,M,VA,7,2.41,In-Network,Paid,Primary Care,Labs,95250,I21.4,0,1265.37,969.91,0.19,0,2022-11-26,ER,0.0,True
C09259,P1383,PR0207,F0027,22,F,Commercial,11,2.69,Out-of-Network,Adjusted,Cardiology,Imaging,93010,G40.909,0,1503.72,2888.16,0.33,2,2022-10-27,Inpatient,0.0,True
C09262,P6274,PR0450,F0063,25,M,VA,5,1.57,In-Network,Adjusted,Dermatology,Primary Care,95250,O80,0,3253.97,807.31,2.27,4,2022-11-13,Inpatient,0.0,True
C09269,P5617,PR0437,F0170,35,F,Commercial,8,1.37,Out-of-Network,Denied,Orthopedics,Surgery,93010,I21.4,0,3741.65,1082.73,0.68,0,2023-05-22,ER,0.0,True
C09271,P2770,PR0235,F0089,80,M,Commercial,4,1.0,Out-of-Network,Paid,Cardiology,Specialist,99213,I50.9,1,1129.91,808.82,0.18,8,2022-06-26,Inpatient,0.331,True
C09283,P0027,PR0324,F0056,59,F,Medicaid,12,0.7,Out-of-Network,Denied,OBGYN,Gastroenterology,99213,S83.241A,0,919.4,17209.69,0.27,1,2022-06-14,Inpatient,0.0,True
C09295,P2419,PR0081,F0113,63,M,Medicaid,7,2.13,Out-of-Network,Denied,Orthopedics,Labs,95816,E11.65,1,1326.22,1278.01,0.2,9,2023-12-31,Inpatient,0.0,True
C09311,P1756,PR0285,F0149,80,F,Commercial,2,1.04,In-Network,Adjusted,Gastroenterology,Labs,95816,E11.9,1,4234.38,1240.8,0.67,0,2022-12-24,Outpatient,0.104,True
C09388,P6213,PR0346,F0163,49,M,Medicaid,5,0.48,In-Network,Denied,Neurology,Surgery,59400,I50.9,1,4191.09,1039.5,36.3,2,2023-04-01,Inpatient,0.331,True
C09392,P6931,PR0176,F0043,29,F,Commercial,10,1.13,In-Network,Adjusted,Primary Care,Imaging,95250,J45.909,1,2154.01,824.09,1.03,0,2023-07-30,ER,0.0,True
C09406,P3001,PR0253,F0148,68,F,VA,7,1.08,Out-of-Network,Denied,Endocrinology,Imaging,99213,M17.11,0,4650.93,1102.59,0.89,7,2022-09-18,Inpatient,0.0,True
C09417,P6318,PR0219,F0148,58,F,Medicaid,3,1.24,Out-of-Network,Denied,Neurology,Specialist,93000,I21.4,0,1354.88,1026.64,0.2,10,2023-10-02,Inpatient,0.0,True
C09430,P6418,PR0406,F0134,74,M,Commercial,10,0.52,Out-of-Network,Paid,OBGYN,Specialist,99214,M17.11,0,2835.4,1375.84,0.36,10,2022-05-01,Inpatient,0.0,True
C09435,P2407,PR0365,F0150,60,M,Medicare,2,1.58,In-Network,Denied,OBGYN,Surgery,59400,E11.65,1,3197.67,847.72,0.88,1,2022-11-22,Inpatient,0.0,True
C09445,P3067,PR0045,F0185,80,M,Commercial,2,1.0,Out-of-Network,Paid,OBGYN,Specialist,73564,G40.909,0,80.35,760.65,0.04,4,2022-10-25,Inpatient,0.0,True
C09467,P4286,PR0170,F0137,17,F,VA,3,0.45,In-Network,Adjusted,Orthopedics,Imaging,27447,I21.4,0,256.03,760.24,0.04,2,2023-09-30,Inpatient,0.0,True
C09472,P2785,PR0340,F0182,18,M,Medicaid,11,1.71,In-Network,Paid,Gastroenterology,Labs,99214,O80,0,942.96,876.71,6.69,0,2022-06-27,ER,0.0,True
C09478,P3508,PR0417,F0065,75,M,VA,8,1.41,In-Network,Denied,Endocrinology,Primary Care,99214,I50.9,1,4092.96,889.62,7.78,0,2023-08-26,ER,0.331,True
C09500,P0543,PR0221,F0078,74,F,VA,3,2.92,In-Network,Adjusted,Dermatology,Specialist,93010,I21.4,0,3160.79,958.28,0.78,0,2022-02-05,ER,0.0,True
C09505,P4089,PR0334,F0032,89,F,Medicare,1,1.16,In-Network,Paid,Orthopedics,Primary Care,73564,J45.909,1,1270.84,1150.6,0.6,0,2023-08-16,ER,0.0,True
C09517,P2232,PR0342,F0192,77,M,Medicare,8,2.8,Out-of-Network,Paid,Neurology,Primary Care,73564,K21.9,0,4538.72,1150.4,0.59,8,2023-12-28,Inpatient,0.0,True
C09522,P7522,PR0342,F0177,57,M,Commercial,1,1.77,In-Network,Adjusted,Primary Care,Gastroenterology,27447,J45.909,1,4066.72,1316.16,0.78,0,2023-01-16,Outpatient,0.0,True
C09524,P3001,PR0301,F0195,54,M,Commercial,1,1.31,Out-of-Network,Adjusted,Endocrinology,Primary Care,99285,K21.9,0,3553.24,1590.5,0.7,9,2023-07-03,Inpatient,0.0,True
C09556,P4523,PR0357,F0099,35,M,VA,5,0.65,Out-of-Network,Denied,Primary Care,Specialist,59400,S83.241A,0,4674.25,1350.83,1.25,0,2023-06-12,Outpatient,0.0,True
C09569,P0332,PR0209,F0071,62,F,Medicare,12,0.66,In-Network,Denied,Cardiology,Imaging,73564,G40.909,0,2951.31,1566.11,0.45,0,2022-12-23,ER,0.0,True
C09581,P3445,PR0466,F0043,59,M,Medicaid,8,0.58,Out-of-Network,Paid,Dermatology,Primary Care,93010,K21.9,0,2128.56,785.6,0.28,0,2022-06-04,Outpatient,0.0,True
C09599,P4151,PR0283,F0152,66,F,Commercial,6,0.62,In-Network,Adjusted,Endocrinology,Gastroenterology,95816,I21.4,0,1920.69,26295.56,0.28,0,2023-05-15,Outpatient,0.0,True
C09606,P4213,PR0151,F0136,36,F,Commercial,11,1.94,Out-of-Network,Adjusted,Gastroenterology,Labs,99214,S83.241A,0,4285.02,832.67,1.52,0,2023-04-16,Outpatient,0.0,True
C09628,P4949,PR0296,F0126,58,M,VA,6,1.49,In-Network,Paid,Endocrinology,Surgery,73564,E11.9,1,3916.38,2001.36,0.52,0,2023-04-26,ER,0.104,True
C09630,P4337,PR0248,F0020,60,M,VA,8,0.65,Out-of-Network,Paid,Gastroenterology,Surgery,95250,G40.909,0,4455.38,1394.28,2.42,0,2022-02-04,Outpatient,0.0,True
C09631,P0812,PR0418,F0105,13,M,Medicare,3,2.66,Out-of-Network,Adjusted,Dermatology,Gastroenterology,99214,M17.11,0,2595.49,1345.37,2.07,0,2023-03-29,Outpatient,0.0,True
C09638,P7712,PR0035,F0113,63,M,Medicare,12,2.26,Out-of-Network,Paid,OBGYN,Surgery,93000,I21.4,0,2133.25,809.88,0.58,0,2022-05-28,ER,0.0,True
C09654,P3255,PR0064,F0027,55,M,Medicaid,6,1.93,In-Network,Adjusted,Endocrinology,Surgery,99214,E11.65,1,1408.38,827.51,1.31,0,2023-02-21,ER,0.0,True
C09676,P2920,PR0090,F0186,19,F,Medicaid,7,1.92,In-Network,Denied,Endocrinology,Primary Care,99285,O80,0,1689.47,800.02,0.72,0,2023-07-03,Outpatient,0.0,True
C09678,P3642,PR0019,F0122,24,M,Medicare,9,1.1,Out-of-Network,Paid,Cardiology,Imaging,93000,M17.11,0,1307.78,888.42,0.72,3,2022-07-21,Inpatient,0.0,True
C09693,P5400,PR0307,F0188,81,F,VA,3,1.97,In-Network,Denied,Endocrinology,Surgery,99285,K21.9,0,1071.44,2276.44,0.29,9,2022-11-24,Inpatient,0.0,True
C09707,P5652,PR0348,F0076,80,F,Medicare,5,1.13,In-Network,Paid,Cardiology,Surgery,99285,E11.9,1,2161.37,860.84,0.32,5,2023-12-31,Inpatient,0.104,True
C09776,P7933,PR0044,F0179,5,M,VA,10,1.74,Out-of-Network,Denied,OBGYN,Surgery,95250,J45.909,1,4991.81,886.61,2.05,4,2023-02-14,Inpatient,0.0,True
C09788,P0060,PR0120,F0035,35,F,Medicare,11,2.75,Out-of-Network,Paid,Dermatology,Surgery,59400,K21.9,0,2370.82,969.18,0.5,0,2023-07-13,ER,0.0,True
C09803,P5664,PR0254,F0122,31,F,Medicaid,4,2.97,Out-of-Network,Paid,Cardiology,Specialist,27447,S83.241A,0,200.31,1818.26,0.12,0,2023-04-04,ER,0.0,True
C09835,P5211,PR0052,F0068,35,F,VA,8,2.59,In-Network,Adjusted,Dermatology,Primary Care,73564,I50.9,1,993.21,1580.54,0.17,0,2023-08-15,Outpatient,0.331,True
C09860,P0770,PR0382,F0130,44,F,Medicare,8,1.73,Out-of-Network,Adjusted,Neurology,Primary Care,99285,I50.9,1,3934.63,1413.88,1.49,7,2023-06-08,Inpatient,0.331,True
C09877,P1746,PR0028,F0112,4,F,Medicaid,2,2.85,In-Network,Adjusted,Cardiology,Imaging,99213,S83.241A,0,1015.96,1207.28,0.61,0,2022-09-20,Outpatient,0.0,True
C09880,P1723,PR0081,F0122,87,M,Commercial,11,1.03,In-Network,Adjusted,Endocrinology,Primary Care,93000,S83.241A,0,4350.54,1004.97,1.25,0,2023-04-03,Outpatient,0.0,True
C09899,P0501,PR0081,F0036,70,F,Medicaid,9,1.01,In-Network,Paid,Gastroenterology,Primary Care,95250,I21.4,0,1946.96,909.48,0.43,0,2022-11-15,Outpatient,0.0,True
C09908,P0618,PR0455,F0155,9,F,VA,12,2.89,In-Network,Denied,Orthopedics,Imaging,99213,G40.909,0,765.8,1849.39,0.43,10,2022-06-23,Inpatient,0.0,True
C09942,P4258,PR0021,F0064,74,F,Medicare,5,2.61,Out-of-Network,Adjusted,Neurology,Labs,93010,E11.65,1,3544.2,1098.31,8.45,0,2023-12-07,ER,0.0,True
C09943,P0355,PR0247,F0135,22,M,VA,1,2.52,Out-of-Network,Denied,Neurology,Imaging,95250,O80,0,4946.06,1369.46,1.15,0,2023-10-27,ER,0.0,True
C09944,P0134,PR0090,F0082,72,F,VA,2,1.28,In-Network,Denied,Cardiology,Labs,93010,E11.65,1,475.85,1131.36,0.23,0,2022-12-29,ER,0.0,True
C09965,P6969,PR0176,F0196,27,M,Medicaid,12,1.69,Out-of-Network,Paid,Endocrinology,Specialist,27447,M17.11,0,3601.92,888.16,0.98,0,2023-09-03,ER,0.0,True
C09975,P7724,PR0441,F0134,47,M,Medicare,2,2.32,In-Network,Adjusted,Gastroenterology,Labs,73564,E11.9,1,2232.89,824.95,0.64,0,2023-01-27,Outpatient,0.104,True
C09977,P1926,PR0445,F0144,38,M,Commercial,9,2.21,Out-of-Network,Denied,Gastroenterology,Imaging,93010,G40.909,0,2184.4,967.07,0.31,2,2023-05-28,Inpatient,0.0,True
C10020,P7320,PR0489,F0101,46,M,VA,3,2.91,Out-of-Network,Denied,Gastroenterology,Specialist,93000,K21.9,0,3639.7,1090.65,0.62,0,2023-06-20,ER,0.0,True
C10021,P5301,PR0497,F0160,3,F,Medicare,10,0.55,Out-of-Network,Paid,Dermatology,Primary Care,73564,I50.9,1,729.55,849.66,0.4,0,2023-12-29,ER,0.331,True
C10026,P5974,PR0146,F0091,33,F,Medicaid,3,1.59,Out-of-Network,Adjusted,Cardiology,Surgery,99214,O80,0,4491.61,794.51,1.02,0,2022-11-28,ER,0.0,True
C10040,P4847,PR0437,F0075,39,F,VA,10,1.56,In-Network,Denied,Gastroenterology,Labs,93010,I21.4,0,2893.56,1320.38,2.17,0,2023-09-18,Outpatient,0.0,True
C10064,P4719,PR0355,F0067,46,F,Medicare,1,1.16,In-Network,Denied,OBGYN,Surgery,59400,M17.11,0,3929.85,1076.73,1.82,0,2022-05-26,Outpatient,0.0,True
C10081,P3357,PR0451,F0166,90,M,VA,11,1.98,Out-of-Network,Paid,OBGYN,Imaging,27447,M17.11,0,4511.16,1151.32,16.53,0,2022-02-20,ER,0.0,True
C10084,P3168,PR0373,F0056,2,M,VA,10,2.61,In-Network,Adjusted,Endocrinology,Primary Care,99285,I21.4,0,3173.67,868.58,0.98,0,2022-03-29,ER,0.0,True
C10090,P2493,PR0390,F0133,63,M,Commercial,5,2.97,In-Network,Paid,Orthopedics,Surgery,99213,O80,0,419.99,817.42,0.05,0,2023-02-06,Outpatient,0.0,True
C10096,P2921,PR0025,F0105,79,M,Commercial,11,1.68,Out-of-Network,Denied,Orthopedics,Imaging,93010,I21.4,0,2039.3,897.06,1.76,0,2023-12-07,Outpatient,0.0,True
C10112,P7079,PR0237,F0113,73,M,VA,10,2.74,In-Network,Denied,Orthopedics,Primary Care,93000,K21.9,0,4738.97,1169.35,0.72,0,2023-04-12,ER,0.0,True
C10121,P2439,PR0114,F0038,34,M,Medicare,1,1.97,Out-of-Network,Adjusted,Orthopedics,Imaging,93000,E11.65,1,766.9,2215.36,2.62,0,2022-12-08,ER,0.0,True
C10167,P4815,PR0344,F0129,15,M,VA,1,2.43,Out-of-Network,Denied,OBGYN,Imaging,27447,M17.11,0,430.26,828.27,0.06,0,2023-09-06,ER,0.0,True
C10171,P1154,PR0268,F0180,45,F,Medicare,3,2.32,Out-of-Network,Paid,Neurology,Specialist,73564,M17.11,0,2722.09,1064.13,10.0,0,2023-01-22,ER,0.0,True
C10179,P7237,PR0181,F0121,42,M,Commercial,2,0.97,In-Network,Denied,Cardiology,Imaging,59400,I50.9,1,3131.43,819.68,4.41,0,2022-10-14,ER,0.331,True
C10186,P7991,PR0500,F0200,63,M,Commercial,10,1.71,In-Network,Denied,Gastroenterology,Specialist,27447,E11.65,1,897.93,3341.28,0.14,0,2022-11-04,ER,0.0,True
C10190,P0996,PR0256,F0057,8,F,Commercial,11,0.33,Out-of-Network,Denied,Orthopedics,Primary Care,95816,S83.241A,0,3303.77,1505.38,0.42,6,2022-02-10,Inpatient,0.0,True
C10207,P4178,PR0015,F0023,29,M,Medicare,6,1.21,Out-of-Network,Paid,Endocrinology,Primary Care,59400,I50.9,1,3781.74,825.6,1.41,0,2022-08-26,Outpatient,0.331,True
C10241,P0282,PR0181,F0061,60,M,Medicaid,9,2.54,In-Network,Denied,Cardiology,Labs,95816,G40.909,0,319.16,978.19,0.14,0,2022-04-30,Outpatient,0.0,True
C10245,P7606,PR0367,F0166,62,F,Commercial,7,1.32,In-Network,Adjusted,Dermatology,Labs,93010,K21.9,0,2997.35,917.7,1.41,0,2022-02-20,Outpatient,0.0,True
C10273,P2228,PR0029,F0174,43,M,VA,1,0.9,Out-of-Network,Adjusted,Cardiology,Surgery,93010,I50.9,1,897.38,1298.23,0.16,3,2023-01-18,Inpatient,0.331,True
C10281,P7469,PR0316,F0005,88,M,Commercial,5,0.58,Out-of-Network,Paid,Orthopedics,Gastroenterology,93010,E11.65,1,1020.65,27675.42,0.26,0,2022-09-20,Outpatient,0.0,True
C10298,P6378,PR0286,F0128,64,F,Medicare,5,1.35,In-Network,Adjusted,Dermatology,Labs,27447,O80,0,4676.86,875.32,1.16,8,2023-04-20,Inpatient,0.0,True
C10301,P4073,PR0060,F0018,44,M,Medicaid,5,0.45,Out-of-Network,Paid,OBGYN,Imaging,73564,S83.241A,0,4854.63,1221.08,1.04,0,2023-08-18,Outpatient,0.0,True
C10303,P4618,PR0426,F0108,88,M,Medicare,5,0.54,Out-of-Network,Denied,Dermatology,Imaging,95250,O80,0,4994.62,1197.06,1.53,0,2023-02-28,Outpatient,0.0,True
C10320,P6251,PR0396,F0124,88,F,Medicaid,7,0.64,In-Network,Denied,Endocrinology,Surgery,99213,G40.909,0,2723.47,1422.86,0.55,9,2022-01-16,Inpatient,0.0,True
C10333,P0439,PR0138,F0045,22,M,Medicare,11,2.21,In-Network,Denied,Gastroenterology,Labs,93010,K21.9,0,3511.65,1206.53,0.58,5,2022-11-02,Inpatient,0.0,True
C10338,P3108,PR0277,F0105,57,M,Medicare,12,1.12,Out-of-Network,Paid,Orthopedics,Specialist,93010,I50.9,1,4623.33,919.22,0.74,9,2022-09-16,Inpatient,0.331,True
C10356,P2723,PR0457,F0093,2,F,Commercial,7,2.28,In-Network,Paid,Endocrinology,Labs,93000,I21.4,0,3862.85,2375.0,1.57,0,2022-05-10,Outpatient,0.0,True
C10370,P0822,PR0351,F0156,19,F,Medicaid,6,1.93,In-Network,Denied,Dermatology,Specialist,93000,O80,0,2705.82,1058.73,1.05,10,2023-03-18,Inpatient,0.0,True
C10381,P1443,PR0024,F0134,30,F,Medicare,12,2.51,In-Network,Paid,Primary Care,Imaging,27447,O80,0,1676.61,1899.05,0.4,0,2022-12-29,Outpatient,0.0,True
C10389,P4000,PR0169,F0126,36,F,Medicare,3,2.81,In-Network,Adjusted,Gastroenterology,Surgery,95250,I50.9,1,2118.77,1109.38,0.28,0,2022-06-18,Outpatient,0.331,True
C10398,P3857,PR0077,F0053,21,M,Commercial,9,1.68,In-Network,Paid,Gastroenterology,Imaging,99214,I50.9,1,1777.12,811.23,0.27,0,2022-12-23,ER,0.331,True
C10438,P7081,PR0135,F0194,70,F,VA,9,2.14,Out-of-Network,Paid,Endocrinology,Gastroenterology,27447,E11.9,1,3953.59,22369.94,1.8,0,2023-06-18,Outpatient,0.104,True
C10439,P0431,PR0299,F0167,46,M,Commercial,1,2.7,Out-of-Network,Denied,Cardiology,Gastroenterology,93000,K21.9,0,122.62,912.8,0.02,0,2022-06-28,ER,0.0,True
C10458,P2192,PR0278,F0156,3,M,VA,5,2.29,Out-of-Network,Paid,OBGYN,Surgery,93000,I50.9,1,4986.55,2520.94,0.69,0,2023-08-29,Outpatient,0.331,True
C10460,P7206,PR0497,F0154,26,M,Medicare,9,0.4,Out-of-Network,Paid,Orthopedics,Imaging,95816,J45.909,1,970.39,970.32,0.15,0,2023-09-17,Outpatient,0.0,True
C10479,P1879,PR0358,F0156,32,M,VA,6,2.75,Out-of-Network,Denied,OBGYN,Surgery,95250,M17.11,0,3179.89,1212.75,13.56,0,2022-09-10,Outpatient,0.0,True
C10501,P2299,PR0243,F0041,40,F,Medicaid,7,2.58,Out-of-Network,Paid,Gastroenterology,Imaging,99213,S83.241A,0,3704.94,846.68,10.65,0,2022-04-29,Outpatient,0.0,True
C10520,P5204,PR0372,F0065,39,M,Commercial,10,2.04,In-Network,Denied,Neurology,Surgery,93000,O80,0,3341.23,1506.17,1.82,0,2022-04-29,ER,0.0,True
C10531,P0318,PR0235,F0166,14,M,VA,6,0.71,Out-of-Network,Paid,Neurology,Labs,73564,E11.65,1,4203.73,846.2,0.56,0,2023-12-28,ER,0.0,True
C10540,P6769,PR0344,F0040,54,F,Medicaid,9,0.42,In-Network,Paid,Cardiology,Primary Care,73564,S83.241A,0,4994.31,1174.42,0.65,0,2022-02-15,ER,0.0,True
C10565,P6868,PR0337,F0076,27,F,Medicaid,8,2.96,Out-of-Network,Paid,Dermatology,Imaging,95816,J45.909,1,1078.97,1807.99,0.17,4,2023-09-12,Inpatient,0.0,True
C10570,P7539,PR0288,F0159,26,F,Medicare,5,1.58,In-Network,Denied,Endocrinology,Specialist,99213,J45.909,1,3365.83,924.56,0.94,10,2022-07-08,Inpatient,0.0,True
C10582,P3090,PR0236,F0006,89,F,Medicaid,10,1.19,Out-of-Network,Adjusted,Gastroenterology,Primary Care,99285,E11.65,1,493.63,2985.05,0.07,0,2022-08-06,Outpatient,0.0,True
C10630,P3006,PR0464,F0133,57,M,Commercial,11,2.84,In-Network,Paid,Neurology,Specialist,93000,G40.909,0,3869.46,1108.23,0.69,0,2023-05-03,ER,0.0,True
C10647,P6633,PR0265,F0132,24,F,Commercial,8,2.71,Out-of-Network,Adjusted,OBGYN,Surgery,99213,I50.9,1,3083.93,1291.49,0.66,0,2022-05-07,ER,0.331,True
C10656,P5787,PR0392,F0096,32,M,VA,6,1.49,In-Network,Denied,Endocrinology,Labs,27447,S83.241A,0,450.72,776.3,1.01,2,2022-06-01,Inpatient,0.0,True
C10657,P2389,PR0300,F0020,80,F,Medicaid,9,2.29,Out-of-Network,Denied,Neurology,Primary Care,27447,G40.909,0,1213.76,760.52,2.2,0,2022-10-31,ER,0.0,True
C10678,P7340,PR0205,F0032,89,M,VA,4,2.51,In-Network,Adjusted,Orthopedics,Gastroenterology,73564,E11.65,1,4782.58,40388.35,0.69,0,2022-05-06,ER,0.0,True
C10698,P6748,PR0496,F0135,62,M,Medicare,1,2.18,Out-of-Network,Adjusted,Primary Care,Surgery,59400,O80,0,2313.27,1554.18,0.39,7,2022-10-18,Inpatient,0.0,True
C10712,P2566,PR0307,F0053,4,F,VA,6,2.46,In-Network,Paid,Primary Care,Primary Care,99285,J45.909,1,1613.46,1504.19,0.24,0,2023-08-11,ER,0.0,True
C10719,P7969,PR0397,F0026,4,F,Medicare,3,1.31,In-Network,Adjusted,Gastroenterology,Labs,99213,S83.241A,0,4490.74,807.66,1.21,7,2023-07-05,Inpatient,0.0,True
C10737,P2855,PR0316,F0086,19,F,Medicare,12,0.99,Out-of-Network,Adjusted,Endocrinology,Imaging,73564,J45.909,1,4342.67,819.19,2.68,0,2023-01-18,ER,0.0,True
C10745,P6431,PR0452,F0108,16,M,Medicare,10,1.86,Out-of-Network,Adjusted,Dermatology,Labs,93010,G40.909,0,2788.74,970.86,0.53,3,2023-04-29,Inpatient,0.0,True
C10764,P3620,PR0134,F0012,89,M,Commercial,10,1.72,Out-of-Network,Paid,Neurology,Labs,73564,E11.65,1,3267.85,898.66,6.17,0,2023-08-25,Outpatient,0.0,True
C10765,P6684,PR0103,F0119,32,M,Medicare,1,1.84,Out-of-Network,Paid,Endocrinology,Imaging,93000,S83.241A,0,2714.59,859.56,0.45,0,2022-12-31,ER,0.0,True
C10768,P7919,PR0302,F0030,39,F,Medicaid,9,0.89,In-Network,Denied,Primary Care,Imaging,95250,I50.9,1,2330.27,879.14,0.63,0,2022-11-21,ER,0.331,True
C10770,P6881,PR0126,F0129,59,M,Medicare,9,0.33,In-Network,Adjusted,Endocrinology,Imaging,93010,I21.4,0,636.89,1348.04,0.09,0,2022-06-23,Outpatient,0.0,True
C10772,P2730,PR0104,F0191,29,M,VA,10,2.66,In-Network,Paid,Dermatology,Specialist,93010,I21.4,0,3381.3,878.61,2.52,0,2022-07-17,ER,0.0,True
C10775,P7255,PR0397,F0171,89,M,Commercial,4,2.06,Out-of-Network,Adjusted,Endocrinology,Surgery,99285,G40.909,0,2834.93,1331.58,0.38,5,2023-12-19,Inpatient,0.0,True
C10785,P4915,PR0159,F0192,74,M,Medicaid,2,2.43,In-Network,Paid,Primary Care,Specialist,99213,S83.241A,0,3251.06,880.37,0.42,8,2022-03-06,Inpatient,0.0,True
C10820,P4715,PR0147,F0109,67,M,Medicare,8,0.81,Out-of-Network,Denied,Endocrinology,Primary Care,95250,I50.9,1,3441.82,997.61,0.7,0,2022-03-14,Outpatient,0.331,True
C10831,P3322,PR0240,F0114,32,F,Medicaid,3,1.97,In-Network,Adjusted,Endocrinology,Imaging,93010,I21.4,0,999.44,761.93,0.63,0,2022-08-05,ER,0.0,True
C10835,P5476,PR0396,F0155,32,M,Commercial,10,0.97,In-Network,Adjusted,Endocrinology,Surgery,95250,O80,0,4095.1,939.51,1.64,3,2023-01-13,Inpatient,0.0,True
C10866,P0927,PR0131,F0010,59,M,Commercial,11,0.64,Out-of-Network,Adjusted,Orthopedics,Imaging,73564,E11.9,1,494.11,789.74,0.13,0,2023-05-08,Outpatient,0.104,True
C10921,P5954,PR0426,F0119,4,M,Medicaid,1,0.32,Out-of-Network,Adjusted,Endocrinology,Imaging,99285,J45.909,1,2758.72,920.88,2.22,0,2022-03-10,Outpatient,0.0,True
C10923,P1864,PR0446,F0125,72,M,Commercial,8,1.83,Out-of-Network,Adjusted,Cardiology,Primary Care,93000,O80,0,3882.37,984.68,0.86,0,2023-02-28,ER,0.0,True
C10932,P2356,PR0266,F0041,81,M,VA,5,2.97,Out-of-Network,Paid,Gastroenterology,Surgery,59400,S83.241A,0,1107.82,1153.76,0.26,0,2022-03-16,Outpatient,0.0,True
C10950,P2982,PR0489,F0018,6,F,Commercial,6,1.98,Out-of-Network,Paid,Primary Care,Imaging,27447,E11.9,1,4157.88,1691.07,0.8,0,2022-06-28,ER,0.104,True
C10973,P3694,PR0322,F0115,41,F,Medicaid,1,1.32,Out-of-Network,Adjusted,OBGYN,Primary Care,99214,K21.9,0,4053.79,1130.87,0.57,0,2023-01-28,ER,0.0,True
C10987,P5029,PR0226,F0059,18,M,VA,12,2.28,Out-of-Network,Adjusted,Gastroenterology,Imaging,95250,O80,0,1546.82,958.39,0.6,1,2023-04-17,Inpatient,0.0,True
C11026,P5880,PR0289,F0011,21,F,Commercial,9,1.24,In-Network,Paid,Orthopedics,Imaging,27447,E11.65,1,3678.81,896.15,0.7,8,2023-06-09,Inpatient,0.0,True
C11047,P6456,PR0416,F0187,83,M,Commercial,9,2.47,In-Network,Denied,OBGYN,Specialist,95816,S83.241A,0,2373.85,776.97,1.5,8,2023-12-01,Inpatient,0.0,True
C11050,P3200,PR0097,F0168,44,M,Medicaid,7,2.71,In-Network,Denied,Primary Care,Surgery,99213,I21.4,0,164.3,1589.53,0.1,0,2022-12-22,Outpatient,0.0,True
C11051,P0262,PR0316,F0092,66,M,Commercial,11,1.58,In-Network,Denied,Dermatology,Surgery,99214,G40.909,0,3753.54,768.43,2.44,0,2022-02-05,ER,0.0,True
C11069,P7872,PR0150,F0103,36,F,Medicaid,8,1.53,Out-of-Network,Adjusted,Primary Care,Surgery,99214,O80,0,1560.59,791.94,0.6,0,2022-08-22,Outpatient,0.0,True
C11080,P3658,PR0139,F0148,70,F,Medicaid,9,1.28,In-Network,Paid,Gastroenterology,Primary Care,99214,E11.65,1,4446.79,864.68,0.61,0,2023-11-02,ER,0.0,True
C11082,P7779,PR0464,F0170,33,F,Medicare,2,2.77,In-Network,Adjusted,Dermatology,Primary Care,99214,S83.241A,0,4217.56,1023.02,0.57,0,2022-03-13,ER,0.0,True
C11090,P5773,PR0369,F0163,0,M,Commercial,10,2.84,In-Network,Paid,Primary Care,Primary Care,73564,E11.9,1,1809.11,902.11,4.1,0,2023-08-06,Outpatient,0.104,True
C11142,P6431,PR0464,F0078,80,F,Medicaid,4,2.44,In-Network,Paid,Primary Care,Surgery,93000,G40.909,0,1482.32,788.92,0.27,6,2022-11-13,Inpatient,0.0,True
C11160,P2479,PR0464,F0118,25,M,Commercial,4,2.3,In-Network,Adjusted,Dermatology,Labs,59400,S83.241A,0,877.63,1102.87,0.11,0,2022-10-09,ER,0.0,True
C11164,P6793,PR0167,F0090,8,M,Medicaid,8,1.18,Out-of-Network,Denied,Primary Care,Surgery,93000,K21.9,0,2251.26,1919.11,0.81,0,2023-12-11,ER,0.0,True
C11165,P2523,PR0326,F0170,51,M,Commercial,2,2.61,Out-of-Network,Adjusted,Gastroenterology,Specialist,99214,E11.9,1,4568.79,1752.84,6.03,10,2022-07-19,Inpatient,0.104,True
C11198,P2810,PR0047,F0016,72,M,Medicaid,6,1.45,Out-of-Network,Adjusted,Endocrinology,Gastroenterology,95250,M17.11,0,742.98,1072.01,0.12,0,2023-02-11,Outpatient,0.0,True
C11210,P5514,PR0278,F0143,39,M,Medicare,4,2.07,In-Network,Adjusted,Primary Care,Imaging,95816,E11.9,1,2104.42,969.95,1.67,0,2023-12-31,Outpatient,0.104,True
C11227,P1206,PR0019,F0043,50,M,Medicaid,7,0.83,Out-of-Network,Denied,Cardiology,Imaging,93000,K21.9,0,1735.98,2737.55,0.59,0,2023-01-21,ER,0.0,True
C11228,P5012,PR0432,F0132,84,F,Medicare,6,1.63,In-Network,Paid,Endocrinology,Surgery,27447,J45.909,1,1047.82,813.93,0.14,0,2022-05-12,ER,0.0,True
C11271,P7102,PR0174,F0138,61,F,Medicaid,5,0.47,Out-of-Network,Denied,Cardiology,Gastroenterology,95250,O80,0,4818.24,1176.31,0.85,8,2023-08-03,Inpatient,0.0,True
C11277,P6752,PR0457,F0161,46,M,Commercial,1,1.55,In-Network,Denied,Endocrinology,Labs,95250,E11.9,1,256.94,1199.05,0.16,3,2023-07-27,Inpatient,0.104,True
C11281,P4308,PR0028,F0126,24,F,Commercial,11,2.79,Out-of-Network,Paid,Endocrinology,Imaging,93010,K21.9,0,1814.95,1533.52,0.41,8,2022-08-07,Inpatient,0.0,True
C11290,P4613,PR0413,F0131,73,M,Medicaid,10,2.71,Out-of-Network,Adjusted,OBGYN,Labs,93000,E11.65,1,4163.62,1272.79,0.57,2,2023-04-22,Inpatient,0.0,True
C11294,P0868,PR0217,F0060,1,F,Medicare,12,2.97,In-Network,Denied,OBGYN,Labs,73564,G40.909,0,3445.42,1134.71,0.52,0,2023-12-17,Outpatient,0.0,True
C11324,P0669,PR0360,F0199,32,M,Medicaid,11,0.31,In-Network,Paid,Primary Care,Primary Care,95250,G40.909,0,4555.6,901.18,0.62,0,2022-06-29,Outpatient,0.0,True
C11325,P7171,PR0476,F0128,48,M,Medicare,5,0.73,Out-of-Network,Adjusted,Dermatology,Gastroenterology,59400,E11.65,1,3538.66,33414.48,0.89,0,2022-01-21,Outpatient,0.0,True
C11339,P3392,PR0476,F0058,32,M,Commercial,9,1.97,In-Network,Denied,Orthopedics,Surgery,95250,S83.241A,0,4494.51,5312.24,6.17,0,2023-09-21,ER,0.0,True
C11353,P1198,PR0347,F0047,39,M,Medicare,5,2.1,Out-of-Network,Paid,Endocrinology,Primary Care,93010,O80,0,4445.62,857.72,0.65,0,2022-04-27,ER,0.0,True
C11368,P7301,PR0163,F0001,10,F,Medicaid,7,0.53,Out-of-Network,Adjusted,Cardiology,Surgery,99285,E11.9,1,4030.53,1010.74,27.64,0,2022-06-15,Outpatient,0.104,True
C11408,P5434,PR0396,F0061,23,M,Commercial,2,2.97,Out-of-Network,Paid,Orthopedics,Primary Care,27447,M17.11,0,1868.06,829.35,0.29,0,2022-10-23,ER,0.0,True
C11410,P0962,PR0253,F0110,70,F,Medicare,8,2.45,Out-of-Network,Denied,Endocrinology,Imaging,59400,K21.9,0,4585.03,837.3,1.21,0,2023-08-31,ER,0.0,True
C11455,P2906,PR0024,F0032,75,F,VA,2,1.63,In-Network,Paid,Neurology,Imaging,73564,E11.9,1,2751.86,2082.36,1.21,8,2023-07-10,Inpatient,0.104,True
C11457,P7290,PR0441,F0166,0,F,Medicare,10,0.47,Out-of-Network,Paid,Primary Care,Specialist,99285,I50.9,1,196.76,1233.1,0.03,9,2022-09-26,Inpatient,0.331,True
C11465,P7770,PR0186,F0117,82,M,Medicaid,1,1.78,In-Network,Paid,Cardiology,Primary Care,59400,M17.11,0,3872.81,4854.98,0.97,0,2023-03-05,ER,0.0,True
C11476,P0820,PR0360,F0179,27,M,Commercial,2,1.52,In-Network,Adjusted,Cardiology,Surgery,95816,E11.65,1,1082.58,752.87,0.33,0,2022-04-15,ER,0.0,True
C11505,P5171,PR0448,F0144,43,M,Commercial,11,2.67,In-Network,Adjusted,Cardiology,Primary Care,73564,S83.241A,0,706.26,1167.79,0.12,8,2022-02-03,Inpatient,0.0,True
C11516,P1511,PR0396,F0134,2,M,Commercial,1,2.46,Out-of-Network,Paid,OBGYN,Primary Care,95250,K21.9,0,3531.68,839.67,1.53,5,2022-11-26,Inpatient,0.0,True
C11537,P6534,PR0236,F0159,34,M,Commercial,7,0.43,Out-of-Network,Paid,Endocrinology,Surgery,95250,K21.9,0,2714.25,860.2,0.44,0,2023-10-18,ER,0.0,True
C11549,P4935,PR0244,F0121,28,M,VA,12,2.79,Out-of-Network,Paid,Gastroenterology,Surgery,93000,I21.4,0,2786.7,774.27,3.09,0,2023-01-15,ER,0.0,True
C11564,P7628,PR0220,F0179,77,F,Medicare,6,2.37,In-Network,Adjusted,Primary Care,Specialist,95250,S83.241A,0,869.2,902.29,0.66,0,2022-08-26,ER,0.0,True
C11593,P5226,PR0268,F0042,51,M,Medicare,7,2.04,In-Network,Adjusted,Endocrinology,Specialist,93000,E11.9,1,905.59,1868.73,0.14,0,2022-08-26,Outpatient,0.104,True
C11598,P5417,PR0102,F0027,35,M,Medicaid,1,1.63,Out-of-Network,Paid,OBGYN,Specialist,73564,S83.241A,0,1589.15,2260.57,1.19,0,2022-09-29,Outpatient,0.0,True
C11612,P4154,PR0150,F0187,57,M,VA,2,0.37,In-Network,Denied,Gastroenterology,Primary Care,99213,I50.9,1,4665.52,2446.66,0.99,2,2023-09-12,Inpatient,0.331,True
C11625,P3158,PR0378,F0007,64,F,VA,2,0.72,Out-of-Network,Denied,Endocrinology,Labs,59400,I21.4,0,3769.64,1599.3,0.57,0,2023-09-30,Outpatient,0.0,True
C11629,P7359,PR0088,F0094,1,F,Medicaid,11,0.68,In-Network,Adjusted,Neurology,Surgery,99213,M17.11,0,1333.89,2226.77,0.28,0,2022-05-11,ER,0.0,True
C11630,P4826,PR0147,F0148,84,F,Medicaid,3,2.76,In-Network,Adjusted,Endocrinology,Surgery,93000,J45.909,1,4325.49,1104.18,1.4,0,2022-12-31,Outpatient,0.0,True
C11631,P4341,PR0327,F0200,64,M,Commercial,11,1.45,Out-of-Network,Denied,Endocrinology,Surgery,99285,K21.9,0,897.15,807.49,0.17,0,2022-07-09,ER,0.0,True
C11633,P2002,PR0316,F0143,7,M,Medicare,8,1.7,In-Network,Adjusted,Dermatology,Labs,73564,I21.4,0,3975.7,2051.2,0.5,10,2023-12-30,Inpatient,0.0,True
C11643,P4844,PR0251,F0004,2,F,Medicaid,4,0.84,Out-of-Network,Paid,Orthopedics,Surgery,27447,M17.11,0,1848.51,820.18,0.45,3,2022-01-08,Inpatient,0.0,True
C11651,P7640,PR0304,F0141,14,F,Commercial,7,1.77,In-Network,Denied,Primary Care,Surgery,93010,J45.909,1,2097.69,805.26,6.37,0,2023-12-03,Outpatient,0.0,True
C11654,P7752,PR0100,F0157,37,M,Medicaid,8,1.1,In-Network,Adjusted,Cardiology,Surgery,27447,S83.241A,0,2976.14,971.24,0.73,0,2023-04-03,Outpatient,0.0,True
C11657,P4231,PR0175,F0051,64,F,Medicaid,2,0.71,Out-of-Network,Adjusted,Dermatology,Surgery,99285,G40.909,0,1195.21,785.12,0.26,10,2022-09-08,Inpatient,0.0,True
C11663,P5217,PR0225,F0048,0,M,Medicaid,5,1.33,Out-of-Network,Adjusted,Neurology,Labs,99213,O80,0,1232.79,852.36,0.82,6,2023-01-16,Inpatient,0.0,True
C11674,P7746,PR0154,F0154,29,F,Commercial,8,2.51,In-Network,Denied,Orthopedics,Imaging,27447,O80,0,3105.46,1487.85,1.01,1,2022-11-10,Inpatient,0.0,True
C11683,P4448,PR0171,F0034,32,M,Medicare,5,0.42,Out-of-Network,Paid,Gastroenterology,Labs,99285,O80,0,1117.23,1276.57,1.39,0,2023-04-28,ER,0.0,True
C11692,P4443,PR0490,F0020,9,F,VA,1,2.47,Out-of-Network,Adjusted,Endocrinology,Primary Care,93000,I21.4,0,3403.46,1056.24,1.94,0,2023-03-09,ER,0.0,True
C11693,P6981,PR0314,F0016,61,M,Medicare,9,2.67,Out-of-Network,Adjusted,Dermatology,Specialist,99285,S83.241A,0,2574.52,799.42,0.35,0,2023-10-27,Outpatient,0.0,True
C11704,P1641,PR0232,F0082,42,F,VA,5,1.65,Out-of-Network,Denied,Gastroenterology,Primary Care,99285,O80,0,4367.7,853.9,1.89,0,2022-06-27,ER,0.0,True
C11711,P6237,PR0284,F0129,29,F,VA,9,1.49,Out-of-Network,Denied,Gastroenterology,Labs,99285,K21.9,0,3185.98,1342.01,4.12,1,2022-07-06,Inpatient,0.0,True
C11718,P2110,PR0382,F0052,86,M,VA,6,0.34,Out-of-Network,Denied,Endocrinology,Gastroenterology,93010,G40.909,0,3694.33,37378.11,3.79,0,2022-11-23,ER,0.0,True
C11720,P7978,PR0294,F0097,22,F,Medicaid,6,2.31,Out-of-Network,Adjusted,Orthopedics,Imaging,99285,E11.9,1,2226.12,1037.02,0.83,0,2022-08-31,Outpatient,0.104,True
C11725,P4789,PR0041,F0031,16,M,Medicare,1,2.33,In-Network,Denied,Cardiology,Primary Care,93000,O80,0,2878.98,760.43,0.39,0,2022-08-09,ER,0.0,True
C11732,P5549,PR0489,F0055,49,M,Commercial,7,0.75,Out-of-Network,Adjusted,Cardiology,Imaging,93010,J45.909,1,1155.61,2091.78,0.22,0,2022-08-29,Outpatient,0.0,True
C11738,P2158,PR0358,F0194,15,F,Commercial,7,2.87,Out-of-Network,Denied,Gastroenterology,Labs,95816,O80,0,4050.14,1277.86,0.55,0,2022-03-20,Outpatient,0.0,True
C11752,P1751,PR0229,F0152,45,M,Medicare,6,2.17,Out-of-Network,Denied,Gastroenterology,Labs,73564,S83.241A,0,531.42,791.95,0.11,9,2023-12-05,Inpatient,0.0,True
C11758,P1430,PR0344,F0119,70,M,Medicare,4,0.77,In-Network,Adjusted,Neurology,Labs,99285,I21.4,0,4213.66,1020.79,1.15,7,2023-03-30,Inpatient,0.0,True
C11789,P0705,PR0109,F0154,89,F,Medicaid,12,0.44,In-Network,Denied,Cardiology,Surgery,59400,J45.909,1,935.91,901.33,0.5,0,2023-08-20,ER,0.0,True
C11792,P2212,PR0361,F0070,0,F,Medicare,11,2.46,In-Network,Adjusted,Cardiology,Imaging,95250,E11.9,1,4420.47,816.64,3.48,0,2022-03-19,ER,0.104,True
C11793,P6140,PR0248,F0099,64,F,VA,8,2.94,In-Network,Denied,Endocrinology,Primary Care,99214,M17.11,0,3374.3,876.31,2.92,8,2022-07-08,Inpatient,0.0,True
C11799,P1047,PR0011,F0021,20,F,Medicaid,11,2.46,In-Network,Paid,Gastroenterology,Specialist,93010,O80,0,4846.16,1021.78,2.99,0,2023-01-04,Outpatient,0.0,True
C11827,P4970,PR0056,F0166,78,M,Commercial,4,0.63,In-Network,Adjusted,OBGYN,Imaging,93000,G40.909,0,1572.25,973.37,0.6,3,2022-04-30,Inpatient,0.0,True
C11839,P4622,PR0478,F0067,84,M,Commercial,3,1.93,Out-of-Network,Paid,Gastroenterology,Specialist,73564,K21.9,0,936.15,1182.31,2.99,0,2022-07-01,Outpatient,0.0,True
C11864,P2677,PR0391,F0191,90,F,VA,10,1.46,In-Network,Denied,Endocrinology,Surgery,99285,E11.9,1,1133.53,931.8,0.21,3,2023-02-26,Inpatient,0.104,True
C11871,P5088,PR0116,F0055,41,M,VA,4,0.84,In-Network,Paid,OBGYN,Specialist,59400,E11.65,1,677.28,968.39,0.81,0,2022-09-12,ER,0.0,True
C11892,P2897,PR0190,F0060,11,M,Commercial,7,2.61,Out-of-Network,Adjusted,Endocrinology,Labs,99285,E11.9,1,2008.6,1381.82,0.46,0,2023-11-07,Outpatient,0.104,True
C11906,P3307,PR0232,F0030,29,M,Medicare,7,1.45,In-Network,Paid,OBGYN,Labs,95816,G40.909,0,3914.6,2392.97,0.62,5,2023-01-30,Inpatient,0.0,True
C11927,P5618,PR0007,F0031,29,M,Medicare,1,1.7,In-Network,Adjusted,Primary Care,Primary Care,95250,E11.9,1,1907.68,2079.48,0.32,0,2022-11-02,Outpatient,0.104,True
C11928,P0722,PR0449,F0034,73,F,VA,12,1.9,In-Network,Paid,Gastroenterology,Gastroenterology,95816,S83.241A,0,3312.23,24257.71,0.44,0,2023-09-11,Outpatient,0.0,True
C11932,P1722,PR0085,F0001,43,F,Medicare,1,1.01,In-Network,Paid,Orthopedics,Imaging,99213,M17.11,0,2351.71,1599.26,0.66,9,2022-12-24,Inpatient,0.0,True
C11940,P7687,PR0175,F0095,30,F,Medicare,4,0.51,In-Network,Denied,Dermatology,Imaging,95250,S83.241A,0,1382.2,952.29,0.29,0,2022-12-14,Outpatient,0.0,True
C11945,P2707,PR0074,F0089,4,F,Medicaid,6,1.19,Out-of-Network,Adjusted,OBGYN,Imaging,93010,M17.11,0,230.96,1363.45,0.04,0,2023-12-28,Outpatient,0.0,True
C11968,P5649,PR0197,F0152,70,M,Medicaid,9,0.94,In-Network,Adjusted,Orthopedics,Surgery,95250,I21.4,0,554.22,849.03,0.17,0,2022-06-10,ER,0.0,True
C11980,P2400,PR0461,F0114,80,F,Medicare,7,1.63,Out-of-Network,Paid,Primary Care,Primary Care,95816,J45.909,1,954.58,1697.6,0.14,0,2022-05-16,ER,0.0,True
C11989,P5257,PR0467,F0112,43,M,Medicare,2,2.62,Out-of-Network,Denied,Endocrinology,Labs,95816,E11.65,1,4086.14,2312.43,1.26,0,2023-11-06,ER,0.0,True
C11990,P5200,PR0487,F0074,20,M,Commercial,11,1.22,In-Network,Adjusted,Primary Care,Labs,93000,E11.65,1,4947.12,1004.56,0.7,0,2023-07-18,ER,0.0,True
C12028,P6283,PR0472,F0167,4,M,Medicaid,3,2.02,In-Network,Paid,Primary Care,Surgery,99214,M17.11,0,2858.32,2097.68,0.41,0,2022-07-07,Outpatient,0.0,True
C12039,P7616,PR0016,F0021,77,M,Medicare,6,2.44,In-Network,Adjusted,OBGYN,Surgery,99214,I21.4,0,1338.97,1027.38,0.21,0,2023-07-29,Outpatient,0.0,True
C12045,P4276,PR0189,F0109,44,F,Medicaid,1,0.52,Out-of-Network,Adjusted,Gastroenterology,Primary Care,27447,S83.241A,0,2805.26,964.17,24.89,0,2023-10-11,ER,0.0,True
C12058,P2798,PR0329,F0140,62,F,Medicare,7,0.9,Out-of-Network,Paid,Gastroenterology,Labs,93000,K21.9,0,4641.5,893.3,0.64,4,2023-04-02,Inpatient,0.0,True
C12064,P7782,PR0474,F0092,76,F,Medicare,10,2.66,In-Network,Denied,Orthopedics,Gastroenterology,27447,I50.9,1,2612.37,22653.59,0.58,0,2022-03-14,Outpatient,0.331,True
C12070,P3299,PR0273,F0078,37,M,VA,11,1.02,In-Network,Denied,Cardiology,Surgery,99214,I50.9,1,1484.65,798.58,0.42,0,2022-02-02,Outpatient,0.331,True
C12079,P6885,PR0009,F0093,39,F,Medicaid,6,0.93,Out-of-Network,Adjusted,Cardiology,Labs,73564,O80,0,1917.95,969.15,0.51,0,2022-04-08,Outpatient,0.0,True
C12086,P5984,PR0036,F0125,18,M,Medicare,10,1.49,In-Network,Paid,Gastroenterology,Specialist,99285,O80,0,3963.88,861.17,0.82,0,2022-01-26,Outpatient,0.0,True
C12108,P4185,PR0038,F0122,67,M,Medicaid,12,2.45,Out-of-Network,Denied,Gastroenterology,Specialist,95250,E11.9,1,1673.28,1363.49,0.28,0,2023-01-29,Outpatient,0.104,True
C12131,P2176,PR0288,F0099,76,F,Commercial,4,0.81,In-Network,Paid,Dermatology,Surgery,27447,E11.65,1,1846.74,1286.5,0.69,0,2022-10-01,Outpatient,0.0,True
C12144,P5896,PR0248,F0142,35,M,Commercial,12,1.6,In-Network,Adjusted,OBGYN,Imaging,99213,I50.9,1,3856.85,900.4,0.54,0,2022-02-20,ER,0.331,True
C12165,P3662,PR0128,F0147,13,M,VA,1,0.53,In-Network,Paid,Gastroenterology,Labs,95250,J45.909,1,507.44,861.22,0.09,0,2023-10-07,Outpatient,0.0,True
C12171,P4292,PR0102,F0137,24,F,Medicaid,5,1.46,In-Network,Paid,Neurology,Surgery,99213,I50.9,1,4128.04,2263.14,3.46,1,2022-05-20,Inpatient,0.331,True
C12186,P0546,PR0160,F0003,35,M,VA,7,2.11,Out-of-Network,Denied,OBGYN,Primary Care,73564,E11.65,1,165.94,1239.2,0.12,0,2022-01-06,Outpatient,0.0,True
C12202,P4547,PR0136,F0055,76,F,Commercial,8,1.43,In-Network,Paid,OBGYN,Surgery,99285,I50.9,1,3039.86,971.44,2.09,0,2023-04-14,ER,0.331,True
C12205,P6543,PR0225,F0005,32,M,Commercial,9,0.38,Out-of-Network,Paid,Orthopedics,Imaging,95816,I21.4,0,2188.64,797.3,0.38,0,2022-12-13,Outpatient,0.0,True
C12237,P6565,PR0460,F0111,80,M,Medicare,9,2.65,In-Network,Adjusted,Endocrinology,Labs,93010,S83.241A,0,3585.53,1811.07,1.64,0,2022-08-11,Outpatient,0.0,True
C12245,P2645,PR0002,F0175,32,M,Medicare,6,2.7,Out-of-Network,Paid,OBGYN,Imaging,27447,G40.909,0,2081.91,864.6,0.45,0,2023-06-09,ER,0.0,True
C12246,P2574,PR0099,F0088,55,M,Commercial,3,1.63,In-Network,Paid,Endocrinology,Surgery,95816,I21.4,0,2695.7,3446.95,3.4,0,2023-01-23,ER,0.0,True
C12253,P4041,PR0148,F0011,2,F,Medicaid,7,2.37,In-Network,Paid,Cardiology,Specialist,95250,G40.909,0,4053.89,1935.91,0.55,2,2023-02-04,Inpatient,0.0,True
C12281,P2276,PR0368,F0119,75,F,Commercial,3,0.95,In-Network,Paid,Neurology,Specialist,99214,G40.909,0,3474.42,1417.41,4.67,9,2022-06-04,Inpatient,0.0,True
C12294,P5607,PR0356,F0007,66,F,VA,11,0.66,Out-of-Network,Paid,Cardiology,Labs,95816,O80,0,310.25,899.64,1.81,5,2023-11-17,Inpatient,0.0,True
C12310,P2286,PR0023,F0037,5,M,Medicare,9,0.78,Out-of-Network,Denied,Dermatology,Specialist,93000,I21.4,0,1443.31,1208.2,0.3,0,2022-04-08,Outpatient,0.0,True
C12311,P7338,PR0332,F0119,13,M,Medicaid,7,1.69,In-Network,Paid,Cardiology,Primary Care,95250,I50.9,1,4395.9,929.84,0.88,0,2022-02-04,Outpatient,0.331,True
C12317,P5074,PR0442,F0086,46,M,Medicare,10,0.72,Out-of-Network,Paid,Orthopedics,Specialist,73564,E11.65,1,1291.44,1126.25,0.19,0,2023-10-14,Outpatient,0.0,True
C12361,P6720,PR0138,F0196,55,F,Commercial,9,2.6,In-Network,Denied,Gastroenterology,Labs,27447,M17.11,0,3367.24,845.65,0.51,3,2022-01-14,Inpatient,0.0,True
C12382,P0939,PR0064,F0007,56,F,Commercial,10,2.49,Out-of-Network,Adjusted,Cardiology,Imaging,95250,I21.4,0,368.81,1947.82,0.21,4,2023-07-05,Inpatient,0.0,True
C12392,P5073,PR0094,F0002,78,F,Medicare,5,2.23,Out-of-Network,Paid,Orthopedics,Primary Care,99214,K21.9,0,1536.58,1639.66,0.35,0,2022-12-04,Outpatient,0.0,True
C12397,P2895,PR0035,F0046,29,M,Medicaid,11,1.63,In-Network,Adjusted,Cardiology,Primary Care,99285,J45.909,1,3017.51,1079.83,2.04,0,2022-01-24,ER,0.0,True
C12411,P0021,PR0181,F0019,78,M,Medicaid,4,0.78,In-Network,Denied,Neurology,Specialist,73564,I50.9,1,2766.49,888.82,0.38,1,2022-10-07,Inpatient,0.331,True
C12415,P4702,PR0024,F0122,19,M,VA,2,2.47,Out-of-Network,Paid,Primary Care,Surgery,95816,G40.909,0,4998.14,822.27,0.97,0,2023-08-10,Outpatient,0.0,True
C12432,P6422,PR0291,F0158,80,F,VA,10,2.38,In-Network,Adjusted,Orthopedics,Primary Care,59400,I21.4,0,317.84,843.89,0.12,0,2023-05-17,ER,0.0,True
C12446,P6603,PR0084,F0060,2,F,Medicaid,8,0.39,In-Network,Paid,Cardiology,Primary Care,99214,E11.9,1,920.11,1289.58,0.12,0,2022-09-13,Outpatient,0.104,True
C12462,P6993,PR0487,F0183,80,F,Commercial,8,2.2,Out-of-Network,Adjusted,Endocrinology,Imaging,93010,M17.11,0,2584.92,1610.39,17.85,0,2023-05-14,ER,0.0,True
C12469,P2008,PR0243,F0183,75,M,VA,1,2.38,In-Network,Denied,Neurology,Labs,99213,I21.4,0,4740.99,833.99,0.82,0,2023-03-28,Outpatient,0.0,True
C12471,P1873,PR0489,F0024,56,F,Medicaid,11,2.08,Out-of-Network,Adjusted,Gastroenterology,Primary Care,93000,S83.241A,0,1687.85,795.14,1.0,0,2022-06-20,Outpatient,0.0,True
C12518,P2249,PR0150,F0039,50,M,Commercial,9,1.63,In-Network,Denied,Neurology,Surgery,59400,J45.909,1,918.09,1490.61,0.29,2,2022-12-18,Inpatient,0.0,True
C12575,P1753,PR0090,F0190,24,F,Medicaid,4,1.37,In-Network,Adjusted,Primary Care,Gastroenterology,59400,S83.241A,0,563.72,18834.24,0.1,0,2022-06-24,Outpatient,0.0,True
C12577,P0539,PR0295,F0049,35,M,Medicaid,12,1.35,Out-of-Network,Denied,Gastroenterology,Primary Care,99214,I21.4,0,949.19,861.94,0.23,7,2023-05-03,Inpatient,0.0,True
C12584,P3496,PR0292,F0097,30,M,Medicare,5,2.51,Out-of-Network,Denied,Dermatology,Primary Care,93000,M17.11,0,838.78,909.4,0.18,0,2023-06-20,ER,0.0,True
C12594,P2206,PR0121,F0055,29,M,Medicaid,2,2.98,In-Network,Denied,Endocrinology,Surgery,99213,G40.909,0,1948.98,3531.61,1.25,4,2022-04-10,Inpatient,0.0,True
C12612,P5265,PR0328,F0179,27,F,Commercial,7,1.14,Out-of-Network,Paid,Endocrinology,Surgery,27447,O80,0,4323.67,961.8,1.05,0,2022-01-09,Outpatient,0.0,True
C12614,P6909,PR0400,F0007,35,M,VA,7,1.6,In-Network,Denied,Dermatology,Surgery,95250,J45.909,1,3979.07,860.22,0.57,0,2022-10-17,ER,0.0,True
C12617,P3330,PR0150,F0106,43,M,Medicare,4,1.01,In-Network,Denied,Cardiology,Labs,99214,E11.9,1,4140.52,968.66,0.92,0,2023-02-19,ER,0.104,True
C12631,P6052,PR0265,F0011,29,F,VA,11,1.45,In-Network,Adjusted,Dermatology,Labs,99285,E11.9,1,3810.65,1247.97,1.14,0,2023-01-13,Outpatient,0.104,True
C12640,P5247,PR0122,F0129,36,M,Medicare,10,1.21,Out-of-Network,Adjusted,Orthopedics,Gastroenterology,27447,E11.65,1,2068.94,23306.76,1.35,0,2023-04-03,Outpatient,0.0,True
C12646,P3620,PR0360,F0023,6,M,VA,4,0.33,In-Network,Denied,Endocrinology,Surgery,93000,G40.909,0,2939.54,908.97,0.43,4,2023-02-07,Inpatient,0.0,True
C12653,P4855,PR0183,F0163,73,M,VA,2,1.15,Out-of-Network,Adjusted,Gastroenterology,Imaging,93010,E11.65,1,4060.37,819.95,7.83,7,2022-11-01,Inpatient,0.0,True
C12656,P7001,PR0253,F0039,73,M,Commercial,9,2.35,Out-of-Network,Paid,Orthopedics,Labs,27447,E11.9,1,1715.41,911.22,0.23,0,2023-07-11,ER,0.104,True
C12686,P2532,PR0241,F0004,13,F,Medicaid,5,1.84,In-Network,Adjusted,Primary Care,Labs,73564,S83.241A,0,4401.54,886.16,13.75,7,2022-08-11,Inpatient,0.0,True
C12697,P4510,PR0224,F0097,52,M,VA,11,0.57,In-Network,Paid,OBGYN,Imaging,95250,O80,0,4251.73,752.4,1.89,0,2023-02-16,Outpatient,0.0,True
C12709,P3949,PR0396,F0200,90,M,Medicare,12,0.45,In-Network,Paid,Cardiology,Labs,95250,G40.909,0,3171.25,4837.33,0.42,10,2023-03-22,Inpatient,0.0,True
C12717,P7039,PR0112,F0161,5,F,Commercial,4,1.34,In-Network,Denied,Orthopedics,Gastroenterology,59400,I50.9,1,1690.23,39354.16,0.25,6,2022-08-06,Inpatient,0.331,True
C12719,P3534,PR0223,F0169,25,M,VA,6,2.0,Out-of-Network,Paid,Gastroenterology,Surgery,59400,I21.4,0,4878.8,1259.03,4.3,0,2022-04-30,Outpatient,0.0,True
C12734,P3389,PR0113,F0159,76,F,VA,5,2.21,In-Network,Paid,Neurology,Surgery,27447,G40.909,0,1362.39,1394.58,0.69,0,2022-04-12,Outpatient,0.0,True
C12739,P3157,PR0143,F0175,90,F,Medicare,1,1.99,Out-of-Network,Adjusted,Cardiology,Labs,95816,E11.9,1,3389.13,1761.8,0.57,4,2023-06-04,Inpatient,0.104,True
C12742,P3479,PR0394,F0124,52,F,Commercial,4,1.41,In-Network,Adjusted,Primary Care,Imaging,99214,G40.909,0,4095.67,815.84,2.4,0,2022-05-25,Outpatient,0.0,True
C12747,P2159,PR0247,F0149,5,F,VA,10,0.83,In-Network,Denied,Dermatology,Labs,95816,I21.4,0,1023.31,1303.2,0.14,1,2023-03-29,Inpatient,0.0,True
C12752,P0860,PR0474,F0048,17,M,VA,10,1.06,Out-of-Network,Paid,Cardiology,Primary Care,27447,J45.909,1,1620.25,1622.36,0.23,0,2022-11-11,ER,0.0,True
C12792,P4940,PR0144,F0071,44,M,VA,4,2.48,Out-of-Network,Adjusted,OBGYN,Gastroenterology,73564,I50.9,1,532.87,1041.21,0.95,0,2023-12-22,ER,0.331,True
C12793,P7244,PR0325,F0174,12,M,Commercial,12,2.62,Out-of-Network,Denied,Primary Care,Primary Care,95816,E11.65,1,298.32,975.2,0.4,0,2022-10-17,Outpatient,0.0,True
C12795,P6086,PR0448,F0178,67,F,Medicaid,4,2.36,Out-of-Network,Denied,Dermatology,Imaging,59400,S83.241A,0,3155.08,2215.51,0.77,2,2023-06-17,Inpatient,0.0,True
C12800,P6363,PR0222,F0032,42,M,VA,12,1.87,In-Network,Denied,Gastroenterology,Surgery,99214,G40.909,0,1285.83,904.17,1.0,0,2023-06-29,ER,0.0,True
C12801,P6018,PR0032,F0180,43,F,VA,1,1.97,In-Network,Paid,Orthopedics,Surgery,99285,E11.9,1,3875.94,893.16,3.02,0,2022-05-12,Outpatient,0.104,True
C12811,P5109,PR0293,F0059,1,F,Commercial,1,2.72,In-Network,Adjusted,Endocrinology,Specialist,27447,M17.11,0,2591.9,757.12,0.97,0,2023-09-12,ER,0.0,True
C12845,P1309,PR0455,F0060,43,F,Commercial,8,0.4,In-Network,Paid,Orthopedics,Primary Care,95816,I50.9,1,3756.71,1567.47,0.54,0,2022-12-05,ER,0.331,True
C12847,P3851,PR0202,F0121,21,F,Medicare,11,2.8,Out-of-Network,Adjusted,Neurology,Primary Care,59400,M17.11,0,2664.25,1112.38,2.33,0,2023-08-21,Outpatient,0.0,True
C12852,P4155,PR0219,F0154,23,M,Commercial,10,1.53,In-Network,Denied,Cardiology,Labs,99213,E11.9,1,1026.08,1049.53,0.3,0,2023-02-26,ER,0.104,True
C12861,P5687,PR0220,F0033,50,F,Medicare,3,2.28,In-Network,Paid,Neurology,Labs,27447,E11.65,1,4101.86,934.45,0.59,0,2022-05-25,Outpatient,0.0,True
C12901,P0619,PR0472,F0115,80,M,Medicare,4,0.5,Out-of-Network,Paid,Gastroenterology,Gastroenterology,59400,G40.909,0,3741.98,26692.51,1.05,0,2023-10-17,ER,0.0,True
C12903,P2413,PR0461,F0110,29,M,VA,11,1.16,Out-of-Network,Paid,Neurology,Specialist,59400,I21.4,0,4076.96,796.46,0.59,5,2022-05-02,Inpatient,0.0,True
C12913,P5906,PR0408,F0099,29,F,Medicaid,5,1.86,Out-of-Network,Adjusted,Dermatology,Primary Care,95250,I50.9,1,1515.68,1034.2,0.84,8,2023-03-10,Inpatient,0.331,True
C12914,P4248,PR0316,F0016,89,F,Medicare,7,1.15,Out-of-Network,Adjusted,OBGYN,Primary Care,73564,K21.9,0,2965.02,3110.67,1.44,2,2022-07-12,Inpatient,0.0,True
C12949,P4080,PR0283,F0116,56,F,Commercial,9,2.51,Out-of-Network,Denied,Endocrinology,Imaging,27447,G40.909,0,4742.59,1317.34,1.65,1,2023-12-13,Inpatient,0.0,True
C12953,P1918,PR0442,F0095,2,M,Commercial,10,0.71,Out-of-Network,Paid,Primary Care,Primary Care,99213,M17.11,0,167.32,1506.78,0.03,0,2023-01-13,Outpatient,0.0,True
C12964,P5966,PR0435,F0114,14,M,Medicare,12,1.58,Out-of-Network,Paid,OBGYN,Imaging,73564,E11.65,1,848.93,896.63,0.13,1,2022-03-13,Inpatient,0.0,True
C12999,P3721,PR0198,F0136,61,F,VA,7,2.82,Out-of-Network,Paid,Cardiology,Surgery,99214,K21.9,0,2311.67,848.01,0.53,0,2022-08-31,Outpatient,0.0,True
C13014,P7656,PR0043,F0075,68,M,Medicaid,1,2.06,In-Network,Denied,Dermatology,Labs,95250,K21.9,0,1748.84,1244.32,0.28,10,2023-07-11,Inpatient,0.0,True
C13024,P4923,PR0234,F0054,13,F,VA,5,1.59,Out-of-Network,Denied,Endocrinology,Primary Care,27447,G40.909,0,4474.44,1889.47,0.65,7,2022-12-25,Inpatient,0.0,True
C13035,P5215,PR0011,F0107,40,F,Medicaid,2,0.54,In-Network,Paid,Endocrinology,Surgery,93010,G40.909,0,3955.44,1436.48,0.68,0,2022-11-02,Outpatient,0.0,True
C13037,P6389,PR0082,F0044,6,M,Medicaid,5,1.82,Out-of-Network,Denied,OBGYN,Labs,93000,M17.11,0,2735.47,1167.66,0.81,0,2022-06-18,Outpatient,0.0,True
C13043,P2101,PR0146,F0152,17,M,Medicare,11,1.22,In-Network,Denied,OBGYN,Primary Care,95816,I21.4,0,3328.67,1030.61,0.54,0,2022-12-02,ER,0.0,True
C13046,P6798,PR0325,F0005,37,M,Medicaid,6,0.84,Out-of-Network,Adjusted,Cardiology,Labs,59400,E11.65,1,2051.05,835.46,0.52,0,2022-09-19,ER,0.0,True
C13052,P4832,PR0159,F0093,46,F,Medicare,8,1.36,Out-of-Network,Denied,Orthopedics,Surgery,93000,I50.9,1,3306.6,879.9,5.28,0,2022-02-18,ER,0.331,True
C13054,P5311,PR0128,F0104,62,F,Medicare,4,1.71,In-Network,Adjusted,OBGYN,Surgery,59400,J45.909,1,713.72,1582.81,0.1,0,2023-11-23,Outpatient,0.0,True
C13062,P5011,PR0466,F0114,29,M,VA,10,1.17,In-Network,Adjusted,OBGYN,Labs,73564,I21.4,0,4395.52,1588.35,1.74,0,2023-10-10,ER,0.0,True
C13066,P2629,PR0148,F0064,46,F,Medicare,9,2.92,Out-of-Network,Denied,Gastroenterology,Labs,93000,J45.909,1,562.99,970.74,0.08,6,2022-09-20,Inpatient,0.0,True
C13067,P1451,PR0332,F0095,62,M,Commercial,6,2.87,In-Network,Paid,Cardiology,Surgery,95250,M17.11,0,4055.57,1995.1,0.52,0,2022-02-14,Outpatient,0.0,True
C13078,P2909,PR0029,F0120,29,F,Medicare,4,2.17,Out-of-Network,Adjusted,OBGYN,Imaging,27447,J45.909,1,1759.61,1158.62,0.85,8,2022-01-07,Inpatient,0.0,True
C13090,P3152,PR0390,F0160,43,M,Medicaid,7,2.11,Out-of-Network,Denied,Gastroenterology,Labs,95816,I50.9,1,1810.59,1264.68,0.24,0,2022-11-22,Outpatient,0.331,True
C13097,P7234,PR0319,F0141,12,M,Medicaid,5,1.6,Out-of-Network,Adjusted,Orthopedics,Imaging,59400,E11.9,1,3987.57,861.25,0.92,6,2022-09-16,Inpatient,0.104,True
C13115,P7591,PR0224,F0166,84,M,Commercial,7,1.22,Out-of-Network,Denied,Dermatology,Labs,93010,K21.9,0,4622.57,2642.89,0.68,0,2022-06-27,Outpatient,0.0,True
C13117,P3253,PR0007,F0099,34,M,Commercial,8,1.08,In-Network,Paid,Cardiology,Specialist,99214,K21.9,0,93.82,1037.42,0.02,0,2022-10-03,Outpatient,0.0,True
C13158,P6345,PR0306,F0098,72,F,Medicaid,11,0.93,Out-of-Network,Denied,OBGYN,Primary Care,99214,E11.9,1,384.39,1194.87,0.09,0,2022-08-03,ER,0.104,True
C13170,P6932,PR0411,F0007,2,M,VA,1,0.9,In-Network,Denied,Orthopedics,Surgery,93000,E11.9,1,4552.55,3792.14,0.59,0,2023-12-15,Outpatient,0.104,True
C13178,P4719,PR0122,F0196,21,M,Medicaid,5,0.82,In-Network,Adjusted,Gastroenterology,Imaging,95250,S83.241A,0,660.26,1324.62,0.21,0,2022-12-28,ER,0.0,True
C13186,P3322,PR0054,F0073,60,M,VA,7,0.61,In-Network,Adjusted,Gastroenterology,Surgery,95250,I50.9,1,4416.94,2081.67,6.12,0,2022-01-15,ER,0.331,True
C13202,P7644,PR0255,F0095,28,F,Medicaid,8,2.33,Out-of-Network,Denied,Dermatology,Surgery,93010,M17.11,0,3169.96,781.08,0.43,3,2023-05-21,Inpatient,0.0,True
C13207,P1832,PR0240,F0029,53,F,Medicare,9,1.03,In-Network,Paid,Cardiology,Imaging,93000,G40.909,0,1996.75,4010.17,2.13,0,2022-09-20,ER,0.0,True
C13222,P4898,PR0021,F0183,66,F,Medicare,6,0.61,Out-of-Network,Adjusted,Cardiology,Specialist,93010,O80,0,4571.61,762.11,1.77,0,2023-04-13,Outpatient,0.0,True
C13226,P2938,PR0187,F0199,1,F,Medicaid,12,1.23,Out-of-Network,Adjusted,Orthopedics,Labs,93000,J45.909,1,3817.3,5590.98,21.37,0,2022-10-20,ER,0.0,True
C13234,P1440,PR0079,F0112,54,F,Medicaid,5,0.96,Out-of-Network,Adjusted,Primary Care,Labs,73564,I21.4,0,2788.81,841.45,0.44,0,2022-10-07,Outpatient,0.0,True
C13247,P5053,PR0296,F0055,73,F,VA,6,0.87,In-Network,Paid,OBGYN,Surgery,93010,S83.241A,0,2388.84,2503.15,0.35,0,2023-10-16,Outpatient,0.0,True
C13257,P6362,PR0366,F0171,82,F,Medicare,4,2.83,Out-of-Network,Adjusted,Dermatology,Specialist,59400,S83.241A,0,1798.37,1158.77,0.61,0,2022-08-13,Outpatient,0.0,True
C13291,P0896,PR0110,F0184,90,M,Commercial,9,2.47,In-Network,Paid,Primary Care,Specialist,95816,E11.65,1,3272.47,999.79,0.86,2,2023-05-30,Inpatient,0.0,True
C13295,P0057,PR0020,F0006,15,F,Medicaid,7,1.59,In-Network,Adjusted,Endocrinology,Primary Care,95250,G40.909,0,4490.92,765.06,1.07,0,2023-01-26,ER,0.0,True
C13309,P5256,PR0174,F0198,68,M,Medicare,12,0.68,In-Network,Denied,Orthopedics,Imaging,27447,O80,0,661.6,808.14,0.37,6,2022-01-30,Inpatient,0.0,True
C13317,P5338,PR0264,F0060,19,M,Medicare,3,1.29,Out-of-Network,Denied,Dermatology,Imaging,59400,E11.9,1,1869.91,1868.77,0.73,0,2022-10-03,Outpatient,0.104,True
C13326,P1686,PR0271,F0011,44,M,Medicare,6,2.19,In-Network,Denied,Neurology,Labs,99214,O80,0,2904.86,824.06,0.99,5,2022-08-15,Inpatient,0.0,True
C13334,P4285,PR0178,F0198,67,M,Medicaid,6,2.72,In-Network,Denied,OBGYN,Labs,73564,S83.241A,0,1256.59,1967.66,0.43,0,2022-06-12,ER,0.0,True
C13388,P3458,PR0347,F0016,45,F,Medicare,3,2.97,In-Network,Adjusted,Dermatology,Labs,99214,K21.9,0,1234.83,970.38,0.2,9,2022-08-06,Inpatient,0.0,True
C13409,P7577,PR0087,F0195,18,M,Commercial,7,2.88,In-Network,Paid,Endocrinology,Primary Care,93010,S83.241A,0,1512.47,1413.88,4.45,0,2023-03-05,ER,0.0,True
C13445,P3722,PR0105,F0184,15,F,Commercial,4,2.95,In-Network,Paid,OBGYN,Imaging,93010,M17.11,0,718.04,4387.76,0.54,0,2023-11-10,ER,0.0,True
C13481,P3141,PR0050,F0173,80,F,Commercial,11,1.7,In-Network,Paid,Orthopedics,Specialist,95816,S83.241A,0,4076.73,1495.69,1.6,0,2022-07-23,ER,0.0,True
C13510,P1927,PR0260,F0185,17,M,Medicaid,11,1.77,Out-of-Network,Adjusted,Neurology,Labs,27447,G40.909,0,4384.78,960.83,1.4,0,2022-08-13,ER,0.0,True
C13519,P6191,PR0247,F0050,16,F,Commercial,5,1.14,Out-of-Network,Paid,Neurology,Labs,95250,M17.11,0,2779.66,2671.29,1.32,0,2022-02-25,Outpatient,0.0,True
C13529,P0659,PR0073,F0019,3,M,VA,6,1.51,In-Network,Denied,Orthopedics,Labs,73564,I21.4,0,2471.66,1076.42,0.49,0,2022-11-29,Outpatient,0.0,True
C13533,P7495,PR0365,F0182,2,F,Commercial,10,1.43,Out-of-Network,Adjusted,Cardiology,Primary Care,73564,G40.909,0,4206.89,1001.95,0.64,0,2022-09-19,ER,0.0,True
C13549,P0190,PR0499,F0098,4,M,Medicaid,3,1.26,Out-of-Network,Adjusted,Orthopedics,Specialist,93000,J45.909,1,3964.94,1488.99,0.58,0,2023-02-01,ER,0.0,True
C13577,P2966,PR0144,F0139,77,F,Commercial,10,0.4,In-Network,Denied,Dermatology,Surgery,27447,O80,0,1571.11,964.92,0.2,8,2022-07-24,Inpatient,0.0,True
C13592,P6969,PR0500,F0187,5,M,Commercial,11,0.96,In-Network,Denied,Neurology,Surgery,99214,I21.4,0,2195.57,825.75,5.76,0,2022-12-02,Outpatient,0.0,True
C13603,P0050,PR0187,F0119,53,M,Medicare,4,2.96,Out-of-Network,Paid,Gastroenterology,Imaging,99213,I50.9,1,2496.82,1115.2,0.39,0,2023-07-18,ER,0.331,True
C13615,P0126,PR0303,F0082,66,F,Medicaid,3,1.69,Out-of-Network,Adjusted,Neurology,Imaging,95816,S83.241A,0,3646.44,2176.15,1.32,7,2022-04-09,Inpatient,0.0,True
C13621,P3649,PR0180,F0051,39,F,Medicaid,11,0.74,In-Network,Denied,Neurology,Surgery,95250,G40.909,0,2439.59,763.72,1.4,0,2023-06-07,ER,0.0,True
C13639,P1432,PR0453,F0177,61,F,Medicare,6,0.96,In-Network,Adjusted,Gastroenterology,Surgery,93010,J45.909,1,3564.42,970.65,0.53,0,2023-02-25,ER,0.0,True
C13652,P4409,PR0286,F0047,68,F,Medicare,4,2.25,Out-of-Network,Adjusted,Dermatology,Labs,93010,M17.11,0,4314.12,1046.68,3.84,4,2023-03-12,Inpatient,0.0,True
C13657,P0347,PR0030,F0064,81,M,VA,1,2.27,In-Network,Adjusted,Neurology,Specialist,99285,M17.11,0,3021.62,1414.89,4.41,0,2023-05-24,Outpatient,0.0,True
C13661,P7453,PR0462,F0079,59,F,VA,2,0.47,Out-of-Network,Denied,Cardiology,Imaging,99285,O80,0,3587.46,768.81,0.59,0,2023-10-26,Outpatient,0.0,True
C13663,P2491,PR0216,F0193,85,F,Commercial,10,0.97,Out-of-Network,Adjusted,Endocrinology,Surgery,99285,G40.909,0,3230.16,861.46,0.86,0,2023-06-01,Outpatient,0.0,True
C13667,P0962,PR0238,F0174,58,F,Medicaid,9,2.37,Out-of-Network,Paid,Endocrinology,Specialist,95250,J45.909,1,735.73,1049.82,0.17,0,2023-12-09,Outpatient,0.0,True
C13668,P4689,PR0417,F0159,82,F,VA,4,2.78,Out-of-Network,Adjusted,Dermatology,Primary Care,99213,K21.9,0,3466.24,850.99,0.44,0,2022-01-26,Outpatient,0.0,True
C13670,P4897,PR0098,F0005,88,F,Medicaid,1,0.93,In-Network,Paid,Endocrinology,Surgery,59400,J45.909,1,3960.97,841.87,1.24,3,2023-08-19,Inpatient,0.0,True
C13671,P3170,PR0119,F0039,44,F,Commercial,8,0.4,In-Network,Denied,Neurology,Imaging,99285,K21.9,0,2122.61,1078.27,0.27,0,2022-08-09,ER,0.0,True
C13673,P5219,PR0376,F0132,85,F,Commercial,8,2.61,In-Network,Paid,Dermatology,Imaging,95250,E11.65,1,2166.76,2147.23,0.49,0,2022-06-16,Outpatient,0.0,True
C13686,P5771,PR0455,F0117,45,F,Medicare,11,2.72,In-Network,Adjusted,Cardiology,Labs,93000,M17.11,0,1871.89,789.5,2.07,0,2022-04-11,Outpatient,0.0,True
C13691,P4525,PR0487,F0103,0,F,Medicaid,3,2.29,In-Network,Denied,Gastroenterology,Imaging,27447,I50.9,1,4834.5,1297.83,0.96,1,2022-08-30,Inpatient,0.331,True
C13693,P5252,PR0098,F0078,31,M,VA,9,0.6,In-Network,Denied,Orthopedics,Imaging,93000,E11.65,1,755.0,1096.35,0.36,0,2023-01-27,Outpatient,0.0,True
C13724,P4557,PR0040,F0044,44,F,Medicare,8,2.84,In-Network,Denied,OBGYN,Specialist,95816,J45.909,1,1181.17,1829.95,0.74,0,2022-06-29,Outpatient,0.0,True
C13733,P2258,PR0260,F0197,44,M,Medicaid,9,2.07,Out-of-Network,Denied,Dermatology,Labs,95816,K21.9,0,2772.69,821.62,0.45,0,2022-07-22,ER,0.0,True
C13749,P7295,PR0140,F0143,17,F,Medicaid,8,2.61,In-Network,Denied,Neurology,Primary Care,73564,I21.4,0,2421.66,1669.57,2.16,6,2023-07-06,Inpatient,0.0,True
C13757,P4092,PR0475,F0198,4,M,VA,7,1.57,Out-of-Network,Paid,Primary Care,Labs,95816,O80,0,4345.26,975.44,0.98,0,2022-09-09,Outpatient,0.0,True
C13761,P0040,PR0170,F0057,17,F,Medicaid,2,2.8,Out-of-Network,Adjusted,Cardiology,Gastroenterology,99285,E11.9,1,3511.51,27775.8,0.81,0,2022-04-21,ER,0.104,True
C13781,P0021,PR0482,F0127,40,F,Medicaid,6,0.69,Out-of-Network,Denied,Primary Care,Labs,95250,M17.11,0,1579.66,1822.0,0.21,0,2022-08-03,ER,0.0,True
C13788,P5883,PR0236,F0170,0,M,VA,10,2.15,Out-of-Network,Denied,Primary Care,Gastroenterology,73564,G40.909,0,803.36,26770.93,0.15,6,2022-12-03,Inpatient,0.0,True
C13799,P5044,PR0487,F0046,52,M,Medicare,5,0.6,In-Network,Paid,Primary Care,Specialist,95250,E11.65,1,3817.41,798.92,0.57,0,2023-06-26,ER,0.0,True
C13803,P0008,PR0147,F0031,84,F,VA,4,2.33,Out-of-Network,Paid,Primary Care,Primary Care,99214,K21.9,0,3160.21,2083.47,0.95,0,2022-11-28,Outpatient,0.0,True
C13809,P5551,PR0442,F0022,85,F,Commercial,6,0.62,In-Network,Denied,OBGYN,Labs,95816,S83.241A,0,1760.07,885.08,2.41,6,2023-01-11,Inpatient,0.0,True
C13811,P2215,PR0258,F0191,69,F,Commercial,9,1.38,In-Network,Paid,OBGYN,Surgery,99214,J45.909,1,2992.66,1265.96,1.59,2,2022-11-06,Inpatient,0.0,True
C13822,P6363,PR0251,F0074,86,M,Commercial,5,0.99,Out-of-Network,Paid,Primary Care,Primary Care,93000,I50.9,1,4977.08,967.9,0.65,0,2023-12-11,ER,0.331,True
C13825,P6523,PR0018,F0096,71,F,VA,1,1.83,In-Network,Denied,Primary Care,Surgery,27447,K21.9,0,1863.81,1410.23,0.28,0,2023-06-30,ER,0.0,True
C13836,P0382,PR0193,F0095,89,F,Medicaid,3,0.78,In-Network,Denied,Gastroenterology,Primary Care,99213,S83.241A,0,490.17,929.7,1.08,0,2022-03-03,ER,0.0,True
C13841,P4219,PR0120,F0179,37,F,Commercial,11,2.67,In-Network,Denied,Neurology,Surgery,93010,E11.65,1,3090.32,829.52,0.64,0,2023-03-31,ER,0.0,True
C13845,P2614,PR0189,F0059,35,F,Medicaid,12,2.91,In-Network,Denied,Gastroenterology,Surgery,99213,I21.4,0,1319.77,1077.1,0.19,0,2022-09-08,Outpatient,0.0,True
C13848,P2623,PR0478,F0026,51,F,Medicare,8,1.98,In-Network,Paid,OBGYN,Primary Care,99285,E11.9,1,1315.3,783.24,0.22,0,2022-03-10,ER,0.104,True
C13853,P4570,PR0474,F0110,82,F,Medicare,3,2.85,In-Network,Denied,Cardiology,Surgery,99285,E11.9,1,1285.36,799.86,0.38,0,2023-10-08,ER,0.104,True
C13862,P5151,PR0477,F0111,29,M,Medicare,9,1.85,In-Network,Paid,Primary Care,Specialist,95250,E11.9,1,4090.23,846.79,0.72,3,2023-06-05,Inpatient,0.104,True
C13866,P2724,PR0466,F0159,39,M,Medicare,11,1.35,In-Network,Adjusted,Cardiology,Imaging,99285,G40.909,0,2809.96,825.8,1.26,0,2023-04-06,Outpatient,0.0,True
C13873,P6919,PR0223,F0129,68,F,Medicare,7,2.63,In-Network,Paid,Cardiology,Imaging,95816,S83.241A,0,99.93,779.9,0.02,0,2022-08-20,Outpatient,0.0,True
C13884,P5451,PR0420,F0126,67,F,Commercial,6,0.77,Out-of-Network,Denied,OBGYN,Labs,93000,M17.11,0,3590.62,1303.13,2.27,0,2023-09-11,Outpatient,0.0,True
C13913,P0456,PR0088,F0029,62,F,Medicare,3,1.55,Out-of-Network,Adjusted,Endocrinology,Primary Care,95816,J45.909,1,4019.36,919.51,0.94,0,2022-12-28,Outpatient,0.0,True
C13920,P6767,PR0302,F0072,51,M,Commercial,1,2.7,In-Network,Denied,Orthopedics,Primary Care,93010,I21.4,0,4631.43,1365.4,0.69,0,2023-09-30,ER,0.0,True
C13924,P0143,PR0341,F0182,29,M,Commercial,4,1.04,In-Network,Denied,Cardiology,Labs,99214,I50.9,1,3536.48,975.22,0.8,0,2023-05-07,Outpatient,0.331,True
C13925,P3379,PR0178,F0067,87,F,Medicaid,1,1.85,In-Network,Paid,Dermatology,Primary Care,93010,J45.909,1,4035.63,1553.46,1.53,0,2023-05-21,ER,0.0,True
C13947,P3882,PR0183,F0087,80,F,Medicare,9,1.59,Out-of-Network,Adjusted,Gastroenterology,Specialist,99285,I50.9,1,3520.57,4845.1,0.6,0,2023-10-17,ER,0.331,True
C13949,P0428,PR0258,F0136,19,M,VA,1,2.89,In-Network,Adjusted,Dermatology,Specialist,27447,K21.9,0,4973.25,2796.04,0.82,0,2023-06-25,ER,0.0,True
C13953,P4108,PR0148,F0029,45,M,VA,3,0.47,Out-of-Network,Adjusted,Gastroenterology,Labs,95250,S83.241A,0,4476.46,1075.61,0.81,0,2022-01-26,Outpatient,0.0,True
C13954,P1334,PR0405,F0043,18,F,VA,8,0.87,Out-of-Network,Adjusted,Primary Care,Specialist,73564,M17.11,0,4269.37,1129.54,5.37,6,2023-07-19,Inpatient,0.0,True
C13959,P7825,PR0434,F0035,17,F,Medicaid,11,2.47,Out-of-Network,Adjusted,Orthopedics,Imaging,27447,I21.4,0,4529.33,856.93,1.6,0,2023-06-19,ER,0.0,True
C14003,P1609,PR0318,F0132,65,M,VA,3,2.06,In-Network,Adjusted,Neurology,Gastroenterology,99213,M17.11,0,4204.47,1694.98,1.52,3,2022-07-20,Inpatient,0.0,True
C14005,P4408,PR0243,F0135,65,F,Medicare,2,2.16,In-Network,Denied,Cardiology,Gastroenterology,93000,S83.241A,0,1577.27,2166.03,1.56,0,2023-01-08,Outpatient,0.0,True
C14010,P2699,PR0041,F0096,72,M,VA,5,2.92,Out-of-Network,Adjusted,Endocrinology,Labs,73564,O80,0,1732.54,1214.29,2.76,0,2022-03-09,Outpatient,0.0,True
C14012,P4594,PR0324,F0014,76,F,VA,11,0.9,Out-of-Network,Denied,Orthopedics,Imaging,99214,K21.9,0,1411.8,1235.56,0.38,8,2022-12-26,Inpatient,0.0,True
C14026,P1901,PR0300,F0038,23,M,Commercial,8,1.89,Out-of-Network,Paid,Dermatology,Labs,99285,M17.11,0,3666.31,913.57,1.3,0,2022-01-11,Outpatient,0.0,True
C14030,P5548,PR0017,F0049,85,M,VA,5,1.2,Out-of-Network,Adjusted,Endocrinology,Surgery,95816,E11.9,1,2108.63,800.48,0.54,6,2022-02-14,Inpatient,0.104,True
C14057,P6960,PR0118,F0077,16,F,Medicaid,11,0.51,In-Network,Adjusted,Orthopedics,Surgery,99213,O80,0,1381.57,817.73,0.2,0,2022-08-04,ER,0.0,True
C14059,P1490,PR0293,F0095,36,M,Medicaid,7,1.35,Out-of-Network,Denied,Gastroenterology,Surgery,93010,E11.9,1,4923.4,1556.68,0.72,8,2022-06-22,Inpatient,0.104,True
C14075,P5774,PR0428,F0143,47,F,VA,9,2.51,Out-of-Network,Adjusted,Cardiology,Surgery,99213,I21.4,0,2852.7,1741.62,1.39,7,2022-09-17,Inpatient,0.0,True
C14082,P3230,PR0004,F0192,38,M,Commercial,4,2.37,Out-of-Network,Paid,Gastroenterology,Labs,73564,O80,0,4037.66,1132.43,2.3,0,2023-11-11,ER,0.0,True
C14106,P5021,PR0447,F0039,11,F,Medicare,10,2.84,Out-of-Network,Paid,Orthopedics,Surgery,95250,J45.909,1,4736.39,1768.15,0.86,9,2022-12-05,Inpatient,0.0,True
C14107,P1102,PR0151,F0036,88,F,VA,5,0.87,In-Network,Denied,Endocrinology,Surgery,93010,I50.9,1,2685.45,1117.75,0.38,7,2023-11-10,Inpatient,0.331,True
C14118,P6308,PR0091,F0133,40,F,Medicaid,11,2.4,Out-of-Network,Denied,Cardiology,Surgery,59400,O80,0,3037.52,899.55,0.44,3,2023-04-05,Inpatient,0.0,True
C14125,P7745,PR0255,F0063,71,M,Medicaid,5,0.32,Out-of-Network,Paid,Dermatology,Imaging,99214,M17.11,0,4688.12,1546.03,1.71,0,2023-06-05,Outpatient,0.0,True
C14148,P6257,PR0478,F0091,65,F,Medicaid,1,1.7,Out-of-Network,Denied,Orthopedics,Surgery,93000,M17.11,0,3782.37,1984.28,0.76,0,2022-05-12,Outpatient,0.0,True
C14157,P0047,PR0121,F0086,33,F,Medicare,5,2.45,In-Network,Denied,Dermatology,Primary Care,59400,M17.11,0,1128.6,1261.63,2.11,0,2023-03-02,ER,0.0,True
C14164,P3556,PR0183,F0019,33,M,Commercial,4,0.88,In-Network,Adjusted,Orthopedics,Imaging,99213,I50.9,1,461.83,929.87,0.07,0,2023-12-09,ER,0.331,True
C14170,P1817,PR0298,F0090,46,F,Commercial,8,2.67,In-Network,Adjusted,OBGYN,Imaging,95816,I21.4,0,351.15,1460.11,0.05,0,2022-01-12,Outpatient,0.0,True
C14172,P7376,PR0447,F0183,48,M,Medicare,7,0.74,In-Network,Paid,OBGYN,Primary Care,59400,M17.11,0,1245.16,779.68,0.55,0,2022-09-09,Outpatient,0.0,True
C14174,P6024,PR0078,F0137,37,M,Medicaid,1,1.59,In-Network,Denied,Neurology,Imaging,99214,J45.909,1,4815.69,1213.04,6.53,0,2023-09-27,Outpatient,0.0,True
C14177,P6205,PR0246,F0008,28,F,Commercial,3,0.91,Out-of-Network,Adjusted,Dermatology,Primary Care,93010,O80,0,4921.93,805.89,1.73,0,2023-01-14,ER,0.0,True
C14182,P0356,PR0127,F0038,20,M,Medicaid,1,2.49,In-Network,Adjusted,Orthopedics,Imaging,93000,I21.4,0,3703.84,890.89,0.94,7,2023-05-04,Inpatient,0.0,True
C14212,P7186,PR0456,F0053,81,M,Medicaid,7,1.39,Out-of-Network,Denied,Orthopedics,Specialist,93000,I50.9,1,2930.52,1002.01,1.29,4,2023-11-26,Inpatient,0.331,True
C14220,P2515,PR0309,F0126,21,M,VA,9,2.09,Out-of-Network,Paid,Primary Care,Primary Care,95816,O80,0,4669.48,759.75,6.37,0,2022-07-17,Outpatient,0.0,True
C14226,P6467,PR0076,F0150,66,F,Medicaid,7,1.02,In-Network,Paid,Primary Care,Primary Care,93000,M17.11,0,4558.63,993.24,0.74,0,2022-07-21,ER,0.0,True
C14227,P3567,PR0018,F0022,58,F,Medicaid,8,1.5,In-Network,Denied,Gastroenterology,Surgery,73564,I21.4,0,293.6,1101.48,0.22,0,2023-10-13,ER,0.0,True
C14247,P5437,PR0289,F0103,81,M,Medicare,12,2.75,In-Network,Paid,OBGYN,Surgery,93010,K21.9,0,4565.86,829.37,0.74,6,2023-07-19,Inpatient,0.0,True
C14251,P1370,PR0337,F0115,73,F,VA,1,2.53,In-Network,Paid,Dermatology,Gastroenterology,73564,I50.9,1,4498.51,1887.21,0.71,7,2023-10-06,Inpatient,0.331,True
C14255,P2234,PR0409,F0129,58,F,Medicaid,7,0.72,Out-of-Network,Adjusted,Gastroenterology,Labs,59400,M17.11,0,157.38,1171.13,0.2,0,2023-12-20,ER,0.0,True
C14275,P1579,PR0284,F0195,53,M,Commercial,12,2.97,In-Network,Adjusted,Endocrinology,Primary Care,73564,E11.65,1,4467.99,819.0,1.2,2,2022-06-30,Inpatient,0.0,True
C14299,P5183,PR0230,F0195,27,F,Commercial,11,0.98,Out-of-Network,Adjusted,OBGYN,Primary Care,59400,M17.11,0,4236.79,978.49,0.61,0,2022-04-19,ER,0.0,True
C14300,P3193,PR0192,F0196,74,F,VA,6,2.07,In-Network,Denied,Primary Care,Imaging,99214,I50.9,1,1946.37,2021.59,0.61,10,2022-05-12,Inpatient,0.331,True
C14303,P3187,PR0283,F0021,15,M,Medicaid,8,1.04,In-Network,Adjusted,Neurology,Labs,99285,J45.909,1,1135.83,792.71,1.04,0,2022-08-23,Outpatient,0.0,True
C14323,P7223,PR0199,F0152,68,M,Commercial,6,0.82,Out-of-Network,Paid,Neurology,Specialist,95816,I21.4,0,3626.38,1057.12,33.95,0,2023-04-21,Outpatient,0.0,True
C14341,P2226,PR0137,F0073,68,M,Commercial,1,1.57,Out-of-Network,Adjusted,OBGYN,Specialist,99214,I21.4,0,4591.94,783.84,0.96,9,2022-01-08,Inpatient,0.0,True
C14356,P7098,PR0058,F0017,41,F,VA,6,1.2,Out-of-Network,Denied,Primary Care,Imaging,59400,K21.9,0,1976.03,1161.94,0.4,0,2022-09-15,Outpatient,0.0,True
C14369,P4351,PR0391,F0143,19,F,Medicaid,3,2.68,Out-of-Network,Adjusted,Neurology,Primary Care,99214,M17.11,0,4737.56,773.05,1.99,0,2022-12-06,ER,0.0,True
C14373,P3588,PR0012,F0007,49,M,Medicaid,12,2.03,In-Network,Paid,Orthopedics,Primary Care,99285,I21.4,0,4057.72,914.22,1.55,0,2022-02-21,Outpatient,0.0,True
C14374,P5930,PR0114,F0057,35,F,Medicaid,1,1.33,Out-of-Network,Adjusted,Endocrinology,Specialist,99213,E11.9,1,758.02,1330.6,0.12,3,2023-09-18,Inpatient,0.104,True
C14378,P2723,PR0062,F0063,53,F,Commercial,1,0.31,In-Network,Denied,Gastroenterology,Surgery,73564,E11.65,1,2307.06,1270.71,0.34,0,2023-07-09,ER,0.0,True
C14383,P3729,PR0347,F0156,38,F,Commercial,3,2.73,In-Network,Adjusted,Primary Care,Imaging,95816,S83.241A,0,3986.5,956.27,4.5,10,2022-07-02,Inpatient,0.0,True
C14397,P0951,PR0496,F0070,84,M,Medicaid,6,1.24,Out-of-Network,Denied,Endocrinology,Specialist,99285,S83.241A,0,1984.07,773.4,0.26,0,2022-11-26,ER,0.0,True
C14426,P2419,PR0432,F0022,34,M,Medicaid,4,1.09,Out-of-Network,Denied,Primary Care,Imaging,93000,I21.4,0,2438.45,1343.38,0.32,0,2023-06-08,Outpatient,0.0,True
C14433,P1561,PR0451,F0053,15,M,VA,5,1.79,In-Network,Paid,Cardiology,Surgery,59400,I21.4,0,2973.31,770.33,0.39,0,2022-01-10,Outpatient,0.0,True
C14436,P4954,PR0041,F0156,25,M,Medicaid,5,1.52,In-Network,Denied,Gastroenterology,Primary Care,93010,I50.9,1,2908.38,1528.66,0.56,3,2023-04-12,Inpatient,0.331,True
C14465,P1748,PR0081,F0165,40,M,Medicare,11,2.67,In-Network,Denied,Dermatology,Labs,93010,K21.9,0,4784.2,1121.55,1.44,1,2022-09-08,Inpatient,0.0,True
C14467,P0975,PR0197,F0017,70,M,Commercial,4,1.04,In-Network,Denied,Gastroenterology,Primary Care,93000,I50.9,1,1387.48,1069.6,1.15,0,2023-05-17,Outpatient,0.331,True
C14488,P2195,PR0130,F0166,30,M,Medicare,6,0.7,Out-of-Network,Adjusted,Endocrinology,Surgery,93000,J45.909,1,4042.59,834.75,0.66,0,2022-02-09,ER,0.0,True
C14498,P3800,PR0425,F0181,7,F,Medicaid,3,0.71,In-Network,Adjusted,OBGYN,Surgery,99214,K21.9,0,2782.82,1839.99,2.59,0,2023-05-11,Outpatient,0.0,True
C14553,P5060,PR0300,F0018,50,F,Medicare,2,1.45,In-Network,Denied,Endocrinology,Surgery,99285,E11.9,1,3684.47,943.12,0.52,0,2023-06-05,Outpatient,0.104,True
C14563,P1708,PR0486,F0014,48,F,Commercial,1,0.5,In-Network,Paid,Primary Care,Imaging,99214,J45.909,1,642.22,806.15,0.17,0,2022-07-21,ER,0.0,True
C14602,P6327,PR0077,F0022,42,F,Commercial,8,1.3,In-Network,Denied,Neurology,Imaging,99214,J45.909,1,3695.85,1197.34,1.26,0,2023-04-28,Outpatient,0.0,True
C14606,P0525,PR0180,F0198,10,F,Medicaid,8,1.09,Out-of-Network,Denied,Dermatology,Surgery,99213,K21.9,0,746.99,1479.93,0.1,4,2022-10-24,Inpatient,0.0,True
C14610,P4635,PR0354,F0119,82,F,VA,9,1.31,Out-of-Network,Adjusted,Cardiology,Imaging,95250,K21.9,0,305.68,821.94,0.05,3,2022-04-26,Inpatient,0.0,True
C14611,P0473,PR0304,F0003,45,M,VA,5,2.9,Out-of-Network,Paid,Neurology,Surgery,93010,I50.9,1,4084.04,1649.2,1.08,0,2022-07-16,ER,0.331,True
C14616,P0998,PR0368,F0095,9,M,Commercial,12,1.04,Out-of-Network,Paid,Neurology,Surgery,99285,E11.65,1,3946.64,793.73,0.72,0,2023-05-06,ER,0.0,True
C14618,P6273,PR0143,F0074,80,F,Medicare,6,2.06,In-Network,Paid,Endocrinology,Labs,99214,E11.65,1,1502.53,841.79,0.2,4,2023-08-07,Inpatient,0.0,True
C14621,P6568,PR0157,F0040,22,F,Medicaid,2,1.9,Out-of-Network,Denied,Endocrinology,Labs,59400,E11.65,1,1766.09,1128.87,2.63,0,2022-06-01,Outpatient,0.0,True
C14622,P6332,PR0098,F0183,79,F,Commercial,12,1.44,Out-of-Network,Adjusted,Dermatology,Specialist,99213,G40.909,0,1217.5,1689.77,0.17,3,2022-02-02,Inpatient,0.0,True
C14626,P5130,PR0319,F0171,75,F,VA,4,2.07,Out-of-Network,Paid,Primary Care,Labs,93000,G40.909,0,804.37,1710.74,0.29,0,2023-08-15,ER,0.0,True
C14630,P0004,PR0172,F0181,13,F,Commercial,1,0.37,Out-of-Network,Paid,Dermatology,Imaging,95250,M17.11,0,989.54,844.1,0.17,0,2022-10-14,ER,0.0,True
C14641,P6714,PR0467,F0179,1,M,VA,12,0.75,In-Network,Denied,Dermatology,Labs,99214,E11.9,1,4759.74,1401.0,27.97,0,2023-10-21,Outpatient,0.104,True
C14646,P0673,PR0085,F0011,66,F,Medicaid,5,1.08,In-Network,Paid,Orthopedics,Specialist,27447,I21.4,0,4602.0,1147.57,2.12,6,2023-02-09,Inpatient,0.0,True
C14649,P6489,PR0101,F0121,64,M,Medicare,11,1.72,In-Network,Adjusted,Gastroenterology,Surgery,59400,I50.9,1,714.31,2035.21,0.1,0,2023-03-24,ER,0.331,True
C14656,P7825,PR0230,F0127,69,F,VA,7,0.79,Out-of-Network,Paid,Primary Care,Primary Care,99213,E11.9,1,50.46,1498.3,0.01,0,2022-05-09,Outpatient,0.104,True
C14668,P3012,PR0188,F0148,15,M,Medicaid,11,1.63,In-Network,Denied,Gastroenterology,Labs,73564,M17.11,0,3603.12,1599.67,0.66,8,2022-11-12,Inpatient,0.0,True
C14676,P6161,PR0238,F0052,59,M,Medicaid,2,0.65,In-Network,Adjusted,Endocrinology,Specialist,73564,J45.909,1,151.92,1200.92,0.07,0,2022-02-02,Outpatient,0.0,True
C14706,P6780,PR0445,F0074,49,M,Commercial,2,2.34,Out-of-Network,Denied,Dermatology,Imaging,93010,K21.9,0,1916.8,945.69,0.24,0,2022-01-22,ER,0.0,True
C14713,P2873,PR0476,F0005,45,M,VA,1,2.51,Out-of-Network,Paid,Orthopedics,Labs,95250,I50.9,1,4490.16,888.53,0.76,0,2023-10-14,Outpatient,0.331,True
C14726,P7863,PR0089,F0046,70,M,Medicare,5,0.89,In-Network,Adjusted,Orthopedics,Labs,59400,O80,0,4369.84,1815.45,0.59,0,2023-12-28,Outpatient,0.0,True
C14765,P5825,PR0389,F0012,27,M,Medicaid,9,2.63,Out-of-Network,Adjusted,Gastroenterology,Labs,27447,O80,0,1624.85,1093.08,1.2,0,2023-04-04,ER,0.0,True
C14768,P5968,PR0028,F0165,40,M,Medicare,9,1.44,In-Network,Adjusted,Primary Care,Surgery,59400,S83.241A,0,1584.53,1319.79,0.53,0,2023-07-16,Outpatient,0.0,True
C14792,P3472,PR0419,F0014,59,F,Medicare,4,2.33,In-Network,Paid,Orthopedics,Gastroenterology,99214,O80,0,3908.16,16903.41,0.53,9,2022-04-04,Inpatient,0.0,True
C14815,P3950,PR0143,F0142,27,M,Medicare,2,1.73,In-Network,Paid,Primary Care,Surgery,99214,O80,0,4693.97,1062.02,4.72,0,2022-01-10,ER,0.0,True
C14828,P5458,PR0353,F0181,19,M,VA,10,2.26,In-Network,Paid,Endocrinology,Surgery,27447,G40.909,0,634.83,860.64,0.1,0,2022-03-31,ER,0.0,True
C14868,P3741,PR0025,F0026,44,F,Commercial,11,2.79,Out-of-Network,Denied,Endocrinology,Imaging,99285,O80,0,1885.48,843.75,0.27,0,2022-10-21,ER,0.0,True
C14913,P3529,PR0079,F0013,73,M,Medicare,9,0.87,In-Network,Denied,OBGYN,Specialist,73564,M17.11,0,530.76,4189.86,0.36,8,2023-05-11,Inpatient,0.0,True
C14918,P6501,PR0133,F0071,54,F,Medicaid,11,0.32,In-Network,Denied,Orthopedics,Surgery,59400,E11.65,1,2732.02,1161.64,0.87,0,2022-11-09,Outpatient,0.0,True
C14931,P0541,PR0492,F0167,84,M,Medicare,11,1.09,In-Network,Adjusted,Orthopedics,Labs,99213,M17.11,0,1613.75,2071.41,0.24,0,2022-09-06,Outpatient,0.0,True
C14934,P4521,PR0214,F0106,6,F,Medicare,2,1.92,Out-of-Network,Adjusted,Dermatology,Specialist,93000,E11.65,1,4938.5,1263.63,2.08,2,2022-08-27,Inpatient,0.0,True
C14946,P5823,PR0253,F0048,79,M,Commercial,1,2.17,In-Network,Adjusted,Primary Care,Specialist,93010,I21.4,0,1626.64,1007.39,1.5,0,2023-03-24,ER,0.0,True
C14951,P4551,PR0227,F0126,42,M,Medicaid,4,0.72,In-Network,Denied,Dermatology,Imaging,95816,I21.4,0,824.44,1173.84,0.14,7,2023-10-22,Inpatient,0.0,True
C14968,P3678,PR0219,F0027,75,F,Medicare,9,2.89,In-Network,Adjusted,Endocrinology,Labs,95816,E11.65,1,3134.62,2692.0,6.57,0,2022-09-18,Outpatient,0.0,True
C14984,P3783,PR0137,F0104,69,F,Commercial,7,1.37,In-Network,Adjusted,Dermatology,Specialist,93000,S83.241A,0,1403.33,3053.88,0.21,5,2023-09-06,Inpatient,0.0,True
C15012,P0463,PR0303,F0180,76,F,Medicare,8,2.93,Out-of-Network,Adjusted,Primary Care,Surgery,99213,J45.909,1,894.17,858.31,0.12,0,2023-09-16,Outpatient,0.0,True
C15034,P2640,PR0067,F0134,72,M,Medicare,10,1.48,In-Network,Denied,OBGYN,Imaging,59400,S83.241A,0,3706.25,1036.92,0.59,0,2022-03-11,Outpatient,0.0,True
C15059,P5988,PR0459,F0023,6,M,VA,6,0.83,In-Network,Denied,Gastroenterology,Labs,99285,S83.241A,0,3133.44,1226.82,0.61,8,2023-02-07,Inpatient,0.0,True
C15061,P2096,PR0358,F0064,46,F,Medicare,4,2.43,In-Network,Adjusted,Primary Care,Surgery,93000,O80,0,2463.65,885.47,0.44,0,2022-10-10,ER,0.0,True
C15074,P0936,PR0316,F0026,79,M,VA,8,0.47,Out-of-Network,Adjusted,Primary Care,Specialist,95250,S83.241A,0,793.26,912.31,0.22,0,2023-04-15,ER,0.0,True
C15101,P5108,PR0495,F0008,71,M,Medicare,8,1.91,Out-of-Network,Adjusted,Gastroenterology,Imaging,59400,G40.909,0,515.7,790.75,1.49,0,2023-01-04,ER,0.0,True
C15106,P4877,PR0288,F0077,29,F,Medicare,1,0.35,Out-of-Network,Denied,Neurology,Specialist,99285,E11.9,1,790.49,1166.68,0.11,0,2022-08-31,Outpatient,0.104,True
C15111,P2762,PR0102,F0169,62,M,VA,5,0.54,Out-of-Network,Adjusted,Endocrinology,Primary Care,59400,O80,0,1087.24,1116.86,0.25,0,2023-11-23,ER,0.0,True
C15120,P5846,PR0141,F0141,18,M,Medicare,11,1.99,In-Network,Adjusted,OBGYN,Labs,99213,K21.9,0,3180.11,1478.59,0.43,0,2023-02-15,ER,0.0,True
C15136,P2181,PR0255,F0073,3,F,Commercial,7,0.46,Out-of-Network,Paid,OBGYN,Primary Care,99213,S83.241A,0,281.09,1075.41,0.1,0,2022-09-15,Outpatient,0.0,True
C15149,P6523,PR0105,F0126,66,M,Medicaid,9,2.16,In-Network,Adjusted,Neurology,Labs,93000,O80,0,4643.51,818.69,20.88,0,2023-03-02,ER,0.0,True
C15164,P1520,PR0171,F0019,39,M,Medicare,2,1.15,Out-of-Network,Denied,Dermatology,Labs,27447,J45.909,1,2799.5,1468.65,0.38,3,2023-02-24,Inpatient,0.0,True
C15172,P1727,PR0114,F0069,33,M,VA,12,1.91,Out-of-Network,Denied,Primary Care,Gastroenterology,93000,J45.909,1,428.8,1064.91,0.55,0,2023-06-23,ER,0.0,True
C15175,P2111,PR0165,F0010,51,M,Commercial,10,1.88,Out-of-Network,Denied,Neurology,Surgery,99285,J45.909,1,3435.91,1641.41,1.12,0,2022-02-21,Outpatient,0.0,True
C15199,P1351,PR0340,F0177,77,M,Medicare,9,2.89,In-Network,Paid,Neurology,Labs,27447,G40.909,0,3479.91,978.23,0.72,0,2022-06-11,Outpatient,0.0,True
C15209,P1417,PR0351,F0164,73,M,Medicaid,4,2.05,Out-of-Network,Adjusted,Cardiology,Labs,59400,I50.9,1,3061.68,2699.62,0.74,0,2023-12-13,Outpatient,0.331,True
C15216,P6801,PR0389,F0068,87,F,VA,8,1.03,Out-of-Network,Paid,Endocrinology,Imaging,93000,M17.11,0,2955.05,962.22,1.58,0,2022-11-06,Outpatient,0.0,True
C15219,P3900,PR0370,F0100,6,F,VA,3,1.21,In-Network,Paid,Cardiology,Gastroenterology,95816,S83.241A,0,764.65,17089.79,0.32,7,2022-04-25,Inpatient,0.0,True
C15237,P6223,PR0286,F0087,24,M,Medicare,7,1.81,Out-of-Network,Adjusted,Gastroenterology,Specialist,99213,E11.9,1,497.62,1731.52,0.12,2,2022-11-16,Inpatient,0.104,True
C15240,P5433,PR0440,F0111,64,F,Medicare,11,2.68,Out-of-Network,Paid,Endocrinology,Surgery,93000,G40.909,0,570.07,2619.33,0.21,0,2023-06-20,Outpatient,0.0,True
C15247,P0280,PR0067,F0133,55,M,Medicare,5,2.61,Out-of-Network,Denied,OBGYN,Gastroenterology,93000,E11.9,1,4281.01,27014.07,0.99,0,2022-01-08,Outpatient,0.104,True
C15266,P7504,PR0375,F0166,5,F,Medicare,4,2.6,In-Network,Denied,Orthopedics,Specialist,99213,G40.909,0,683.79,1135.05,0.12,1,2023-06-18,Inpatient,0.0,True
C15268,P5392,PR0349,F0200,42,F,Commercial,5,2.64,In-Network,Adjusted,Orthopedics,Imaging,73564,K21.9,0,4005.63,751.07,0.51,0,2022-04-09,Outpatient,0.0,True
C15288,P1931,PR0468,F0091,88,F,Commercial,8,1.39,In-Network,Adjusted,Primary Care,Gastroenterology,73564,S83.241A,0,1229.43,1087.66,0.19,0,2023-03-09,Outpatient,0.0,True
C15289,P1117,PR0431,F0090,85,M,Medicare,7,1.51,Out-of-Network,Adjusted,Dermatology,Labs,27447,K21.9,0,1006.81,992.02,0.74,0,2022-05-25,ER,0.0,True
C15298,P4436,PR0078,F0040,75,M,Medicare,8,2.91,In-Network,Adjusted,Neurology,Gastroenterology,73564,K21.9,0,1780.09,39206.3,0.23,0,2023-04-03,Outpatient,0.0,True
C15313,P6158,PR0267,F0130,60,F,VA,1,0.96,Out-of-Network,Paid,Neurology,Specialist,93000,I21.4,0,1542.98,778.29,0.43,0,2022-10-31,ER,0.0,True
C15317,P1618,PR0226,F0165,16,M,VA,11,2.47,In-Network,Adjusted,Neurology,Labs,95816,I21.4,0,1630.53,820.81,0.46,0,2022-12-18,ER,0.0,True
C15323,P5745,PR0262,F0133,74,F,Commercial,4,0.38,Out-of-Network,Paid,Neurology,Surgery,93000,O80,0,1003.94,2560.31,0.38,10,2023-07-19,Inpatient,0.0,True
C15344,P2478,PR0271,F0004,90,F,VA,7,2.8,Out-of-Network,Denied,OBGYN,Labs,93010,K21.9,0,4495.71,821.66,0.66,3,2023-05-22,Inpatient,0.0,True
C15367,P3851,PR0440,F0164,73,F,Medicare,3,1.47,In-Network,Denied,Cardiology,Imaging,99285,I50.9,1,2122.04,1110.88,0.46,0,2022-10-23,Outpatient,0.331,True
C15372,P5476,PR0381,F0019,3,M,Medicare,5,1.16,Out-of-Network,Paid,Cardiology,Imaging,99214,E11.65,1,334.81,851.77,0.08,9,2022-03-23,Inpatient,0.0,True
C15397,P1400,PR0036,F0120,51,M,Medicaid,4,2.9,In-Network,Adjusted,Orthopedics,Gastroenterology,93000,J45.909,1,3553.36,945.43,2.21,0,2022-05-24,ER,0.0,True
C15404,P2739,PR0200,F0148,46,M,Medicare,10,2.97,In-Network,Denied,Neurology,Surgery,99214,O80,0,1337.64,1150.16,0.19,7,2023-04-15,Inpatient,0.0,True
C15438,P2385,PR0025,F0045,0,F,VA,6,1.82,In-Network,Paid,Dermatology,Labs,93000,G40.909,0,3162.93,1112.82,0.52,0,2022-07-24,Outpatient,0.0,True
C15440,P6433,PR0338,F0196,22,M,Commercial,5,2.0,In-Network,Paid,Primary Care,Labs,99214,J45.909,1,1314.02,948.3,0.37,0,2022-04-26,ER,0.0,True
C15443,P6869,PR0427,F0066,7,M,VA,2,1.17,In-Network,Adjusted,Primary Care,Surgery,99213,E11.65,1,329.97,845.02,0.07,5,2022-01-31,Inpatient,0.0,True
C15451,P4997,PR0202,F0189,17,M,Commercial,8,0.82,In-Network,Adjusted,OBGYN,Surgery,99213,O80,0,2624.67,1139.04,2.78,0,2022-08-31,Outpatient,0.0,True
C15456,P2257,PR0192,F0123,37,F,Commercial,2,1.7,Out-of-Network,Paid,Primary Care,Specialist,59400,E11.9,1,823.27,932.88,0.45,0,2023-01-06,ER,0.104,True
C15466,P2251,PR0303,F0164,35,M,Commercial,9,1.72,Out-of-Network,Adjusted,Neurology,Specialist,59400,S83.241A,0,4584.91,839.64,5.82,0,2022-08-15,Outpatient,0.0,True
C15479,P0985,PR0072,F0187,86,M,Commercial,12,2.7,Out-of-Network,Adjusted,Cardiology,Surgery,73564,M17.11,0,1118.66,906.28,1.48,0,2023-05-30,Outpatient,0.0,True
C15488,P5071,PR0206,F0003,30,M,Medicare,11,1.77,Out-of-Network,Paid,Dermatology,Surgery,99285,I21.4,0,3780.39,3210.18,2.66,0,2023-05-05,ER,0.0,True
C15497,P6537,PR0484,F0026,14,F,VA,12,1.01,Out-of-Network,Denied,Cardiology,Surgery,99285,G40.909,0,2471.04,1266.51,0.95,0,2022-12-19,ER,0.0,True
C15503,P7333,PR0084,F0104,68,M,Medicaid,8,0.53,Out-of-Network,Adjusted,Cardiology,Surgery,99285,I50.9,1,192.38,956.02,0.04,0,2023-06-15,Outpatient,0.331,True
C15512,P0955,PR0152,F0047,35,F,VA,2,1.16,Out-of-Network,Adjusted,Dermatology,Imaging,99213,K21.9,0,787.06,978.35,0.24,0,2023-05-17,Outpatient,0.0,True
C15516,P4811,PR0441,F0077,87,M,VA,2,0.79,Out-of-Network,Adjusted,Gastroenterology,Specialist,95250,E11.65,1,646.6,1192.5,0.39,1,2023-05-02,Inpatient,0.0,True
C15536,P0837,PR0354,F0036,23,F,VA,11,0.33,In-Network,Adjusted,Neurology,Primary Care,99214,J45.909,1,209.8,1270.68,0.07,4,2022-11-07,Inpatient,0.0,True
C15565,P3637,PR0390,F0086,73,M,Commercial,7,2.01,Out-of-Network,Paid,OBGYN,Imaging,99214,E11.65,1,1503.17,1242.45,0.8,4,2023-01-07,Inpatient,0.0,True
C15568,P7214,PR0307,F0107,72,F,Medicare,7,0.6,Out-of-Network,Denied,Cardiology,Specialist,27447,J45.909,1,2677.34,784.76,0.35,0,2023-10-26,Outpatient,0.0,True
C15572,P5780,PR0389,F0184,84,F,Commercial,9,2.53,Out-of-Network,Denied,OBGYN,Labs,95250,O80,0,2301.73,1097.78,0.54,0,2023-12-18,ER,0.0,True
C15596,P4630,PR0457,F0123,63,M,VA,6,2.48,In-Network,Adjusted,Endocrinology,Labs,99213,I21.4,0,376.12,1151.64,0.67,8,2023-08-28,Inpatient,0.0,True
C15603,P2012,PR0079,F0100,34,M,VA,7,0.91,Out-of-Network,Paid,Endocrinology,Primary Care,27447,J45.909,1,492.74,1544.89,0.07,0,2022-10-18,ER,0.0,True
C15604,P1588,PR0432,F0158,65,F,VA,7,2.05,Out-of-Network,Denied,Endocrinology,Primary Care,93010,E11.65,1,167.22,764.79,0.11,2,2022-12-29,Inpatient,0.0,True
C15607,P1304,PR0318,F0167,84,F,Medicaid,7,1.61,In-Network,Adjusted,Endocrinology,Gastroenterology,99214,K21.9,0,325.19,24505.54,0.07,0,2022-05-10,ER,0.0,True
C15619,P3367,PR0420,F0104,0,M,Medicaid,9,0.42,Out-of-Network,Paid,Endocrinology,Labs,27447,I50.9,1,3064.32,2268.81,0.47,0,2023-12-22,ER,0.331,True
C15626,P0871,PR0448,F0140,88,M,Medicare,9,2.55,Out-of-Network,Adjusted,Primary Care,Labs,59400,S83.241A,0,4980.43,2128.16,2.77,0,2022-03-06,Outpatient,0.0,True
C15637,P2250,PR0345,F0053,28,M,Commercial,6,1.05,In-Network,Paid,Cardiology,Surgery,93010,M17.11,0,2683.78,1354.11,1.37,8,2023-02-01,Inpatient,0.0,True
C15670,P6175,PR0483,F0104,40,F,Medicare,10,2.3,Out-of-Network,Adjusted,Primary Care,Labs,99285,M17.11,0,1661.18,834.9,0.29,0,2023-10-14,Outpatient,0.0,True
C15684,P7512,PR0361,F0137,33,M,Commercial,5,1.39,Out-of-Network,Paid,Neurology,Primary Care,99285,E11.9,1,1509.02,1959.39,0.35,0,2022-05-30,Outpatient,0.104,True
C15711,P5571,PR0084,F0080,55,F,VA,11,2.75,In-Network,Denied,Neurology,Imaging,93000,I21.4,0,3039.91,889.99,0.86,0,2022-05-29,ER,0.0,True
C15735,P6305,PR0309,F0063,90,M,Commercial,1,1.96,Out-of-Network,Paid,Gastroenterology,Imaging,99213,O80,0,4616.87,874.05,0.83,0,2023-07-08,Outpatient,0.0,True
C15736,P4986,PR0193,F0150,53,F,VA,11,0.32,Out-of-Network,Paid,Gastroenterology,Specialist,99213,S83.241A,0,4301.52,849.99,5.77,0,2022-08-10,ER,0.0,True
C15765,P3455,PR0117,F0116,44,M,Medicaid,1,1.77,Out-of-Network,Paid,Gastroenterology,Surgery,93000,M17.11,0,1236.05,820.2,0.18,0,2023-08-05,Outpatient,0.0,True
C15777,P5463,PR0403,F0118,32,M,VA,3,1.77,In-Network,Denied,Gastroenterology,Gastroenterology,95816,O80,0,4747.99,1004.56,0.82,5,2023-01-18,Inpatient,0.0,True
C15800,P4417,PR0036,F0167,57,F,Commercial,4,1.79,In-Network,Paid,Cardiology,Primary Care,93010,O80,0,2396.3,793.23,0.82,0,2023-03-20,Outpatient,0.0,True
C15812,P4960,PR0334,F0083,13,F,Medicare,5,1.99,Out-of-Network,Denied,OBGYN,Labs,95250,E11.65,1,2183.69,1040.09,0.96,7,2022-12-03,Inpatient,0.0,True
C15817,P1286,PR0384,F0019,58,M,Commercial,2,2.44,In-Network,Adjusted,Gastroenterology,Surgery,99214,I50.9,1,1380.85,1288.33,0.3,8,2023-02-15,Inpatient,0.331,True
C15825,P7754,PR0372,F0108,60,F,Commercial,6,0.97,In-Network,Adjusted,Gastroenterology,Gastroenterology,93000,K21.9,0,2212.75,19568.85,0.37,0,2023-11-22,Outpatient,0.0,True
C15829,P5822,PR0225,F0170,5,F,Commercial,7,1.83,In-Network,Paid,Gastroenterology,Primary Care,73564,S83.241A,0,4037.92,1242.57,1.51,9,2022-05-19,Inpatient,0.0,True
C15832,P7870,PR0227,F0001,48,F,VA,6,0.58,In-Network,Paid,OBGYN,Primary Care,73564,E11.9,1,1849.28,759.06,0.79,0,2023-10-06,Outpatient,0.104,True
C15838,P0583,PR0476,F0038,83,F,Commercial,12,1.83,Out-of-Network,Adjusted,Gastroenterology,Surgery,99214,E11.9,1,4565.67,1249.7,1.33,4,2023-11-23,Inpatient,0.104,True
C15844,P6619,PR0412,F0093,81,M,VA,7,0.39,Out-of-Network,Adjusted,Gastroenterology,Labs,73564,I50.9,1,3374.45,15979.86,1.03,7,2023-04-12,Inpatient,0.331,True
C15850,P3579,PR0094,F0014,87,M,Commercial,10,1.73,In-Network,Adjusted,Gastroenterology,Labs,59400,E11.65,1,2658.88,1189.9,0.34,0,2022-10-09,Outpatient,0.0,True
C15851,P1205,PR0402,F0003,43,F,Medicaid,3,2.46,Out-of-Network,Adjusted,Neurology,Surgery,59400,K21.9,0,3269.89,1133.56,0.44,0,2023-05-01,Outpatient,0.0,True
C15858,P7935,PR0231,F0184,50,M,Medicaid,5,2.75,In-Network,Paid,Gastroenterology,Primary Care,99285,O80,0,2513.93,1440.29,6.31,0,2023-08-26,Outpatient,0.0,True
C15859,P5092,PR0394,F0199,74,F,VA,1,0.91,In-Network,Adjusted,Gastroenterology,Imaging,99213,E11.9,1,66.87,1217.65,0.02,0,2023-12-22,Outpatient,0.104,True
C15861,P1333,PR0379,F0149,90,M,VA,12,2.42,Out-of-Network,Paid,Primary Care,Surgery,99213,E11.65,1,4172.54,1280.91,1.91,0,2023-01-13,ER,0.0,True
C15862,P4086,PR0235,F0148,31,F,VA,7,1.05,Out-of-Network,Adjusted,OBGYN,Surgery,99213,S83.241A,0,3272.51,802.82,2.18,0,2023-09-08,ER,0.0,True
C15887,P5820,PR0063,F0168,13,M,Medicare,10,1.66,Out-of-Network,Denied,Orthopedics,Gastroenterology,59400,J45.909,1,2831.23,1307.28,0.37,5,2022-06-24,Inpatient,0.0,True
C15890,P0064,PR0004,F0017,27,F,Commercial,2,1.37,Out-of-Network,Adjusted,Endocrinology,Primary Care,95250,I50.9,1,2277.35,964.25,1.23,0,2023-01-26,ER,0.331,True
C15897,P0735,PR0430,F0068,54,M,VA,9,1.2,In-Network,Denied,Primary Care,Labs,95816,K21.9,0,2488.74,1703.79,0.35,0,2023-03-22,Outpatient,0.0,True
C15944,P0733,PR0119,F0002,24,F,Commercial,11,0.8,Out-of-Network,Paid,Dermatology,Specialist,93000,M17.11,0,4564.85,867.36,4.93,2,2023-02-14,Inpatient,0.0,True
C15950,P2361,PR0131,F0040,49,F,Medicaid,4,1.14,In-Network,Adjusted,Primary Care,Specialist,95250,K21.9,0,963.74,1163.05,0.52,0,2023-09-25,ER,0.0,True
C15971,P4690,PR0298,F0025,53,F,Medicaid,2,2.19,In-Network,Denied,OBGYN,Primary Care,93010,E11.65,1,1633.41,1422.74,0.46,0,2022-06-29,Outpatient,0.0,True
C15974,P1726,PR0150,F0023,68,M,Medicaid,4,1.14,In-Network,Denied,Gastroenterology,Specialist,99285,K21.9,0,4688.53,2832.12,1.65,0,2023-09-09,ER,0.0,True
C16006,P3556,PR0305,F0137,69,F,VA,1,1.39,In-Network,Paid,Endocrinology,Primary Care,73564,I50.9,1,4434.09,1117.07,0.74,8,2023-05-08,Inpatient,0.331,True
C16011,P0270,PR0195,F0037,13,M,Medicaid,2,1.22,Out-of-Network,Paid,Gastroenterology,Imaging,99213,I50.9,1,4060.46,825.01,0.54,0,2023-05-22,Outpatient,0.331,True
C16022,P2184,PR0424,F0062,56,M,VA,11,1.53,In-Network,Paid,Primary Care,Labs,99214,M17.11,0,3292.55,2154.5,15.0,4,2022-09-16,Inpatient,0.0,True
C16029,P0198,PR0055,F0046,62,M,Medicare,10,0.99,In-Network,Paid,OBGYN,Imaging,99285,M17.11,0,3257.8,966.56,1.62,8,2023-03-25,Inpatient,0.0,True
C16030,P4051,PR0186,F0056,0,M,VA,10,1.98,In-Network,Denied,Neurology,Surgery,99214,E11.9,1,1481.21,785.49,0.83,5,2023-12-06,Inpatient,0.104,True
C16063,P1297,PR0143,F0180,49,M,VA,4,2.22,In-Network,Adjusted,Dermatology,Specialist,27447,M17.11,0,4957.21,977.56,0.66,7,2022-02-15,Inpatient,0.0,True
C16094,P5364,PR0282,F0061,8,M,Commercial,10,2.34,Out-of-Network,Denied,Primary Care,Primary Care,99285,I50.9,1,4783.61,963.04,1.33,5,2022-10-18,Inpatient,0.331,True
C16098,P5535,PR0285,F0035,4,M,Medicaid,9,1.83,Out-of-Network,Denied,Neurology,Surgery,73564,I21.4,0,4202.6,2157.98,0.93,0,2022-07-15,ER,0.0,True
C16106,P3736,PR0424,F0149,59,F,Commercial,7,2.42,Out-of-Network,Adjusted,Dermatology,Surgery,99285,E11.9,1,1737.58,1671.04,0.59,8,2022-06-22,Inpatient,0.104,True
C16115,P1603,PR0117,F0089,19,F,Commercial,10,0.84,Out-of-Network,Paid,Cardiology,Specialist,73564,M17.11,0,125.12,840.19,0.04,0,2022-04-01,Outpatient,0.0,True
C16116,P1668,PR0009,F0185,67,F,Commercial,10,0.6,In-Network,Denied,Primary Care,Specialist,99213,E11.9,1,4409.22,837.19,0.72,0,2023-06-15,Outpatient,0.104,True
C16129,P5735,PR0165,F0008,24,M,VA,6,2.21,Out-of-Network,Paid,Cardiology,Imaging,95250,E11.65,1,1703.29,761.33,0.23,6,2022-06-20,Inpatient,0.0,True
C16130,P2845,PR0053,F0030,65,F,Commercial,12,1.76,In-Network,Paid,Endocrinology,Imaging,99213,K21.9,0,4189.52,781.19,1.07,0,2022-05-07,Outpatient,0.0,True
C16147,P1217,PR0458,F0036,44,F,Commercial,4,1.87,In-Network,Paid,Cardiology,Imaging,99213,I50.9,1,4120.22,1065.24,19.12,6,2023-03-23,Inpatient,0.331,True
C16148,P6424,PR0312,F0079,76,M,VA,8,0.54,Out-of-Network,Denied,Gastroenterology,Surgery,99214,E11.65,1,769.09,758.72,0.14,0,2023-01-05,ER,0.0,True
C16169,P0665,PR0305,F0136,90,M,VA,5,0.86,Out-of-Network,Adjusted,Primary Care,Imaging,95816,M17.11,0,2578.69,981.25,1.59,0,2022-11-07,ER,0.0,True
C16174,P7507,PR0401,F0097,77,F,Commercial,12,0.61,Out-of-Network,Paid,Endocrinology,Gastroenterology,93010,K21.9,0,3810.03,21333.6,1.08,0,2022-11-16,Outpatient,0.0,True
C16178,P3906,PR0140,F0083,61,F,Medicare,9,0.64,Out-of-Network,Paid,Dermatology,Labs,27447,K21.9,0,636.34,1018.41,0.21,0,2023-04-20,Outpatient,0.0,True
C16195,P5692,PR0414,F0163,64,F,Medicare,4,2.53,Out-of-Network,Denied,Dermatology,Labs,95250,E11.65,1,1040.47,1128.48,0.14,5,2023-10-19,Inpatient,0.0,True
C16204,P2529,PR0065,F0150,89,F,VA,1,1.73,In-Network,Denied,Neurology,Imaging,95816,I21.4,0,383.02,2844.75,0.46,0,2023-08-12,Outpatient,0.0,True
C16209,P5590,PR0078,F0154,11,F,Medicaid,7,0.38,In-Network,Paid,Orthopedics,Primary Care,27447,E11.65,1,3442.56,956.15,1.46,3,2023-06-09,Inpatient,0.0,True
C16214,P6232,PR0006,F0166,50,M,Medicaid,8,2.19,Out-of-Network,Paid,Gastroenterology,Surgery,93010,J45.909,1,2587.15,1214.11,3.64,0,2022-09-25,ER,0.0,True
C16227,P6991,PR0099,F0101,23,M,Medicaid,10,1.78,Out-of-Network,Denied,Primary Care,Labs,99213,I21.4,0,3115.87,1118.83,6.77,0,2022-03-16,ER,0.0,True
C16241,P2089,PR0464,F0162,46,M,Medicaid,10,1.54,In-Network,Denied,Gastroenterology,Imaging,27447,I50.9,1,713.38,1351.42,0.16,0,2022-12-01,ER,0.331,True
C16247,P0668,PR0198,F0050,52,F,VA,7,1.87,Out-of-Network,Denied,Gastroenterology,Imaging,27447,K21.9,0,1567.67,866.07,0.37,0,2022-12-10,Outpatient,0.0,True
C16261,P2020,PR0451,F0017,61,M,VA,9,1.26,Out-of-Network,Denied,Orthopedics,Primary Care,99285,E11.65,1,824.91,895.76,0.12,2,2022-10-20,Inpatient,0.0,True
C16279,P2742,PR0408,F0042,73,M,Medicare,10,1.37,In-Network,Denied,Cardiology,Labs,99214,I50.9,1,3459.65,829.32,1.43,0,2022-09-04,ER,0.331,True
C16290,P3706,PR0392,F0188,33,F,VA,7,2.76,Out-of-Network,Adjusted,Gastroenterology,Primary Care,93000,E11.65,1,2729.03,995.98,0.39,8,2023-08-31,Inpatient,0.0,True
C16296,P7873,PR0161,F0163,30,F,Commercial,7,1.23,In-Network,Paid,Endocrinology,Specialist,95816,E11.65,1,1910.35,775.6,1.15,0,2022-11-17,Outpatient,0.0,True
C16309,P3483,PR0291,F0194,62,F,VA,7,1.97,Out-of-Network,Denied,Neurology,Surgery,99213,G40.909,0,740.96,2775.26,0.1,0,2022-01-22,ER,0.0,True
C16320,P6607,PR0002,F0183,61,F,VA,6,2.65,In-Network,Denied,Cardiology,Labs,73564,O80,0,3778.77,811.6,0.7,0,2022-07-11,Outpatient,0.0,True
C16330,P6839,PR0251,F0159,33,F,Medicaid,8,0.6,Out-of-Network,Adjusted,Dermatology,Specialist,93010,O80,0,3767.24,811.56,0.51,7,2022-11-20,Inpatient,0.0,True
C16377,P6398,PR0122,F0132,36,M,Medicaid,2,0.85,In-Network,Adjusted,OBGYN,Primary Care,93010,J45.909,1,3453.45,929.46,0.43,0,2022-06-28,Outpatient,0.0,True
C16393,P5602,PR0376,F0065,70,M,VA,7,0.33,Out-of-Network,Denied,Primary Care,Specialist,99213,E11.9,1,1862.55,828.01,1.28,0,2023-10-01,Outpatient,0.104,True
C16404,P1261,PR0258,F0080,7,F,VA,6,2.66,In-Network,Paid,Dermatology,Imaging,93010,M17.11,0,3660.48,916.13,0.83,0,2022-05-03,ER,0.0,True
C16413,P0718,PR0292,F0126,59,F,Medicaid,6,1.55,In-Network,Paid,Endocrinology,Surgery,99214,J45.909,1,4980.06,1481.76,0.64,0,2022-01-29,ER,0.0,True
C16432,P0870,PR0078,F0175,50,M,Medicaid,1,1.96,Out-of-Network,Adjusted,Gastroenterology,Imaging,99213,K21.9,0,3741.68,793.87,1.42,0,2023-10-22,ER,0.0,True
C16452,P6464,PR0057,F0096,12,M,VA,11,1.78,Out-of-Network,Denied,Gastroenterology,Imaging,59400,G40.909,0,3253.82,1237.98,2.51,0,2023-11-11,Outpatient,0.0,True
C16460,P3676,PR0416,F0091,76,M,Medicaid,7,1.86,In-Network,Adjusted,Endocrinology,Labs,93000,S83.241A,0,1566.75,906.46,0.6,6,2023-10-14,Inpatient,0.0,True
C16471,P0318,PR0010,F0100,37,M,Commercial,1,0.31,Out-of-Network,Denied,Endocrinology,Specialist,99213,S83.241A,0,474.79,1079.91,0.08,0,2022-10-12,Outpatient,0.0,True
C16477,P1567,PR0010,F0163,80,F,VA,8,2.35,In-Network,Adjusted,Orthopedics,Specialist,59400,J45.909,1,817.34,2049.63,0.73,3,2022-08-17,Inpatient,0.0,True
C16490,P4456,PR0230,F0042,80,M,Medicaid,11,2.81,Out-of-Network,Denied,Gastroenterology,Labs,93000,M17.11,0,4823.09,1115.78,2.19,8,2022-10-26,Inpatient,0.0,True
C16520,P5433,PR0368,F0054,10,F,Commercial,3,0.32,Out-of-Network,Adjusted,Endocrinology,Primary Care,93000,M17.11,0,1547.25,1122.55,0.32,0,2022-01-05,ER,0.0,True
C16522,P6531,PR0186,F0157,78,F,VA,3,1.41,Out-of-Network,Adjusted,OBGYN,Specialist,95816,G40.909,0,3717.33,1883.19,0.54,0,2022-12-10,ER,0.0,True
C16534,P7350,PR0241,F0044,3,M,Medicare,7,1.46,In-Network,Adjusted,Neurology,Primary Care,95816,E11.65,1,3358.74,1449.76,0.45,8,2022-11-01,Inpatient,0.0,True
C16542,P5125,PR0200,F0069,17,M,Medicaid,5,1.82,In-Network,Adjusted,Primary Care,Specialist,27447,I50.9,1,71.29,855.24,0.01,0,2023-02-23,ER,0.331,True
C16546,P3562,PR0174,F0027,45,F,VA,8,2.87,In-Network,Adjusted,Endocrinology,Labs,93010,M17.11,0,2510.87,965.83,0.6,0,2022-12-25,ER,0.0,True
C16549,P1426,PR0143,F0160,87,M,VA,7,1.08,In-Network,Adjusted,Primary Care,Imaging,99213,E11.9,1,2067.71,794.23,0.34,0,2023-01-31,ER,0.104,True
C16557,P1129,PR0069,F0032,58,F,VA,1,1.85,In-Network,Denied,Dermatology,Primary Care,95816,M17.11,0,4178.34,794.87,1.2,0,2022-05-21,ER,0.0,True
C16570,P7698,PR0237,F0039,26,M,Medicare,3,1.49,Out-of-Network,Denied,OBGYN,Imaging,93000,K21.9,0,1252.47,980.59,3.06,0,2022-05-20,ER,0.0,True
C16578,P5371,PR0307,F0087,90,M,Medicaid,7,1.0,Out-of-Network,Paid,Dermatology,Imaging,99285,I21.4,0,1404.12,2108.94,0.61,1,2022-10-23,Inpatient,0.0,True
C16579,P0825,PR0308,F0200,24,M,VA,7,1.81,In-Network,Denied,Neurology,Surgery,27447,O80,0,1358.69,777.05,0.53,0,2023-06-17,ER,0.0,True
C16580,P5678,PR0232,F0019,64,F,VA,7,1.97,Out-of-Network,Denied,Neurology,Labs,93010,I21.4,0,2371.48,1578.1,2.54,0,2023-08-12,Outpatient,0.0,True
C16589,P5961,PR0497,F0086,54,M,Medicaid,6,1.85,In-Network,Adjusted,Endocrinology,Specialist,99285,J45.909,1,622.21,794.67,2.21,0,2023-03-15,Outpatient,0.0,True
C16590,P4180,PR0493,F0025,76,M,Medicare,9,0.58,Out-of-Network,Paid,Endocrinology,Labs,99213,O80,0,1364.23,1113.96,0.68,0,2023-04-16,ER,0.0,True
C16605,P1618,PR0440,F0049,3,M,Medicaid,12,1.21,Out-of-Network,Adjusted,Primary Care,Primary Care,93010,G40.909,0,2685.02,1388.59,13.3,9,2023-08-26,Inpatient,0.0,True
C16611,P1376,PR0333,F0135,71,M,VA,1,1.56,In-Network,Denied,Gastroenterology,Surgery,93000,E11.65,1,3340.55,1688.33,0.48,0,2022-06-23,Outpatient,0.0,True
C16615,P7609,PR0450,F0035,32,F,VA,4,2.28,Out-of-Network,Paid,Orthopedics,Surgery,99285,I50.9,1,367.04,1022.61,0.08,0,2023-01-05,Outpatient,0.331,True
C16618,P3726,PR0342,F0195,11,F,Medicaid,2,2.74,Out-of-Network,Denied,Cardiology,Surgery,27447,I21.4,0,2299.24,1461.58,0.36,0,2023-09-15,ER,0.0,True
C16637,P6123,PR0012,F0010,19,F,Medicare,3,1.4,Out-of-Network,Denied,Dermatology,Imaging,93000,K21.9,0,2752.25,1317.21,0.52,4,2023-10-26,Inpatient,0.0,True
C16645,P0960,PR0407,F0067,49,F,Medicare,1,1.79,Out-of-Network,Adjusted,Endocrinology,Imaging,73564,O80,0,708.98,909.92,0.09,0,2023-08-17,ER,0.0,True
C16655,P7452,PR0386,F0034,32,F,Commercial,1,0.79,Out-of-Network,Denied,Neurology,Imaging,59400,J45.909,1,1400.04,1074.55,0.19,3,2023-03-01,Inpatient,0.0,True
C16685,P1264,PR0485,F0152,10,M,Medicare,3,2.02,Out-of-Network,Denied,Orthopedics,Labs,99213,S83.241A,0,1317.78,2434.36,0.45,8,2022-05-12,Inpatient,0.0,True
C16701,P4680,PR0337,F0034,74,F,Medicaid,4,1.03,In-Network,Paid,OBGYN,Labs,93000,G40.909,0,2402.38,883.54,0.34,0,2023-12-14,ER,0.0,True
C16739,P2503,PR0479,F0063,3,M,VA,1,1.64,Out-of-Network,Denied,Endocrinology,Imaging,73564,E11.9,1,4712.09,877.3,11.62,0,2023-03-08,Outpatient,0.104,True
C16748,P0969,PR0489,F0024,4,F,Medicaid,4,2.41,Out-of-Network,Adjusted,OBGYN,Surgery,95816,E11.65,1,3408.96,1055.22,0.57,6,2023-05-19,Inpatient,0.0,True
C16751,P6458,PR0144,F0021,76,F,VA,3,0.88,Out-of-Network,Paid,Cardiology,Imaging,99214,M17.11,0,1471.79,1654.63,0.23,10,2022-10-08,Inpatient,0.0,True
C16762,P1755,PR0119,F0137,21,M,Medicaid,7,1.14,In-Network,Denied,Primary Care,Imaging,99214,O80,0,4043.7,782.11,1.04,0,2022-09-20,Outpatient,0.0,True
C16794,P4988,PR0337,F0148,6,F,VA,3,0.7,In-Network,Paid,Cardiology,Imaging,99214,M17.11,0,1247.71,1199.68,0.28,0,2023-08-29,Outpatient,0.0,True
C16801,P1654,PR0070,F0171,57,F,VA,9,1.76,Out-of-Network,Denied,Gastroenterology,Primary Care,73564,O80,0,2022.65,1542.21,0.47,9,2022-09-01,Inpatient,0.0,True
C16807,P0286,PR0444,F0143,49,M,Medicare,7,1.51,Out-of-Network,Adjusted,OBGYN,Primary Care,93000,G40.909,0,1866.58,1579.55,1.04,2,2023-05-11,Inpatient,0.0,True
C16818,P1555,PR0207,F0137,86,F,VA,3,1.79,Out-of-Network,Adjusted,Endocrinology,Primary Care,99214,G40.909,0,3237.38,836.13,17.52,0,2022-09-21,ER,0.0,True
C16825,P4195,PR0306,F0170,47,M,Commercial,2,2.45,In-Network,Paid,Endocrinology,Imaging,99214,K21.9,0,1593.97,821.17,0.83,5,2022-02-24,Inpatient,0.0,True
C16831,P1948,PR0201,F0136,44,F,Commercial,8,2.63,Out-of-Network,Denied,Dermatology,Imaging,95816,E11.65,1,2631.98,1386.79,0.4,1,2023-11-24,Inpatient,0.0,True
C16851,P7707,PR0120,F0170,80,F,Medicaid,6,2.36,Out-of-Network,Denied,Endocrinology,Imaging,95816,K21.9,0,3673.77,1026.02,0.73,0,2022-04-09,Outpatient,0.0,True
C16867,P5382,PR0427,F0171,16,F,Medicaid,5,2.92,In-Network,Paid,Endocrinology,Primary Care,95250,E11.9,1,2138.01,2098.15,0.83,0,2023-01-26,Outpatient,0.104,True
C16886,P1457,PR0263,F0178,59,M,Commercial,9,1.15,In-Network,Denied,Endocrinology,Imaging,99214,E11.65,1,847.24,1206.62,1.87,0,2023-12-25,Outpatient,0.0,True
C16900,P1723,PR0004,F0020,6,M,Commercial,12,0.44,Out-of-Network,Paid,Cardiology,Imaging,99285,J45.909,1,4640.56,797.11,1.82,0,2022-03-12,Outpatient,0.0,True
C16906,P4524,PR0040,F0080,42,F,VA,9,2.33,In-Network,Denied,Primary Care,Specialist,93000,S83.241A,0,2482.68,926.94,0.46,0,2022-11-08,Outpatient,0.0,True
C16910,P6739,PR0479,F0168,53,F,Medicaid,11,2.77,Out-of-Network,Adjusted,Primary Care,Surgery,93010,E11.65,1,219.52,3568.34,0.08,0,2023-01-21,ER,0.0,True
C16934,P6630,PR0224,F0167,84,F,Medicare,11,1.67,In-Network,Paid,Neurology,Specialist,27447,O80,0,2489.8,758.81,0.91,2,2022-02-20,Inpatient,0.0,True
C16938,P5281,PR0411,F0177,20,F,VA,4,1.27,In-Network,Adjusted,Gastroenterology,Specialist,59400,E11.65,1,196.73,2172.79,0.04,4,2023-02-24,Inpatient,0.0,True
C16954,P5181,PR0025,F0034,73,M,Commercial,3,2.3,In-Network,Denied,OBGYN,Labs,95816,G40.909,0,3972.14,1072.39,0.56,6,2023-11-25,Inpatient,0.0,True
C16957,P3864,PR0356,F0183,74,F,Medicaid,11,2.77,In-Network,Adjusted,Neurology,Imaging,27447,E11.9,1,3263.69,1284.51,2.27,0,2022-10-10,Outpatient,0.104,True
C16991,P6586,PR0096,F0017,13,F,VA,7,1.05,In-Network,Adjusted,Neurology,Specialist,99285,M17.11,0,1941.15,770.47,0.28,8,2022-03-30,Inpatient,0.0,True
C16998,P5733,PR0357,F0057,28,M,Medicare,4,2.76,Out-of-Network,Denied,Gastroenterology,Imaging,93000,I50.9,1,1392.91,1525.54,0.31,4,2023-12-22,Inpatient,0.331,True
C17053,P5237,PR0410,F0111,73,M,VA,5,2.86,Out-of-Network,Adjusted,Neurology,Labs,99285,E11.9,1,484.85,2051.01,0.07,0,2023-12-25,Outpatient,0.104,True
C17056,P3432,PR0332,F0197,34,M,Medicaid,10,1.45,In-Network,Adjusted,OBGYN,Primary Care,59400,E11.65,1,2908.77,1260.75,0.76,0,2023-05-14,Outpatient,0.0,True
C17104,P1829,PR0078,F0067,0,M,Medicaid,11,2.39,In-Network,Paid,OBGYN,Specialist,59400,S83.241A,0,3252.3,1630.0,24.89,5,2023-11-16,Inpatient,0.0,True
C17132,P6890,PR0451,F0061,77,M,Medicaid,4,2.47,Out-of-Network,Adjusted,Cardiology,Labs,99285,E11.9,1,299.44,1085.11,0.41,0,2022-01-26,Outpatient,0.104,True
C17140,P1098,PR0084,F0183,13,M,Medicare,3,1.17,In-Network,Paid,Neurology,Primary Care,95250,E11.9,1,2737.69,969.37,2.08,4,2023-09-15,Inpatient,0.104,True
C17142,P2945,PR0101,F0100,86,F,Commercial,9,1.83,In-Network,Adjusted,OBGYN,Primary Care,73564,K21.9,0,1718.47,1882.4,1.54,0,2023-01-28,ER,0.0,True
C17144,P4602,PR0043,F0082,53,F,VA,10,2.5,In-Network,Adjusted,Gastroenterology,Labs,99285,I50.9,1,3053.78,968.93,0.55,3,2023-04-28,Inpatient,0.331,True
C17152,P7385,PR0277,F0074,84,F,Medicare,1,0.6,In-Network,Denied,Dermatology,Surgery,99214,J45.909,1,882.53,962.36,0.3,0,2022-08-24,ER,0.0,True
C17154,P2352,PR0153,F0155,29,F,VA,9,0.44,In-Network,Adjusted,Cardiology,Labs,27447,G40.909,0,4816.09,1261.04,2.82,0,2022-07-22,Outpatient,0.0,True
C17162,P2119,PR0460,F0046,56,M,Medicare,7,2.61,Out-of-Network,Adjusted,Cardiology,Labs,93000,K21.9,0,4138.53,1298.1,2.36,0,2023-05-03,Outpatient,0.0,True
C17169,P2426,PR0127,F0122,50,F,Commercial,10,0.54,In-Network,Paid,Primary Care,Imaging,99213,I50.9,1,2796.14,1476.05,2.68,0,2022-11-09,Outpatient,0.331,True
C17176,P0377,PR0346,F0166,0,F,Medicare,3,1.5,Out-of-Network,Adjusted,Orthopedics,Surgery,59400,G40.909,0,2495.49,948.15,0.71,0,2022-06-21,Outpatient,0.0,True
C17185,P3412,PR0216,F0002,25,M,Commercial,4,1.23,In-Network,Denied,Primary Care,Gastroenterology,99214,E11.65,1,505.4,1094.9,0.25,0,2022-06-23,ER,0.0,True
C17198,P7743,PR0359,F0006,15,M,Medicare,5,0.71,Out-of-Network,Adjusted,Gastroenterology,Primary Care,27447,K21.9,0,4710.07,905.13,1.91,0,2022-01-23,Outpatient,0.0,True
C17207,P7883,PR0203,F0114,50,F,Commercial,10,0.53,Out-of-Network,Paid,Cardiology,Specialist,95250,G40.909,0,3859.23,930.86,0.61,0,2023-03-26,Outpatient,0.0,True
C17215,P7153,PR0105,F0116,2,F,Commercial,4,1.23,In-Network,Paid,Cardiology,Surgery,93000,G40.909,0,1870.29,2173.61,0.47,0,2023-09-23,Outpatient,0.0,True
C17240,P3942,PR0347,F0086,13,M,Commercial,8,2.43,Out-of-Network,Adjusted,Orthopedics,Gastroenterology,93000,S83.241A,0,2375.44,1085.49,0.35,6,2023-04-23,Inpatient,0.0,True
C17244,P0461,PR0011,F0009,34,F,Medicare,8,1.87,In-Network,Paid,Neurology,Imaging,95816,I21.4,0,3678.56,889.66,0.89,0,2023-01-03,ER,0.0,True
C17265,P0020,PR0065,F0180,80,F,VA,6,2.95,In-Network,Denied,Orthopedics,Labs,99285,I50.9,1,3916.4,836.4,8.82,1,2022-03-06,Inpatient,0.331,True
C17279,P4074,PR0217,F0144,67,F,VA,8,0.75,Out-of-Network,Paid,Primary Care,Labs,93000,G40.909,0,3236.12,779.63,3.18,0,2022-07-25,Outpatient,0.0,True
C17291,P6022,PR0093,F0150,31,F,Commercial,5,0.35,Out-of-Network,Adjusted,Neurology,Labs,99214,M17.11,0,3657.11,1014.62,0.82,0,2023-04-07,ER,0.0,True
C17292,P6983,PR0097,F0112,52,F,Commercial,3,1.85,In-Network,Denied,Gastroenterology,Labs,95250,K21.9,0,4288.28,801.23,9.23,3,2022-02-19,Inpatient,0.0,True
C17297,P0726,PR0128,F0134,29,M,Commercial,2,1.8,In-Network,Denied,Orthopedics,Surgery,99213,I21.4,0,1701.75,1051.35,6.52,5,2023-04-19,Inpatient,0.0,True
C17300,P4510,PR0215,F0095,71,M,Commercial,3,1.08,Out-of-Network,Paid,Dermatology,Imaging,93000,M17.11,0,886.62,852.05,0.47,0,2023-07-01,Outpatient,0.0,True
C17309,P7884,PR0177,F0174,76,M,Medicare,12,2.46,Out-of-Network,Adjusted,Gastroenterology,Imaging,95250,K21.9,0,668.75,772.24,0.15,0,2023-03-02,Outpatient,0.0,True
C17312,P0750,PR0115,F0151,9,M,Medicaid,2,2.64,In-Network,Adjusted,Primary Care,Labs,99214,I21.4,0,3712.5,1736.46,14.02,0,2022-11-17,ER,0.0,True
C17324,P4162,PR0350,F0152,36,F,Medicaid,12,2.67,In-Network,Adjusted,OBGYN,Primary Care,93010,I50.9,1,4718.95,850.74,2.97,0,2022-02-14,ER,0.331,True
C17329,P4220,PR0180,F0084,23,F,Medicaid,11,1.65,Out-of-Network,Paid,Primary Care,Labs,99285,O80,0,2469.28,2603.51,0.5,0,2022-09-25,ER,0.0,True
C17330,P3881,PR0114,F0099,12,M,Commercial,5,1.55,Out-of-Network,Paid,Orthopedics,Surgery,93000,M17.11,0,169.47,1181.36,0.08,4,2022-06-18,Inpatient,0.0,True
C17342,P2193,PR0364,F0143,50,M,Medicare,5,2.48,Out-of-Network,Paid,Dermatology,Surgery,99285,I21.4,0,790.26,986.51,0.24,6,2023-09-20,Inpatient,0.0,True
C17355,P5256,PR0409,F0090,36,F,Medicaid,10,2.1,Out-of-Network,Adjusted,Cardiology,Primary Care,93010,K21.9,0,216.01,1172.9,0.05,0,2022-03-21,Outpatient,0.0,True
C17381,P4124,PR0393,F0124,26,F,Medicare,12,0.95,In-Network,Paid,Neurology,Surgery,95250,E11.9,1,2899.44,3910.17,0.39,0,2023-03-24,ER,0.104,True
C17389,P0854,PR0104,F0150,25,M,Medicare,6,1.23,Out-of-Network,Paid,Dermatology,Labs,27447,E11.65,1,3719.32,1014.31,2.87,0,2022-07-16,Outpatient,0.0,True
C17428,P0844,PR0099,F0055,41,F,Medicare,4,1.84,In-Network,Adjusted,Cardiology,Imaging,99214,G40.909,0,3793.87,819.21,0.58,0,2022-09-03,ER,0.0,True
C17429,P7052,PR0203,F0159,71,F,VA,6,0.92,In-Network,Adjusted,Gastroenterology,Specialist,99213,O80,0,3828.39,747.45,1.04,0,2022-11-21,ER,0.0,True
C17432,P3000,PR0397,F0072,72,M,VA,1,1.1,In-Network,Denied,Neurology,Labs,93000,K21.9,0,3697.77,948.27,0.5,0,2023-08-23,ER,0.0,True
C17433,P6422,PR0200,F0065,33,M,Commercial,3,2.14,In-Network,Adjusted,Cardiology,Labs,27447,O80,0,3700.63,1233.79,3.02,4,2022-12-20,Inpatient,0.0,True
C17437,P4752,PR0258,F0117,27,F,Medicaid,10,0.94,In-Network,Adjusted,Endocrinology,Primary Care,95816,E11.65,1,1958.42,4010.6,0.35,10,2022-12-18,Inpatient,0.0,True
C17476,P2164,PR0222,F0033,60,F,Medicare,5,2.16,In-Network,Adjusted,OBGYN,Surgery,95250,S83.241A,0,2880.1,2409.73,0.38,10,2022-07-11,Inpatient,0.0,True
C17503,P6198,PR0366,F0142,14,F,Commercial,10,2.95,In-Network,Adjusted,Orthopedics,Imaging,93010,M17.11,0,4168.17,844.59,0.55,0,2022-11-21,ER,0.0,True
C17512,P6984,PR0081,F0155,77,F,VA,11,2.65,Out-of-Network,Denied,Endocrinology,Labs,95250,I50.9,1,4760.87,1121.47,2.22,2,2023-09-19,Inpatient,0.331,True
C17524,P3852,PR0199,F0034,27,M,Commercial,6,0.59,Out-of-Network,Denied,Dermatology,Labs,99213,E11.9,1,928.99,987.84,0.67,0,2022-01-13,ER,0.104,True
C17526,P0958,PR0232,F0160,29,F,Commercial,10,2.3,In-Network,Adjusted,OBGYN,Imaging,73564,K21.9,0,4441.82,776.98,0.58,0,2022-06-30,ER,0.0,True
C17538,P0625,PR0425,F0127,75,M,Medicare,4,0.36,Out-of-Network,Adjusted,Orthopedics,Gastroenterology,93000,E11.65,1,4801.21,37596.22,2.82,4,2022-11-02,Inpatient,0.0,True
C17543,P5922,PR0360,F0105,17,M,Medicaid,10,1.26,Out-of-Network,Paid,OBGYN,Surgery,99213,J45.909,1,4520.28,1044.62,5.78,0,2022-10-11,Outpatient,0.0,True
C17549,P1026,PR0042,F0062,57,M,Medicare,9,1.98,Out-of-Network,Adjusted,Cardiology,Specialist,95250,E11.65,1,3652.81,1299.4,31.07,0,2023-04-29,Outpatient,0.0,True
C17554,P4886,PR0045,F0019,42,F,VA,3,1.4,In-Network,Denied,Endocrinology,Labs,99213,I21.4,0,615.16,976.5,0.4,2,2022-09-18,Inpatient,0.0,True
C17561,P4507,PR0028,F0092,11,M,Medicare,5,0.32,Out-of-Network,Denied,Dermatology,Imaging,95250,I50.9,1,3911.29,949.87,1.14,0,2022-02-22,Outpatient,0.331,True
C17562,P3101,PR0290,F0101,79,F,VA,9,1.89,Out-of-Network,Paid,Dermatology,Specialist,73564,O80,0,2609.9,1242.46,0.8,0,2022-10-29,Outpatient,0.0,True
C17564,P2854,PR0085,F0095,60,M,Medicare,4,2.04,Out-of-Network,Paid,Neurology,Imaging,93000,K21.9,0,1161.84,2044.9,0.17,0,2022-06-17,Outpatient,0.0,True
C17567,P0786,PR0065,F0129,12,M,Medicaid,3,1.41,Out-of-Network,Paid,Orthopedics,Imaging,59400,E11.9,1,551.14,758.91,0.08,0,2023-07-20,Outpatient,0.104,True
C17571,P4542,PR0190,F0025,13,M,Medicare,1,2.42,Out-of-Network,Denied,Primary Care,Surgery,99214,K21.9,0,2466.66,1423.43,0.36,0,2022-06-27,ER,0.0,True
C17586,P2570,PR0126,F0169,61,M,VA,12,0.83,In-Network,Paid,Dermatology,Specialist,99214,K21.9,0,1172.91,1334.29,0.16,0,2023-06-22,ER,0.0,True
C17601,P0406,PR0265,F0096,68,M,Medicaid,5,1.96,Out-of-Network,Paid,Neurology,Gastroenterology,95816,S83.241A,0,2965.15,22621.59,0.44,2,2023-04-09,Inpatient,0.0,True
C17614,P5145,PR0060,F0157,73,F,Medicare,9,2.65,Out-of-Network,Paid,Orthopedics,Imaging,93010,G40.909,0,3321.4,1358.47,1.05,0,2022-10-20,ER,0.0,True
C17620,P1554,PR0018,F0064,22,M,Commercial,3,2.72,Out-of-Network,Paid,Dermatology,Surgery,99213,G40.909,0,1823.5,2816.11,2.45,0,2022-12-16,ER,0.0,True
C17623,P1966,PR0375,F0118,67,F,Medicaid,7,0.85,In-Network,Paid,OBGYN,Surgery,73564,E11.9,1,2969.48,853.14,0.58,0,2023-06-20,ER,0.104,True
C17624,P3931,PR0276,F0144,51,F,Medicare,3,1.61,Out-of-Network,Paid,Orthopedics,Specialist,95250,M17.11,0,996.21,801.24,0.46,0,2022-04-24,ER,0.0,True
C17627,P2713,PR0444,F0027,13,M,VA,4,1.91,Out-of-Network,Adjusted,OBGYN,Labs,99213,J45.909,1,201.69,799.93,0.06,0,2023-05-05,ER,0.0,True
C17628,P4720,PR0369,F0165,1,F,Medicaid,2,2.45,In-Network,Adjusted,Primary Care,Labs,27447,I50.9,1,891.86,3263.79,0.57,0,2023-01-14,ER,0.331,True
C17632,P5248,PR0017,F0179,3,M,VA,2,1.29,Out-of-Network,Denied,Primary Care,Labs,99285,J45.909,1,3068.45,1666.94,3.34,5,2022-02-11,Inpatient,0.0,True
C17655,P6915,PR0070,F0012,18,M,VA,4,0.31,In-Network,Paid,Dermatology,Primary Care,27447,E11.65,1,2011.75,839.48,0.64,6,2023-11-14,Inpatient,0.0,True
C17666,P1923,PR0351,F0196,29,F,Medicare,5,1.0,Out-of-Network,Paid,OBGYN,Specialist,27447,I21.4,0,3542.44,906.94,0.53,0,2022-02-23,Outpatient,0.0,True
C17675,P1439,PR0272,F0046,11,M,Medicaid,2,2.62,Out-of-Network,Paid,Primary Care,Imaging,59400,I21.4,0,4716.74,980.74,1.18,0,2023-06-10,ER,0.0,True
C17711,P0599,PR0433,F0078,65,F,VA,10,2.36,In-Network,Denied,Orthopedics,Labs,93010,G40.909,0,249.49,778.55,0.03,0,2023-10-29,Outpatient,0.0,True
C17722,P7555,PR0242,F0197,39,F,Medicare,10,1.5,In-Network,Adjusted,Endocrinology,Primary Care,99285,S83.241A,0,932.23,904.52,0.35,0,2023-03-09,Outpatient,0.0,True
C17726,P0149,PR0285,F0054,61,M,Medicaid,2,0.91,Out-of-Network,Denied,Gastroenterology,Surgery,99214,J45.909,1,4441.97,990.75,0.91,0,2023-02-19,ER,0.0,True
C17737,P7031,PR0325,F0073,67,F,Medicare,3,2.25,Out-of-Network,Denied,Cardiology,Imaging,99285,O80,0,1408.74,883.35,0.52,0,2022-05-02,ER,0.0,True
C17741,P1978,PR0433,F0107,1,M,Medicaid,9,1.79,In-Network,Adjusted,Dermatology,Imaging,73564,I21.4,0,2618.21,1369.52,1.26,8,2023-12-23,Inpatient,0.0,True
C17747,P1657,PR0057,F0031,51,M,Medicare,10,1.35,In-Network,Adjusted,OBGYN,Primary Care,59400,E11.9,1,3853.33,1157.29,4.37,0,2023-04-21,Outpatient,0.104,True
C17753,P4068,PR0053,F0079,46,M,Medicaid,9,1.31,In-Network,Denied,OBGYN,Specialist,93010,K21.9,0,885.29,1200.78,0.12,0,2023-10-07,ER,0.0,True
C17764,P6266,PR0433,F0124,4,F,Medicaid,9,1.56,In-Network,Adjusted,Dermatology,Surgery,95816,O80,0,3760.2,806.42,0.49,0,2022-09-30,ER,0.0,True
C17771,P3660,PR0178,F0132,5,F,VA,3,1.98,In-Network,Denied,Primary Care,Imaging,99214,J45.909,1,2168.17,1160.58,0.59,4,2022-08-04,Inpatient,0.0,True
C17786,P1256,PR0474,F0013,8,F,Commercial,9,2.49,Out-of-Network,Adjusted,Dermatology,Gastroenterology,93010,I50.9,1,3606.22,32692.96,0.52,0,2023-08-18,ER,0.331,True
C17795,P5472,PR0021,F0131,48,M,VA,11,2.69,In-Network,Paid,Cardiology,Labs,93000,J45.909,1,4851.87,1521.26,0.87,9,2022-10-19,Inpatient,0.0,True
C17798,P6066,PR0265,F0159,79,F,VA,9,0.99,Out-of-Network,Paid,Neurology,Specialist,27447,O80,0,1208.13,1207.86,0.28,2,2022-01-06,Inpatient,0.0,True
C17855,P0867,PR0355,F0063,67,M,Commercial,2,1.83,In-Network,Denied,Gastroenterology,Primary Care,59400,O80,0,827.68,898.85,0.38,4,2022-12-21,Inpatient,0.0,True
C17856,P7562,PR0301,F0077,28,F,Medicaid,9,0.65,Out-of-Network,Denied,Endocrinology,Primary Care,95250,G40.909,0,2279.8,1093.37,1.09,0,2023-06-22,ER,0.0,True
C17874,P4322,PR0413,F0185,69,M,Medicaid,6,2.46,In-Network,Adjusted,Cardiology,Surgery,27447,K21.9,0,1655.16,888.42,0.69,0,2022-02-26,ER,0.0,True
C17890,P7686,PR0476,F0097,15,F,Medicare,10,2.29,In-Network,Adjusted,Endocrinology,Primary Care,99213,O80,0,1069.93,849.23,0.24,0,2022-07-21,ER,0.0,True
C17917,P4415,PR0368,F0137,21,F,Commercial,12,2.72,Out-of-Network,Paid,Cardiology,Surgery,95250,O80,0,2747.02,1312.84,1.84,0,2023-01-22,Outpatient,0.0,True
C17929,P1306,PR0020,F0032,53,F,Medicaid,2,1.81,Out-of-Network,Denied,OBGYN,Imaging,27447,I50.9,1,4067.18,1474.63,0.61,1,2023-02-17,Inpatient,0.331,True
C17945,P6909,PR0477,F0111,12,M,Medicaid,5,2.43,Out-of-Network,Paid,Orthopedics,Surgery,99285,J45.909,1,664.86,862.42,0.16,0,2022-09-23,ER,0.0,True
C17974,P1845,PR0454,F0122,34,M,VA,7,1.44,In-Network,Adjusted,Cardiology,Primary Care,99285,G40.909,0,114.85,804.44,0.03,0,2023-09-08,ER,0.0,True
C17977,P6242,PR0152,F0194,68,M,Medicaid,2,2.16,Out-of-Network,Denied,Gastroenterology,Primary Care,59400,S83.241A,0,63.95,1363.89,0.01,0,2023-09-12,Outpatient,0.0,True
C18012,P2495,PR0226,F0107,6,F,Medicaid,5,0.88,In-Network,Adjusted,Endocrinology,Primary Care,27447,S83.241A,0,270.7,919.53,0.04,3,2023-06-23,Inpatient,0.0,True
C18013,P4112,PR0073,F0117,47,M,Commercial,11,0.57,In-Network,Paid,Orthopedics,Surgery,99285,M17.11,0,3179.23,947.32,0.6,5,2023-03-07,Inpatient,0.0,True
C18022,P2817,PR0220,F0127,57,F,Medicare,12,0.34,In-Network,Denied,Gastroenterology,Labs,99285,I21.4,0,1070.16,1503.83,0.39,0,2023-04-19,ER,0.0,True
C18062,P3656,PR0240,F0054,31,M,VA,2,0.7,In-Network,Paid,OBGYN,Gastroenterology,93010,K21.9,0,2073.18,35106.21,0.99,0,2023-03-23,ER,0.0,True
C18096,P0649,PR0333,F0114,66,F,Commercial,9,2.24,Out-of-Network,Paid,Gastroenterology,Surgery,93010,K21.9,0,2810.63,754.64,0.82,0,2023-12-18,ER,0.0,True
C18119,P4981,PR0166,F0023,56,F,Commercial,1,0.86,In-Network,Denied,Endocrinology,Primary Care,99213,E11.9,1,3104.91,1014.98,0.45,9,2022-07-08,Inpatient,0.104,True
C18125,P6913,PR0350,F0041,5,M,Medicaid,10,2.33,Out-of-Network,Denied,Orthopedics,Labs,27447,O80,0,2337.22,1001.95,0.53,0,2023-04-01,ER,0.0,True
C18133,P5881,PR0185,F0176,72,F,Medicaid,2,1.46,Out-of-Network,Denied,Endocrinology,Primary Care,59400,G40.909,0,1517.68,3047.27,0.22,5,2022-02-24,Inpatient,0.0,True
C18140,P4581,PR0072,F0158,30,M,Medicaid,7,0.93,Out-of-Network,Denied,OBGYN,Primary Care,99214,E11.9,1,1670.5,898.2,0.55,0,2023-04-05,ER,0.104,True
C18143,P3641,PR0279,F0177,22,M,Commercial,10,2.82,Out-of-Network,Adjusted,OBGYN,Specialist,95816,E11.65,1,63.9,1079.14,0.02,5,2023-02-06,Inpatient,0.0,True
C18145,P4029,PR0102,F0003,81,F,VA,2,1.72,Out-of-Network,Paid,Dermatology,Surgery,59400,K21.9,0,2975.32,2414.84,13.0,0,2022-08-12,Outpatient,0.0,True
C18161,P5509,PR0167,F0164,5,M,Medicare,11,2.86,Out-of-Network,Denied,OBGYN,Gastroenterology,73564,G40.909,0,3104.03,1040.01,2.19,10,2022-11-15,Inpatient,0.0,True
C18169,P0136,PR0352,F0164,35,M,Medicaid,12,2.41,In-Network,Denied,Primary Care,Surgery,99285,O80,0,3700.23,940.38,0.55,4,2023-06-08,Inpatient,0.0,True
C18177,P7253,PR0483,F0140,78,M,Commercial,2,0.64,Out-of-Network,Adjusted,Cardiology,Surgery,93010,G40.909,0,472.98,1497.59,0.18,0,2023-10-15,Outpatient,0.0,True
C18210,P3249,PR0212,F0023,54,F,Medicare,6,1.1,In-Network,Paid,Primary Care,Labs,93010,S83.241A,0,3617.42,791.35,0.57,1,2022-02-15,Inpatient,0.0,True
C18236,P7109,PR0020,F0104,4,M,Medicaid,2,2.64,In-Network,Denied,Dermatology,Imaging,99213,E11.9,1,4780.67,976.69,0.68,0,2023-10-13,ER,0.104,True
C18238,P6785,PR0300,F0152,43,F,VA,10,0.79,In-Network,Paid,Primary Care,Imaging,99213,E11.65,1,1669.71,1057.23,0.43,1,2023-10-18,Inpatient,0.0,True
C18256,P0269,PR0385,F0090,37,M,Commercial,10,1.09,Out-of-Network,Paid,Gastroenterology,Specialist,59400,M17.11,0,1234.71,1682.7,0.2,0,2022-02-19,ER,0.0,True
C18263,P1024,PR0467,F0179,31,F,Medicare,4,0.84,Out-of-Network,Adjusted,Neurology,Imaging,99214,J45.909,1,3166.23,1372.01,0.76,10,2023-07-18,Inpatient,0.0,True
C18272,P2286,PR0407,F0150,3,M,VA,6,2.52,In-Network,Adjusted,Cardiology,Primary Care,59400,M17.11,0,2529.24,1702.69,0.52,0,2022-01-10,ER,0.0,True
C18285,P4267,PR0058,F0114,38,F,Commercial,6,0.68,Out-of-Network,Adjusted,Cardiology,Primary Care,93010,O80,0,3190.92,1048.7,0.82,0,2022-01-15,Outpatient,0.0,True
C18290,P6096,PR0210,F0001,22,M,Medicare,2,0.42,Out-of-Network,Adjusted,Dermatology,Gastroenterology,95250,E11.9,1,4679.68,1038.89,0.95,0,2022-10-21,ER,0.104,True
C18318,P4050,PR0443,F0193,21,F,VA,12,0.34,In-Network,Denied,OBGYN,Surgery,95250,M17.11,0,308.49,1841.07,0.05,6,2022-11-03,Inpatient,0.0,True
C18338,P6611,PR0465,F0037,61,M,Medicaid,1,2.94,In-Network,Adjusted,Cardiology,Labs,93000,E11.9,1,4430.62,1130.56,0.58,2,2022-04-07,Inpatient,0.104,True
C18339,P5353,PR0446,F0129,40,M,VA,7,0.89,Out-of-Network,Denied,Primary Care,Primary Care,95816,M17.11,0,3759.49,1590.8,1.49,0,2022-03-23,ER,0.0,True
C18348,P2364,PR0287,F0039,40,M,Commercial,1,1.17,In-Network,Paid,OBGYN,Specialist,93010,J45.909,1,4510.71,1051.81,0.92,0,2022-05-10,ER,0.0,True
C18356,P5533,PR0383,F0043,78,F,Medicare,9,0.6,Out-of-Network,Adjusted,Orthopedics,Primary Care,95250,O80,0,1475.07,1139.97,0.32,0,2022-09-11,ER,0.0,True
C18357,P0897,PR0432,F0018,54,F,Medicare,7,0.71,Out-of-Network,Adjusted,Neurology,Labs,99214,M17.11,0,3619.0,902.97,1.09,0,2022-09-02,Outpatient,0.0,True
C18360,P4770,PR0031,F0069,6,M,VA,4,0.81,Out-of-Network,Paid,Neurology,Imaging,59400,I50.9,1,4058.6,1003.06,15.96,6,2023-05-20,Inpatient,0.331,True
C18364,P7876,PR0337,F0044,53,M,VA,1,0.77,Out-of-Network,Adjusted,Primary Care,Imaging,95250,K21.9,0,750.07,3630.76,1.79,3,2023-01-24,Inpatient,0.0,True
C18417,P3885,PR0268,F0115,49,M,Medicare,2,2.85,Out-of-Network,Denied,Cardiology,Specialist,99214,I21.4,0,4423.91,1009.87,1.03,0,2023-02-17,Outpatient,0.0,True
C18419,P5588,PR0435,F0188,9,M,VA,6,2.45,Out-of-Network,Paid,Endocrinology,Labs,73564,J45.909,1,1272.38,3124.44,0.19,4,2022-09-19,Inpatient,0.0,True
C18433,P3133,PR0159,F0125,74,M,Medicare,6,1.05,In-Network,Adjusted,Orthopedics,Labs,99213,I50.9,1,2717.2,1054.3,9.06,4,2023-10-09,Inpatient,0.331,True
C18454,P0524,PR0024,F0136,65,F,VA,4,1.28,In-Network,Denied,Cardiology,Labs,99285,O80,0,1485.04,769.42,0.22,0,2022-10-26,ER,0.0,True
C18457,P7176,PR0102,F0157,73,F,Medicare,8,1.76,In-Network,Denied,Primary Care,Surgery,93010,I50.9,1,703.44,1479.19,0.17,0,2023-12-01,ER,0.331,True
C18465,P0754,PR0045,F0117,58,M,Commercial,2,1.27,In-Network,Adjusted,Primary Care,Surgery,93000,O80,0,3624.52,771.13,0.48,1,2022-12-05,Inpatient,0.0,True
C18482,P0542,PR0089,F0137,26,F,Medicare,7,0.64,Out-of-Network,Paid,Dermatology,Primary Care,59400,G40.909,0,1846.17,1101.52,0.64,0,2022-07-23,Outpatient,0.0,True
C18504,P0207,PR0161,F0083,37,F,Medicare,4,2.23,In-Network,Paid,OBGYN,Specialist,93000,J45.909,1,4206.63,1158.25,4.32,0,2023-07-06,ER,0.0,True
C18546,P3886,PR0152,F0194,83,M,Medicaid,3,1.78,Out-of-Network,Denied,Orthopedics,Specialist,59400,I50.9,1,1492.92,1654.48,0.19,0,2022-06-10,Outpatient,0.331,True
C18548,P3011,PR0247,F0103,41,M,Medicare,8,1.37,In-Network,Denied,Dermatology,Primary Care,93000,S83.241A,0,3114.26,870.65,2.45,6,2023-05-25,Inpatient,0.0,True
C18555,P4237,PR0258,F0094,23,M,Commercial,9,2.75,In-Network,Adjusted,Orthopedics,Labs,95250,E11.9,1,635.5,1201.66,0.16,0,2023-05-03,ER,0.104,True
C18559,P5343,PR0079,F0188,33,F,Commercial,10,2.01,In-Network,Adjusted,Cardiology,Imaging,99285,K21.9,0,2207.35,2252.3,0.51,5,2022-03-01,Inpatient,0.0,True
C18572,P6181,PR0303,F0089,86,F,Medicare,9,2.77,In-Network,Denied,Cardiology,Imaging,99214,O80,0,2845.52,982.85,0.54,7,2023-11-16,Inpatient,0.0,True
C18587,P3428,PR0449,F0050,76,M,Medicaid,2,2.92,Out-of-Network,Denied,Orthopedics,Surgery,99213,J45.909,1,878.69,1522.21,0.35,0,2022-05-08,ER,0.0,True
C18591,P0624,PR0167,F0103,22,F,Medicare,7,1.4,Out-of-Network,Denied,Gastroenterology,Imaging,99213,K21.9,0,2171.44,1649.7,0.9,0,2022-12-30,Outpatient,0.0,True
C18607,P3790,PR0351,F0168,54,F,VA,1,1.83,Out-of-Network,Adjusted,OBGYN,Primary Care,95816,S83.241A,0,2133.89,1839.69,0.3,0,2023-06-25,Outpatient,0.0,True
C18614,P0498,PR0263,F0086,6,F,VA,10,2.67,Out-of-Network,Paid,Dermatology,Imaging,99285,G40.909,0,720.97,775.41,0.09,0,2023-11-24,Outpatient,0.0,True
C18621,P2093,PR0294,F0122,20,F,Medicaid,9,1.37,Out-of-Network,Denied,Dermatology,Primary Care,95250,J45.909,1,3710.94,822.41,0.73,0,2023-10-19,Outpatient,0.0,True
C18640,P4340,PR0407,F0009,6,F,Medicaid,11,2.39,In-Network,Denied,Neurology,Primary Care,59400,G40.909,0,4590.23,1258.13,0.63,0,2022-11-16,Outpatient,0.0,True
C18651,P1295,PR0455,F0178,19,F,VA,5,1.2,Out-of-Network,Denied,OBGYN,Imaging,27447,O80,0,2186.07,3422.71,1.47,0,2023-05-25,Outpatient,0.0,True
C18672,P5942,PR0409,F0004,75,M,Medicaid,10,0.63,Out-of-Network,Adjusted,Cardiology,Gastroenterology,99213,K21.9,0,1923.74,21463.33,0.26,4,2022-12-26,Inpatient,0.0,True
C18673,P2997,PR0460,F0167,58,F,VA,5,2.46,In-Network,Adjusted,Primary Care,Gastroenterology,27447,K21.9,0,4016.43,17126.59,0.65,4,2023-01-24,Inpatient,0.0,True
C18707,P6198,PR0052,F0026,27,M,VA,12,0.77,Out-of-Network,Paid,Orthopedics,Imaging,95250,I50.9,1,4395.1,1647.12,1.58,7,2023-02-09,Inpatient,0.331,True
C18714,P3683,PR0203,F0015,25,F,Medicare,7,1.71,In-Network,Denied,Orthopedics,Primary Care,99285,K21.9,0,2293.71,1322.84,2.6,0,2022-05-25,Outpatient,0.0,True
C18719,P7027,PR0311,F0129,19,M,Medicaid,12,0.8,In-Network,Paid,Primary Care,Primary Care,99213,K21.9,0,3741.59,889.75,6.21,7,2022-05-12,Inpatient,0.0,True
C18739,P1866,PR0028,F0173,9,M,VA,4,2.21,Out-of-Network,Paid,Orthopedics,Surgery,99213,M17.11,0,3308.62,936.75,1.17,0,2023-09-29,Outpatient,0.0,True
C18788,P1179,PR0014,F0087,49,F,Medicare,3,1.46,In-Network,Adjusted,OBGYN,Surgery,95250,E11.65,1,1792.98,955.95,0.25,0,2022-09-13,Outpatient,0.0,True
C18792,P2280,PR0218,F0030,41,M,Medicare,11,0.87,In-Network,Denied,Endocrinology,Specialist,93010,K21.9,0,4434.93,833.22,0.65,0,2022-01-09,Outpatient,0.0,True
C18793,P0616,PR0091,F0194,81,M,VA,11,0.74,Out-of-Network,Adjusted,Endocrinology,Primary Care,95250,E11.9,1,3390.36,839.51,0.58,0,2022-10-04,Outpatient,0.104,True
C18807,P5866,PR0426,F0163,53,M,VA,1,1.47,Out-of-Network,Adjusted,Cardiology,Specialist,27447,E11.9,1,2832.03,922.53,2.09,7,2022-07-20,Inpatient,0.104,True
C18815,P4162,PR0253,F0176,59,F,VA,10,1.5,Out-of-Network,Denied,Orthopedics,Labs,99213,S83.241A,0,2720.8,1287.84,0.35,0,2023-03-16,ER,0.0,True
C18816,P1476,PR0224,F0046,83,M,Medicaid,1,2.54,Out-of-Network,Denied,Primary Care,Surgery,93010,J45.909,1,4623.96,2623.22,1.08,0,2023-06-26,Outpatient,0.0,True
C18817,P1480,PR0224,F0115,11,M,Medicare,2,2.62,In-Network,Denied,Dermatology,Primary Care,99285,J45.909,1,4233.5,864.95,0.65,7,2022-08-21,Inpatient,0.0,True
C18823,P1945,PR0237,F0123,46,M,Medicaid,11,1.36,In-Network,Denied,Gastroenterology,Gastroenterology,99213,G40.909,0,256.9,1558.01,0.13,0,2022-06-12,ER,0.0,True
C18824,P0820,PR0285,F0085,28,M,VA,12,1.66,In-Network,Paid,Orthopedics,Specialist,73564,O80,0,3136.0,1103.54,0.44,2,2023-01-20,Inpatient,0.0,True
C18838,P6366,PR0105,F0084,54,F,Commercial,11,2.73,In-Network,Paid,Orthopedics,Labs,73564,K21.9,0,2446.08,829.05,3.81,2,2023-02-28,Inpatient,0.0,True
C18843,P2706,PR0420,F0166,77,F,Medicare,3,1.42,Out-of-Network,Adjusted,Neurology,Primary Care,27447,I50.9,1,1548.44,779.76,0.38,0,2023-01-13,ER,0.331,True
C18852,P6589,PR0372,F0131,6,F,Medicaid,6,1.3,In-Network,Paid,Cardiology,Imaging,73564,K21.9,0,866.71,9342.52,0.32,0,2023-08-12,ER,0.0,True
C18856,P5706,PR0065,F0116,59,M,Commercial,3,1.57,Out-of-Network,Denied,Dermatology,Primary Care,93010,O80,0,1341.5,1404.8,0.2,9,2023-10-19,Inpatient,0.0,True
C18890,P3244,PR0125,F0071,51,F,Commercial,10,2.3,In-Network,Denied,Primary Care,Imaging,93010,G40.909,0,3057.28,1269.91,5.34,0,2023-05-27,ER,0.0,True
C18894,P5489,PR0486,F0111,87,F,VA,6,1.75,In-Network,Adjusted,Primary Care,Specialist,95250,I50.9,1,4242.93,1577.31,0.77,0,2022-04-11,ER,0.331,True
C18971,P1469,PR0407,F0132,54,F,Commercial,6,2.79,Out-of-Network,Adjusted,Orthopedics,Surgery,93000,E11.9,1,1433.17,837.29,1.05,6,2023-09-22,Inpatient,0.104,True
C18992,P5847,PR0357,F0121,3,M,VA,12,1.16,Out-of-Network,Denied,Primary Care,Imaging,99213,E11.9,1,1523.47,987.68,0.19,0,2023-12-07,Outpatient,0.104,True
C19005,P6573,PR0020,F0151,45,F,Commercial,6,1.16,In-Network,Adjusted,Cardiology,Labs,27447,S83.241A,0,1101.88,1233.07,0.84,0,2023-07-14,ER,0.0,True
C19006,P7714,PR0448,F0122,34,F,VA,7,0.91,In-Network,Denied,OBGYN,Labs,99285,I21.4,0,4902.64,783.6,3.0,0,2022-06-14,Outpatient,0.0,True
C19031,P7698,PR0234,F0106,84,F,VA,4,0.43,In-Network,Paid,Orthopedics,Surgery,59400,I21.4,0,1858.49,1622.58,0.31,0,2023-08-09,Outpatient,0.0,True
C19032,P1317,PR0483,F0058,65,M,Commercial,10,2.36,Out-of-Network,Denied,Endocrinology,Imaging,99213,M17.11,0,835.36,2347.95,0.21,0,2022-04-21,Outpatient,0.0,True
C19049,P7719,PR0227,F0025,63,F,Medicaid,7,2.41,In-Network,Paid,Cardiology,Surgery,99285,I50.9,1,3612.73,1015.07,2.28,0,2023-11-05,ER,0.331,True
C19056,P2565,PR0216,F0025,50,F,Medicaid,11,1.03,In-Network,Denied,OBGYN,Specialist,59400,G40.909,0,4231.64,1408.66,3.88,0,2023-08-19,ER,0.0,True
C19059,P5637,PR0328,F0046,49,F,Commercial,6,1.39,In-Network,Adjusted,Neurology,Imaging,99285,K21.9,0,2382.22,1909.72,4.64,0,2022-10-09,Outpatient,0.0,True
C19093,P1637,PR0315,F0046,81,M,Medicaid,11,2.34,In-Network,Denied,Endocrinology,Gastroenterology,59400,S83.241A,0,2134.36,37377.8,0.46,5,2022-07-11,Inpatient,0.0,True
C19095,P6658,PR0202,F0191,57,M,Commercial,11,0.61,In-Network,Adjusted,Primary Care,Primary Care,73564,G40.909,0,3619.19,891.45,0.97,6,2023-01-05,Inpatient,0.0,True
C19109,P0582,PR0173,F0172,43,M,Commercial,3,1.51,Out-of-Network,Denied,OBGYN,Labs,93000,M17.11,0,1634.53,1280.06,0.21,0,2023-06-07,ER,0.0,True
C19121,P7008,PR0296,F0122,22,F,VA,12,0.48,Out-of-Network,Paid,Neurology,Surgery,95250,I21.4,0,3870.84,870.04,3.3,1,2023-10-23,Inpatient,0.0,True
C19140,P1597,PR0296,F0030,69,F,Medicaid,3,0.68,In-Network,Paid,OBGYN,Labs,99285,E11.9,1,3437.77,1982.02,0.47,7,2022-02-19,Inpatient,0.104,True
C19144,P6386,PR0106,F0191,28,F,Medicaid,2,1.18,In-Network,Paid,Endocrinology,Labs,93000,I50.9,1,4903.18,2715.38,28.11,0,2023-05-01,Outpatient,0.331,True
C19154,P2549,PR0146,F0159,80,M,Medicare,6,0.42,Out-of-Network,Denied,Endocrinology,Specialist,93010,M17.11,0,2330.03,824.83,0.76,5,2022-12-17,Inpatient,0.0,True
C19156,P3299,PR0369,F0039,79,F,Medicare,3,1.79,Out-of-Network,Denied,Cardiology,Surgery,93010,G40.909,0,4806.23,1438.23,23.03,8,2022-06-25,Inpatient,0.0,True
C19166,P6468,PR0469,F0132,36,M,Commercial,2,0.6,In-Network,Adjusted,Endocrinology,Labs,93000,G40.909,0,2675.53,794.48,5.3,0,2022-12-12,ER,0.0,True
C19179,P2822,PR0416,F0084,68,F,Commercial,11,2.65,Out-of-Network,Adjusted,Neurology,Imaging,99213,J45.909,1,4633.97,885.17,7.25,4,2022-05-15,Inpatient,0.0,True
C19188,P6849,PR0224,F0173,13,F,Commercial,7,0.92,Out-of-Network,Adjusted,Primary Care,Surgery,93000,G40.909,0,786.47,813.44,0.29,9,2023-04-28,Inpatient,0.0,True
C19190,P6571,PR0122,F0169,15,M,Medicaid,6,2.51,Out-of-Network,Denied,Primary Care,Specialist,99285,G40.909,0,1700.32,1311.14,0.62,0,2023-04-04,ER,0.0,True
C19192,P1700,PR0489,F0167,46,M,VA,4,1.2,In-Network,Adjusted,Dermatology,Primary Care,93010,E11.65,1,1287.22,1093.94,0.43,0,2022-06-19,Outpatient,0.0,True
C19198,P0216,PR0141,F0088,52,M,VA,1,0.9,In-Network,Denied,Neurology,Imaging,93010,I50.9,1,3983.24,1992.26,4.16,0,2023-06-14,ER,0.331,True
C19217,P1686,PR0299,F0151,27,M,VA,8,1.0,Out-of-Network,Adjusted,OBGYN,Primary Care,93010,M17.11,0,4970.13,1458.3,10.51,0,2023-01-29,ER,0.0,True
C19239,P7896,PR0012,F0108,39,F,Medicare,7,2.78,Out-of-Network,Denied,Neurology,Primary Care,27447,G40.909,0,1957.13,3101.44,0.34,0,2022-08-24,ER,0.0,True
C19250,P5006,PR0100,F0128,41,F,Commercial,10,0.31,In-Network,Adjusted,Endocrinology,Labs,93010,J45.909,1,3332.85,1530.95,1.04,0,2023-08-02,ER,0.0,True
C19255,P6569,PR0273,F0082,22,M,Medicaid,7,0.89,Out-of-Network,Paid,Dermatology,Surgery,93010,E11.9,1,3914.22,2023.08,1.73,0,2022-06-28,Outpatient,0.104,True
C19272,P3563,PR0013,F0080,90,M,Commercial,9,2.31,Out-of-Network,Denied,Primary Care,Surgery,93000,M17.11,0,4221.75,921.48,1.9,0,2023-12-07,ER,0.0,True
C19274,P0721,PR0158,F0136,50,F,Commercial,8,1.55,In-Network,Denied,Dermatology,Primary Care,99214,E11.9,1,2953.16,757.61,0.37,0,2023-06-17,ER,0.104,True
C19277,P0035,PR0391,F0147,18,M,Medicare,6,2.04,Out-of-Network,Denied,OBGYN,Surgery,73564,K21.9,0,4462.99,841.62,0.59,6,2022-05-18,Inpatient,0.0,True
C19301,P6758,PR0067,F0180,3,M,Medicaid,12,1.28,Out-of-Network,Denied,OBGYN,Specialist,99213,S83.241A,0,4534.62,746.88,0.57,0,2023-09-10,ER,0.0,True
C19323,P3833,PR0238,F0092,0,M,Medicare,9,0.44,In-Network,Adjusted,Gastroenterology,Imaging,93010,I50.9,1,817.84,1422.56,0.36,6,2023-11-11,Inpatient,0.331,True
C19325,P4359,PR0451,F0113,27,M,Commercial,4,1.61,Out-of-Network,Denied,Dermatology,Surgery,59400,E11.65,1,940.67,1336.69,0.21,2,2022-05-05,Inpatient,0.0,True
C19335,P7349,PR0012,F0074,13,F,Medicare,2,2.86,In-Network,Denied,Orthopedics,Imaging,93000,O80,0,2479.54,975.95,2.48,3,2023-09-27,Inpatient,0.0,True
C19369,P5219,PR0113,F0017,72,F,Commercial,10,1.12,Out-of-Network,Denied,Primary Care,Labs,99214,I21.4,0,2652.83,1039.07,18.72,0,2023-07-25,Outpatient,0.0,True
C19375,P7387,PR0407,F0051,76,F,Commercial,8,2.29,In-Network,Adjusted,Gastroenterology,Labs,93010,S83.241A,0,4483.09,976.96,0.65,0,2022-07-08,ER,0.0,True
C19380,P4836,PR0227,F0166,70,M,VA,1,0.5,In-Network,Paid,Primary Care,Imaging,99285,E11.9,1,1387.84,2931.4,0.21,0,2023-06-09,Outpatient,0.104,True
C19391,P0045,PR0168,F0122,62,M,Medicare,11,2.54,In-Network,Paid,Dermatology,Primary Care,99213,K21.9,0,4975.97,1713.32,3.09,0,2022-10-14,ER,0.0,True
C19394,P3874,PR0097,F0101,74,F,Commercial,8,1.73,Out-of-Network,Adjusted,Primary Care,Primary Care,27447,S83.241A,0,1114.8,1101.16,4.7,5,2022-06-12,Inpatient,0.0,True
C19431,P0937,PR0250,F0003,58,F,Medicare,10,0.41,Out-of-Network,Adjusted,Cardiology,Labs,99214,E11.9,1,3078.33,1246.32,0.43,2,2023-11-04,Inpatient,0.104,True
C19437,P4702,PR0401,F0116,54,F,VA,9,0.86,In-Network,Adjusted,Primary Care,Specialist,27447,I50.9,1,4844.7,2134.37,2.9,8,2023-11-07,Inpatient,0.331,True
C19441,P0136,PR0425,F0193,31,F,VA,10,1.09,Out-of-Network,Adjusted,Dermatology,Primary Care,59400,E11.65,1,3403.45,1304.71,13.3,0,2023-04-03,ER,0.0,True
C19466,P0831,PR0326,F0143,70,F,VA,1,1.17,Out-of-Network,Paid,Cardiology,Surgery,93000,O80,0,1109.3,1119.44,0.88,2,2022-01-17,Inpatient,0.0,True
C19491,P6240,PR0019,F0156,18,F,Medicaid,7,1.21,Out-of-Network,Paid,Cardiology,Primary Care,95816,G40.909,0,188.05,3395.89,0.03,0,2023-04-08,ER,0.0,True
C19492,P7865,PR0041,F0128,23,F,Commercial,6,2.91,Out-of-Network,Denied,Dermatology,Primary Care,93000,I21.4,0,2069.38,1148.03,0.77,0,2023-09-03,Outpatient,0.0,True
C19500,P2579,PR0168,F0084,33,M,Medicaid,2,2.25,Out-of-Network,Adjusted,Neurology,Labs,99285,O80,0,2329.28,871.04,0.31,8,2022-12-05,Inpatient,0.0,True
C19524,P2010,PR0425,F0069,5,F,VA,11,2.09,Out-of-Network,Adjusted,Neurology,Imaging,93000,S83.241A,0,1698.65,1003.03,0.86,3,2023-05-14,Inpatient,0.0,True
C19526,P2997,PR0099,F0002,64,F,Medicaid,10,1.22,In-Network,Denied,Cardiology,Primary Care,27447,G40.909,0,1793.19,1300.73,2.3,0,2022-10-14,Outpatient,0.0,True
C19528,P0076,PR0301,F0162,35,F,Medicare,3,0.91,Out-of-Network,Paid,OBGYN,Surgery,27447,I21.4,0,1536.24,995.53,0.74,0,2023-01-07,Outpatient,0.0,True
C19533,P0292,PR0443,F0082,73,M,VA,6,2.31,Out-of-Network,Adjusted,Dermatology,Labs,95816,K21.9,0,1933.0,809.17,0.38,0,2023-04-14,Outpatient,0.0,True
C19540,P4217,PR0176,F0111,64,M,VA,9,2.66,Out-of-Network,Denied,Endocrinology,Surgery,95250,O80,0,3750.5,1023.33,0.87,0,2023-04-28,ER,0.0,True
C19542,P4657,PR0317,F0056,36,F,Commercial,10,0.36,Out-of-Network,Denied,Cardiology,Surgery,73564,M17.11,0,1577.06,952.67,0.34,4,2023-05-17,Inpatient,0.0,True
C19585,P7972,PR0315,F0101,7,F,VA,10,2.74,Out-of-Network,Paid,Gastroenterology,Labs,95250,S83.241A,0,2238.6,2939.26,0.28,0,2023-05-10,ER,0.0,True
C19589,P6609,PR0078,F0067,61,F,VA,2,1.69,Out-of-Network,Denied,Endocrinology,Gastroenterology,93000,J45.909,1,325.67,1769.62,0.06,6,2022-11-17,Inpatient,0.0,True
C19593,P0738,PR0219,F0089,40,F,Medicaid,10,1.3,In-Network,Paid,Gastroenterology,Surgery,73564,I50.9,1,2223.75,867.06,0.35,0,2022-12-04,Outpatient,0.331,True
C19621,P7511,PR0364,F0166,33,F,Medicare,10,2.46,In-Network,Paid,Neurology,Labs,99285,I50.9,1,4807.3,989.16,2.12,0,2022-09-25,ER,0.331,True
C19622,P4891,PR0338,F0126,23,M,Medicare,2,0.93,Out-of-Network,Denied,OBGYN,Imaging,93010,E11.9,1,4387.79,1322.66,0.55,0,2023-10-18,Outpatient,0.104,True
C19632,P3068,PR0111,F0001,74,F,Medicare,6,2.94,In-Network,Paid,Endocrinology,Primary Care,93010,O80,0,769.04,1270.06,0.49,0,2023-10-28,Outpatient,0.0,True
C19636,P0190,PR0308,F0143,40,F,VA,11,0.72,Out-of-Network,Paid,Orthopedics,Primary Care,99213,O80,0,4324.83,968.76,5.85,8,2022-09-26,Inpatient,0.0,True
C19645,P4174,PR0229,F0112,20,M,Commercial,1,0.5,In-Network,Paid,Primary Care,Labs,99214,J45.909,1,1263.01,869.74,0.17,0,2023-03-23,Outpatient,0.0,True
C19661,P5674,PR0043,F0015,89,M,Medicaid,4,0.61,In-Network,Adjusted,Dermatology,Imaging,73564,E11.9,1,3102.89,828.3,0.43,0,2023-10-11,ER,0.104,True
C19667,P7287,PR0287,F0187,20,F,VA,10,2.45,In-Network,Adjusted,Cardiology,Surgery,99213,E11.65,1,4301.86,875.62,2.33,0,2022-03-14,ER,0.0,True
C19680,P6738,PR0391,F0121,46,F,Medicare,9,1.16,Out-of-Network,Denied,Cardiology,Surgery,95250,M17.11,0,4951.73,1506.24,7.53,0,2022-08-19,Outpatient,0.0,True
C19684,P1458,PR0170,F0079,90,F,Commercial,6,1.49,Out-of-Network,Paid,Orthopedics,Imaging,99214,E11.9,1,4112.36,814.62,1.05,0,2023-08-02,Outpatient,0.104,True
C19712,P4652,PR0199,F0105,15,M,VA,8,2.54,In-Network,Adjusted,OBGYN,Specialist,95250,E11.65,1,410.39,1298.36,0.18,9,2022-06-22,Inpatient,0.0,True
C19719,P3052,PR0352,F0135,87,M,VA,9,0.96,In-Network,Paid,Primary Care,Surgery,99285,K21.9,0,3206.18,1178.17,0.77,0,2022-09-16,Outpatient,0.0,True
C19737,P1932,PR0033,F0039,89,M,VA,6,2.44,In-Network,Denied,Gastroenterology,Labs,99214,I21.4,0,532.76,1921.54,0.19,0,2023-06-11,Outpatient,0.0,True
C19763,P0291,PR0239,F0047,58,F,VA,2,2.43,Out-of-Network,Adjusted,Gastroenterology,Imaging,93000,K21.9,0,2891.98,857.13,0.76,0,2022-08-19,ER,0.0,True
C19768,P2907,PR0366,F0099,57,F,Commercial,4,2.47,In-Network,Paid,Dermatology,Labs,27447,E11.9,1,4929.21,1711.11,14.21,0,2022-01-08,ER,0.104,True
C19786,P1958,PR0259,F0198,24,F,Medicaid,11,2.43,In-Network,Paid,Gastroenterology,Specialist,99213,E11.65,1,1025.06,1734.48,7.43,0,2023-11-05,ER,0.0,True
C19801,P5857,PR0202,F0071,24,F,Commercial,5,2.66,In-Network,Paid,Neurology,Surgery,93000,S83.241A,0,1476.58,1222.65,0.3,8,2023-10-04,Inpatient,0.0,True
C19811,P5163,PR0397,F0043,1,F,Medicare,3,0.39,Out-of-Network,Denied,Primary Care,Surgery,73564,K21.9,0,1021.55,1316.21,0.21,0,2023-06-01,ER,0.0,True
C19812,P2750,PR0020,F0190,6,M,Commercial,12,2.23,Out-of-Network,Denied,OBGYN,Labs,99285,O80,0,2246.89,1982.87,0.32,0,2022-12-19,Outpatient,0.0,True
C19819,P6924,PR0383,F0176,75,M,Commercial,6,2.45,Out-of-Network,Paid,Dermatology,Imaging,99214,G40.909,0,1119.78,1022.28,0.33,0,2023-09-11,ER,0.0,True
C19833,P1480,PR0172,F0031,42,F,Medicare,3,0.4,In-Network,Adjusted,Dermatology,Imaging,99285,O80,0,2821.72,1059.51,3.31,7,2022-11-12,Inpatient,0.0,True
C19848,P0856,PR0272,F0100,6,F,Medicare,5,1.43,Out-of-Network,Adjusted,Gastroenterology,Imaging,27447,G40.909,0,2588.4,1034.76,0.79,5,2023-04-18,Inpatient,0.0,True
C19873,P0594,PR0275,F0128,13,M,Commercial,10,2.48,In-Network,Paid,Neurology,Imaging,59400,K21.9,0,3697.73,844.2,0.57,6,2023-07-24,Inpatient,0.0,True
C19876,P3713,PR0325,F0035,12,F,Medicaid,3,2.49,In-Network,Paid,Primary Care,Imaging,27447,G40.909,0,3899.43,878.85,3.6,0,2023-05-19,Outpatient,0.0,True
C19884,P2783,PR0120,F0177,67,F,VA,3,2.0,Out-of-Network,Paid,Gastroenterology,Surgery,95816,S83.241A,0,251.22,792.11,0.03,0,2023-09-04,ER,0.0,True
C19938,P5718,PR0043,F0127,81,M,Medicaid,1,1.35,In-Network,Adjusted,OBGYN,Labs,73564,M17.11,0,4596.99,1881.82,1.07,0,2023-09-15,Outpatient,0.0,True
C19941,P1286,PR0008,F0025,21,M,Commercial,1,1.47,Out-of-Network,Adjusted,Dermatology,Gastroenterology,99214,E11.65,1,688.99,38042.85,0.33,7,2023-01-07,Inpatient,0.0,True
C19945,P7534,PR0116,F0044,26,M,Medicare,8,0.43,Out-of-Network,Paid,Endocrinology,Surgery,99213,K21.9,0,3193.95,1033.66,2.98,0,2023-05-27,ER,0.0,True
C19959,P7362,PR0189,F0030,27,M,Medicaid,8,2.31,In-Network,Denied,Gastroenterology,Specialist,95250,S83.241A,0,1749.37,1040.27,15.79,8,2023-05-22,Inpatient,0.0,True
C19989,P1732,PR0262,F0107,23,F,Commercial,8,1.8,In-Network,Adjusted,OBGYN,Imaging,93010,S83.241A,0,168.29,1389.34,0.17,7,2023-02-19,Inpatient,0.0,True
C19999,P2016,PR0412,F0016,15,F,Medicare,7,0.79,Out-of-Network,Adjusted,OBGYN,Specialist,59400,S83.241A,0,2236.5,1005.79,0.34,0,2023-08-10,Outpatient,0.0,True
C20008,P7860,PR0407,F0127,23,F,Commercial,5,0.92,Out-of-Network,Paid,Endocrinology,Labs,95816,E11.9,1,2636.04,861.46,11.0,0,2023-09-12,Outpatient,0.104,True
C20010,P3198,PR0349,F0032,75,M,Medicare,8,1.74,Out-of-Network,Adjusted,Orthopedics,Primary Care,95816,K21.9,0,3002.66,1582.69,1.69,0,2022-08-29,Outpatient,0.0,True
C20020,P6827,PR0475,F0131,51,F,Medicare,5,1.6,In-Network,Paid,OBGYN,Surgery,59400,J45.909,1,3818.2,1119.87,0.5,0,2022-03-16,ER,0.0,True
C20021,P2139,PR0224,F0018,74,F,Medicaid,5,2.82,In-Network,Denied,Neurology,Labs,99285,G40.909,0,3926.8,1657.85,0.74,8,2023-08-19,Inpatient,0.0,True
C20027,P1469,PR0054,F0118,34,M,Commercial,10,1.78,In-Network,Adjusted,Neurology,Imaging,59400,I50.9,1,4619.68,1180.36,3.16,0,2023-07-23,Outpatient,0.331,True
C20085,P6429,PR0016,F0069,15,M,Commercial,11,2.73,In-Network,Denied,Cardiology,Imaging,73564,E11.9,1,771.49,1090.82,1.35,0,2023-09-09,ER,0.104,True
C20098,P5559,PR0046,F0177,11,M,Medicaid,3,0.79,Out-of-Network,Adjusted,Primary Care,Imaging,93010,K21.9,0,1673.41,1139.6,0.48,6,2023-11-14,Inpatient,0.0,True
C20103,P0260,PR0054,F0145,48,M,Medicare,1,0.32,Out-of-Network,Adjusted,Neurology,Specialist,95250,O80,0,2798.62,863.53,0.5,0,2022-04-23,Outpatient,0.0,True
C20123,P0649,PR0073,F0095,28,M,Medicaid,10,2.53,In-Network,Adjusted,Orthopedics,Surgery,95250,M17.11,0,729.75,1034.65,0.14,4,2023-07-04,Inpatient,0.0,True
C20127,P6370,PR0273,F0176,66,F,VA,3,2.6,Out-of-Network,Denied,Primary Care,Surgery,93000,S83.241A,0,2708.2,6653.06,7.79,0,2023-03-06,ER,0.0,True
C20129,P7185,PR0443,F0109,20,F,VA,8,2.98,In-Network,Adjusted,Gastroenterology,Specialist,93000,M17.11,0,3249.4,750.25,0.6,0,2022-06-11,Outpatient,0.0,True
C20132,P4111,PR0042,F0157,27,F,VA,10,3.0,Out-of-Network,Denied,Gastroenterology,Labs,93010,E11.9,1,1560.43,1068.74,0.59,0,2023-01-31,ER,0.104,True
C20138,P4199,PR0192,F0002,29,M,Medicaid,11,1.51,Out-of-Network,Denied,OBGYN,Surgery,27447,E11.9,1,3482.93,865.02,2.12,0,2022-08-28,Outpatient,0.104,True
C20143,P0924,PR0009,F0076,25,M,Medicare,7,1.79,Out-of-Network,Adjusted,Dermatology,Gastroenterology,99213,M17.11,0,2896.25,43432.65,0.9,0,2022-03-13,Outpatient,0.0,True
C20146,P1157,PR0165,F0095,10,M,Commercial,7,2.02,Out-of-Network,Paid,Orthopedics,Specialist,73564,O80,0,127.36,763.22,0.02,0,2023-01-02,ER,0.0,True
C20155,P2995,PR0328,F0111,58,M,Medicaid,4,2.45,Out-of-Network,Denied,Neurology,Primary Care,59400,J45.909,1,3646.89,946.56,0.61,2,2023-12-07,Inpatient,0.0,True
C20172,P0619,PR0217,F0173,71,M,Commercial,10,1.59,In-Network,Paid,Neurology,Labs,99213,M17.11,0,3563.36,1060.23,1.86,8,2023-09-16,Inpatient,0.0,True
C20195,P1219,PR0101,F0004,15,F,Medicaid,10,2.9,In-Network,Adjusted,Endocrinology,Imaging,99214,K21.9,0,3885.45,1014.03,3.14,0,2023-06-04,Outpatient,0.0,True
C20204,P1018,PR0114,F0068,28,M,Medicare,7,2.95,Out-of-Network,Adjusted,Neurology,Specialist,99285,J45.909,1,3851.15,770.57,0.91,1,2022-09-19,Inpatient,0.0,True
C20215,P5590,PR0182,F0194,8,F,VA,10,1.7,In-Network,Paid,Primary Care,Specialist,93000,I21.4,0,4027.68,1355.22,0.92,0,2023-02-17,Outpatient,0.0,True
C20221,P6641,PR0235,F0080,11,M,Medicare,4,1.35,In-Network,Adjusted,Endocrinology,Surgery,59400,J45.909,1,4927.66,782.53,0.8,0,2022-02-24,Outpatient,0.0,True
C20238,P3294,PR0361,F0178,7,M,Medicare,3,1.5,Out-of-Network,Paid,Endocrinology,Imaging,95250,E11.9,1,2537.59,1313.11,0.45,0,2023-06-21,ER,0.104,True
C20258,P4002,PR0388,F0143,15,F,VA,5,0.38,In-Network,Adjusted,Orthopedics,Surgery,93010,S83.241A,0,1458.86,1203.1,0.19,0,2022-11-03,ER,0.0,True
C20259,P7636,PR0159,F0023,46,M,Medicaid,11,2.18,In-Network,Adjusted,Orthopedics,Surgery,93010,I21.4,0,297.03,757.31,0.05,0,2022-04-21,ER,0.0,True
C20285,P5612,PR0424,F0182,50,F,Medicare,5,1.11,In-Network,Adjusted,Gastroenterology,Specialist,27447,S83.241A,0,1741.84,1829.15,0.28,0,2022-01-15,ER,0.0,True
C20298,P7552,PR0308,F0021,22,M,Commercial,4,1.89,In-Network,Paid,Endocrinology,Surgery,99214,M17.11,0,3759.88,1438.36,1.27,0,2022-12-04,Outpatient,0.0,True
C20320,P5707,PR0313,F0160,19,M,Medicare,3,2.73,In-Network,Denied,OBGYN,Surgery,99285,I21.4,0,4825.06,793.86,1.69,0,2023-02-06,ER,0.0,True
C20329,P6807,PR0093,F0023,16,M,Medicaid,1,1.11,In-Network,Adjusted,Gastroenterology,Surgery,99213,E11.65,1,848.49,761.84,0.93,9,2023-08-18,Inpatient,0.0,True
C20334,P5868,PR0398,F0104,24,M,VA,10,2.09,In-Network,Paid,Neurology,Gastroenterology,93010,I50.9,1,4637.05,38539.71,0.66,0,2023-11-04,ER,0.331,True
C20339,P7577,PR0274,F0069,17,M,Commercial,6,0.36,In-Network,Paid,Endocrinology,Imaging,59400,M17.11,0,4105.01,1221.71,24.87,5,2023-05-13,Inpatient,0.0,True
C20354,P0811,PR0403,F0058,37,M,VA,5,1.57,Out-of-Network,Adjusted,Dermatology,Labs,59400,I21.4,0,3134.86,885.54,0.59,0,2022-05-06,Outpatient,0.0,True
C20358,P7215,PR0123,F0182,36,M,Commercial,8,1.93,In-Network,Denied,Orthopedics,Surgery,99214,J45.909,1,559.51,1537.72,0.19,9,2022-04-08,Inpatient,0.0,True
C20359,P6080,PR0151,F0060,15,M,Medicare,2,2.61,In-Network,Paid,Primary Care,Gastroenterology,93000,K21.9,0,3858.15,27170.76,0.59,0,2023-06-24,Outpatient,0.0,True
C20363,P3131,PR0150,F0044,7,M,Medicare,8,2.97,In-Network,Paid,Neurology,Imaging,95250,S83.241A,0,3723.1,1343.87,10.55,4,2023-12-20,Inpatient,0.0,True
C20368,P7928,PR0069,F0157,16,M,Medicaid,6,2.43,Out-of-Network,Adjusted,OBGYN,Primary Care,99213,S83.241A,0,2087.92,869.27,0.39,0,2022-11-17,Outpatient,0.0,True
C20373,P6795,PR0034,F0195,36,M,Medicaid,6,1.14,Out-of-Network,Denied,Primary Care,Specialist,93010,I21.4,0,1698.69,882.38,0.48,0,2023-11-22,ER,0.0,True
C20379,P2596,PR0437,F0159,87,M,VA,7,0.81,In-Network,Denied,Endocrinology,Surgery,93000,I21.4,0,2120.64,856.18,1.98,10,2023-10-06,Inpatient,0.0,True
C20397,P6484,PR0245,F0034,0,M,Commercial,4,0.8,Out-of-Network,Denied,Orthopedics,Specialist,93000,I21.4,0,2580.76,1893.91,2.17,5,2022-10-11,Inpatient,0.0,True
C20399,P7711,PR0099,F0158,33,M,Medicaid,5,0.78,In-Network,Adjusted,Dermatology,Specialist,99213,I50.9,1,686.34,806.6,0.35,6,2022-07-26,Inpatient,0.331,True
C20403,P0291,PR0083,F0116,75,M,VA,12,2.25,Out-of-Network,Denied,Endocrinology,Gastroenterology,99214,S83.241A,0,1551.88,1357.39,0.25,2,2023-02-24,Inpatient,0.0,True
C20409,P5226,PR0318,F0139,28,F,Medicare,7,0.59,Out-of-Network,Adjusted,Primary Care,Surgery,95250,K21.9,0,4288.54,966.83,0.66,0,2023-12-25,Outpatient,0.0,True
C20426,P7617,PR0342,F0016,78,M,VA,3,1.61,In-Network,Adjusted,Dermatology,Imaging,93010,G40.909,0,2732.42,1879.62,0.55,0,2023-06-03,ER,0.0,True
C20442,P7448,PR0369,F0132,53,F,VA,6,2.99,In-Network,Adjusted,Dermatology,Labs,99213,J45.909,1,4134.91,1058.89,4.97,2,2023-11-03,Inpatient,0.0,True
C20456,P5623,PR0430,F0066,15,M,Medicaid,2,2.97,In-Network,Paid,Dermatology,Surgery,95816,O80,0,4908.2,837.05,1.46,0,2022-04-14,ER,0.0,True
C20508,P5173,PR0042,F0157,38,F,Medicaid,8,0.96,Out-of-Network,Denied,Gastroenterology,Specialist,95816,G40.909,0,1249.12,1035.73,0.23,0,2022-03-16,Outpatient,0.0,True
C20525,P2910,PR0397,F0088,5,F,Medicare,6,2.42,In-Network,Denied,Gastroenterology,Surgery,99285,O80,0,1261.01,857.27,0.3,0,2022-06-11,Outpatient,0.0,True
C20527,P7714,PR0011,F0106,30,M,Commercial,11,0.9,Out-of-Network,Denied,OBGYN,Gastroenterology,93000,J45.909,1,4283.1,1865.88,1.52,0,2022-03-02,Outpatient,0.0,True
C20528,P0065,PR0359,F0091,68,M,Medicaid,5,2.89,Out-of-Network,Paid,OBGYN,Imaging,27447,S83.241A,0,3415.51,1017.92,0.53,5,2023-11-25,Inpatient,0.0,True
C20539,P7726,PR0011,F0145,49,F,VA,11,0.68,Out-of-Network,Paid,Orthopedics,Specialist,99213,I50.9,1,3184.96,1448.32,0.5,0,2023-12-31,Outpatient,0.331,True
C20565,P4782,PR0124,F0060,55,F,Medicaid,7,2.13,Out-of-Network,Denied,OBGYN,Labs,93000,G40.909,0,1822.33,1368.12,1.97,4,2023-07-12,Inpatient,0.0,True
C20567,P1056,PR0254,F0149,9,M,Medicaid,6,1.31,In-Network,Denied,Orthopedics,Gastroenterology,93000,K21.9,0,926.55,39165.86,0.14,9,2023-06-14,Inpatient,0.0,True
C20577,P6689,PR0384,F0161,72,F,VA,8,2.9,In-Network,Adjusted,Primary Care,Imaging,27447,O80,0,4700.16,855.04,10.09,0,2022-12-03,ER,0.0,True
C20579,P6055,PR0287,F0135,72,M,Medicare,4,0.88,In-Network,Paid,OBGYN,Surgery,99213,I21.4,0,2211.32,842.74,0.39,0,2022-09-13,Outpatient,0.0,True
C20598,P0862,PR0316,F0143,61,M,Commercial,2,1.62,In-Network,Paid,Endocrinology,Imaging,99285,G40.909,0,1224.55,976.9,0.7,0,2022-05-14,ER,0.0,True
C20622,P2947,PR0051,F0101,48,F,Commercial,9,1.18,Out-of-Network,Paid,Orthopedics,Surgery,95816,M17.11,0,1953.46,1252.58,0.33,0,2022-06-30,Outpatient,0.0,True
C20635,P0647,PR0219,F0054,38,F,Medicaid,2,1.18,In-Network,Adjusted,Gastroenterology,Surgery,27447,J45.909,1,3472.34,904.71,7.93,0,2023-06-12,ER,0.0,True
C20638,P7152,PR0381,F0143,19,M,Commercial,12,1.92,In-Network,Paid,Neurology,Surgery,93000,O80,0,3356.79,969.36,0.87,0,2022-11-01,Outpatient,0.0,True
C20651,P1039,PR0113,F0121,51,M,Medicaid,2,0.54,In-Network,Denied,OBGYN,Surgery,93000,G40.909,0,3076.04,767.07,0.78,2,2023-08-15,Inpatient,0.0,True
C20658,P5746,PR0356,F0088,31,M,Commercial,4,1.56,In-Network,Adjusted,Dermatology,Specialist,27447,O80,0,3446.51,897.58,0.81,0,2023-08-04,Outpatient,0.0,True
C20660,P5248,PR0319,F0005,54,M,Commercial,3,0.36,In-Network,Paid,Primary Care,Primary Care,93010,E11.65,1,3718.29,1501.99,1.44,0,2023-09-19,Outpatient,0.0,True
C20666,P1013,PR0461,F0104,34,F,Commercial,6,2.76,Out-of-Network,Adjusted,Neurology,Surgery,27447,I21.4,0,1439.87,766.17,0.46,0,2023-10-14,Outpatient,0.0,True
C20671,P4241,PR0250,F0038,76,F,VA,1,2.0,In-Network,Denied,Neurology,Specialist,95250,M17.11,0,840.55,1213.65,0.18,0,2022-02-14,ER,0.0,True
C20729,P4841,PR0373,F0004,51,F,Medicaid,4,0.94,In-Network,Denied,Gastroenterology,Surgery,95816,E11.9,1,3588.62,1392.2,0.68,0,2022-06-24,Outpatient,0.104,True
C20734,P0676,PR0059,F0095,83,M,Medicare,12,0.62,In-Network,Paid,Endocrinology,Labs,73564,O80,0,4981.87,1378.97,0.71,0,2022-05-05,Outpatient,0.0,True
C20772,P3830,PR0443,F0066,7,M,Commercial,3,1.86,In-Network,Adjusted,Gastroenterology,Specialist,99214,K21.9,0,2605.95,1350.13,2.74,5,2022-04-01,Inpatient,0.0,True
C20773,P0903,PR0238,F0095,20,M,Medicaid,11,2.02,Out-of-Network,Adjusted,Primary Care,Labs,99285,E11.9,1,3780.3,890.87,5.86,0,2022-08-12,Outpatient,0.104,True
C20803,P2915,PR0103,F0151,89,F,VA,5,2.78,In-Network,Paid,OBGYN,Imaging,99214,I50.9,1,4170.92,877.72,1.69,4,2022-06-22,Inpatient,0.331,True
C20810,P1096,PR0378,F0114,27,F,VA,4,0.96,Out-of-Network,Denied,Orthopedics,Specialist,27447,S83.241A,0,2449.26,1523.05,0.73,0,2022-02-14,ER,0.0,True
C20819,P1527,PR0320,F0087,62,M,Medicaid,10,2.49,Out-of-Network,Paid,Cardiology,Imaging,73564,I50.9,1,4653.98,994.41,1.01,10,2023-02-11,Inpatient,0.331,True
C20845,P3229,PR0389,F0141,60,M,Medicare,10,2.16,Out-of-Network,Denied,Cardiology,Imaging,95816,I21.4,0,951.67,902.53,2.33,9,2023-08-26,Inpatient,0.0,True
C20875,P5629,PR0208,F0195,33,M,Medicare,11,1.17,Out-of-Network,Adjusted,Cardiology,Specialist,95816,O80,0,980.52,1037.23,0.43,3,2023-05-09,Inpatient,0.0,True
C20883,P7571,PR0233,F0044,1,F,Medicaid,6,2.27,Out-of-Network,Adjusted,Primary Care,Labs,59400,O80,0,2392.49,1143.53,0.34,0,2022-08-01,Outpatient,0.0,True
C20893,P5917,PR0041,F0028,29,M,Medicare,2,1.29,Out-of-Network,Paid,Endocrinology,Primary Care,95250,I21.4,0,102.7,793.74,0.03,0,2022-02-10,Outpatient,0.0,True
C20899,P7558,PR0138,F0056,15,F,Commercial,4,2.05,Out-of-Network,Denied,Endocrinology,Gastroenterology,93010,G40.909,0,3629.27,20001.56,3.03,0,2022-01-13,Outpatient,0.0,True
C20940,P3017,PR0144,F0055,8,M,Medicaid,10,0.82,Out-of-Network,Denied,Primary Care,Imaging,59400,S83.241A,0,3210.26,791.92,1.91,0,2023-04-04,Outpatient,0.0,True
C20951,P7239,PR0331,F0025,81,F,Medicaid,8,1.36,Out-of-Network,Adjusted,OBGYN,Imaging,59400,S83.241A,0,4496.98,1226.47,0.92,0,2023-09-03,Outpatient,0.0,True
C20958,P6003,PR0027,F0088,28,F,Medicaid,2,1.19,In-Network,Adjusted,OBGYN,Labs,99213,J45.909,1,344.42,866.11,0.96,10,2022-11-19,Inpatient,0.0,True
C20981,P1629,PR0216,F0107,45,F,VA,6,2.31,Out-of-Network,Paid,Neurology,Labs,93010,O80,0,1518.87,2238.68,0.2,0,2022-09-20,ER,0.0,True
C20988,P4216,PR0061,F0175,17,F,Commercial,11,2.88,In-Network,Denied,OBGYN,Primary Care,99213,E11.9,1,1428.9,812.94,0.24,0,2023-06-26,Outpatient,0.104,True
C20997,P3105,PR0023,F0060,46,F,VA,3,2.37,In-Network,Adjusted,Dermatology,Imaging,99214,J45.909,1,1788.0,780.99,0.29,0,2022-07-28,Outpatient,0.0,True
C21001,P5075,PR0469,F0187,45,F,Medicare,4,0.9,Out-of-Network,Adjusted,Dermatology,Primary Care,27447,E11.65,1,2296.09,2233.07,0.32,0,2023-08-06,Outpatient,0.0,True
C21010,P1637,PR0178,F0187,82,F,Medicaid,6,2.41,Out-of-Network,Denied,Dermatology,Labs,95250,I21.4,0,4264.83,1380.98,0.57,7,2022-09-20,Inpatient,0.0,True
C21019,P7279,PR0235,F0066,64,M,VA,11,1.36,In-Network,Denied,OBGYN,Labs,95816,M17.11,0,1528.61,964.55,0.44,1,2023-12-11,Inpatient,0.0,True
C21051,P2559,PR0035,F0152,54,F,Commercial,10,2.08,Out-of-Network,Paid,Neurology,Surgery,95816,S83.241A,0,1742.41,1256.28,0.23,0,2022-05-04,Outpatient,0.0,True
C21054,P2550,PR0234,F0156,69,F,Commercial,12,1.86,Out-of-Network,Denied,Primary Care,Gastroenterology,59400,M17.11,0,373.38,15122.48,0.05,9,2023-12-28,Inpatient,0.0,True
C21056,P5939,PR0353,F0089,82,M,Medicaid,4,1.46,In-Network,Denied,Cardiology,Labs,99213,E11.9,1,3061.43,1088.39,2.29,0,2023-03-26,Outpatient,0.104,True
C21061,P7520,PR0285,F0062,54,F,Medicaid,1,0.66,In-Network,Paid,Neurology,Surgery,59400,M17.11,0,4296.97,1125.77,1.21,7,2022-06-29,Inpatient,0.0,True
C21067,P6823,PR0201,F0135,1,M,VA,4,0.56,Out-of-Network,Denied,Orthopedics,Labs,99214,E11.9,1,238.77,1085.04,0.05,3,2023-02-03,Inpatient,0.104,True
C21072,P4160,PR0059,F0090,86,F,VA,5,1.66,Out-of-Network,Denied,Neurology,Surgery,99214,I50.9,1,4790.34,2043.78,1.17,0,2022-02-12,ER,0.331,True
C21075,P0077,PR0228,F0094,7,M,VA,7,1.02,Out-of-Network,Paid,OBGYN,Surgery,73564,S83.241A,0,1022.4,881.72,0.18,0,2022-12-01,Outpatient,0.0,True
C21079,P5210,PR0485,F0079,14,F,Commercial,6,0.43,In-Network,Adjusted,OBGYN,Primary Care,59400,I21.4,0,2174.89,822.32,0.39,9,2023-11-01,Inpatient,0.0,True
C21081,P7443,PR0343,F0001,17,M,VA,3,0.34,In-Network,Denied,Neurology,Labs,95250,I21.4,0,51.95,966.51,0.01,0,2022-07-12,Outpatient,0.0,True
C21083,P6457,PR0500,F0098,52,M,Medicaid,11,1.33,In-Network,Adjusted,Dermatology,Labs,59400,O80,0,4040.59,832.7,0.57,0,2023-06-06,ER,0.0,True
C21094,P5558,PR0234,F0131,90,M,Medicaid,9,0.31,Out-of-Network,Denied,Neurology,Labs,99285,M17.11,0,901.39,820.55,0.34,0,2022-10-29,Outpatient,0.0,True
C21100,P7808,PR0031,F0001,87,F,Commercial,1,1.54,Out-of-Network,Paid,Endocrinology,Gastroenterology,27447,I21.4,0,2858.41,1543.77,1.36,0,2023-09-16,Outpatient,0.0,True
C21105,P0224,PR0347,F0180,90,F,Medicaid,10,2.92,In-Network,Adjusted,OBGYN,Labs,59400,O80,0,341.2,1242.79,0.1,0,2022-11-12,ER,0.0,True
C21118,P0081,PR0381,F0140,46,M,Medicare,5,1.58,Out-of-Network,Paid,Primary Care,Primary Care,27447,M17.11,0,613.79,2101.6,0.1,9,2023-02-19,Inpatient,0.0,True
C21149,P5699,PR0414,F0155,54,F,Commercial,10,1.97,Out-of-Network,Paid,Primary Care,Primary Care,95816,K21.9,0,3561.35,839.27,4.04,1,2023-07-18,Inpatient,0.0,True
C21163,P6793,PR0206,F0085,48,F,Medicare,5,0.54,In-Network,Paid,Cardiology,Surgery,73564,E11.65,1,4543.81,1079.13,1.85,0,2023-06-19,Outpatient,0.0,True
C21186,P7471,PR0373,F0144,4,M,Medicaid,5,1.1,In-Network,Adjusted,Endocrinology,Specialist,73564,M17.11,0,2992.59,955.67,0.5,7,2023-12-20,Inpatient,0.0,True
C21188,P5848,PR0070,F0147,21,F,Medicare,9,2.05,Out-of-Network,Adjusted,Gastroenterology,Specialist,99213,K21.9,0,3079.83,767.08,0.4,0,2023-03-16,Outpatient,0.0,True
C21193,P0957,PR0181,F0155,12,M,Medicaid,6,1.77,Out-of-Network,Paid,Orthopedics,Imaging,99214,J45.909,1,693.32,758.26,0.33,8,2023-05-05,Inpatient,0.0,True
C21201,P0594,PR0280,F0154,15,F,Commercial,2,1.45,In-Network,Adjusted,Cardiology,Surgery,95816,E11.9,1,1649.9,1230.17,0.55,0,2022-10-04,ER,0.104,True
C21215,P3882,PR0078,F0072,3,M,Medicare,12,2.56,Out-of-Network,Paid,Endocrinology,Primary Care,95250,G40.909,0,4611.39,1232.07,1.29,6,2023-07-28,Inpatient,0.0,True
C21217,P5891,PR0379,F0035,4,F,Medicaid,12,2.41,In-Network,Denied,Endocrinology,Labs,95816,I50.9,1,3794.59,766.36,0.69,1,2022-05-07,Inpatient,0.331,True
C21253,P0216,PR0248,F0010,77,F,Commercial,9,0.91,Out-of-Network,Paid,Endocrinology,Surgery,95816,I21.4,0,4487.14,1238.97,0.96,10,2022-11-16,Inpatient,0.0,True
C21267,P3278,PR0066,F0151,87,F,Commercial,5,2.56,In-Network,Paid,Cardiology,Labs,95250,S83.241A,0,4474.12,942.38,2.16,0,2022-10-04,ER,0.0,True
C21299,P1394,PR0416,F0030,82,M,Medicaid,10,2.11,Out-of-Network,Paid,Cardiology,Labs,95250,G40.909,0,736.64,2115.41,0.15,0,2022-02-20,ER,0.0,True
C21303,P5203,PR0259,F0048,37,M,Medicare,12,0.34,In-Network,Paid,Gastroenterology,Surgery,99213,J45.909,1,2166.95,894.34,1.02,1,2022-12-20,Inpatient,0.0,True
C21307,P1083,PR0133,F0101,44,F,VA,11,1.94,Out-of-Network,Adjusted,Orthopedics,Imaging,59400,M17.11,0,2209.47,891.68,1.33,0,2022-10-31,ER,0.0,True
C21315,P4563,PR0198,F0181,57,F,VA,9,1.88,Out-of-Network,Denied,Gastroenterology,Primary Care,73564,M17.11,0,4290.63,1347.63,0.8,0,2022-12-15,Outpatient,0.0,True
C21331,P1595,PR0069,F0091,28,M,Medicaid,1,0.4,Out-of-Network,Paid,Dermatology,Primary Care,95250,S83.241A,0,120.76,1101.14,0.1,0,2022-04-22,Outpatient,0.0,True
C21338,P6174,PR0364,F0178,56,F,VA,3,1.72,Out-of-Network,Paid,Orthopedics,Specialist,93010,E11.9,1,837.52,2042.55,0.15,0,2023-10-13,ER,0.104,True
C21340,P5333,PR0264,F0012,69,F,VA,5,0.76,Out-of-Network,Denied,Primary Care,Labs,27447,K21.9,0,3319.07,987.93,0.47,10,2022-10-17,Inpatient,0.0,True
C21343,P3477,PR0221,F0066,43,M,Medicare,9,0.62,In-Network,Paid,OBGYN,Surgery,95250,G40.909,0,3989.62,1441.24,0.91,0,2022-11-12,ER,0.0,True
C21349,P6661,PR0184,F0140,27,M,Medicare,4,1.29,Out-of-Network,Paid,Primary Care,Specialist,95250,I21.4,0,3479.89,1381.54,1.76,3,2023-07-14,Inpatient,0.0,True
C21370,P3306,PR0465,F0151,61,M,Commercial,4,1.28,Out-of-Network,Paid,Dermatology,Specialist,99285,M17.11,0,1517.01,1312.03,0.2,8,2023-05-11,Inpatient,0.0,True
C21371,P1585,PR0311,F0106,40,M,Commercial,4,0.44,In-Network,Paid,Gastroenterology,Imaging,93000,K21.9,0,4552.02,1620.98,2.9,6,2023-06-30,Inpatient,0.0,True
C21374,P7004,PR0254,F0086,22,F,VA,9,1.48,Out-of-Network,Paid,Endocrinology,Surgery,99213,K21.9,0,3931.42,879.06,1.31,0,2023-10-08,ER,0.0,True
C21383,P2549,PR0066,F0091,81,F,Commercial,7,1.74,In-Network,Paid,Dermatology,Surgery,59400,O80,0,429.17,1347.18,0.4,7,2023-11-03,Inpatient,0.0,True
C21399,P0983,PR0024,F0048,18,M,Medicaid,4,1.84,Out-of-Network,Adjusted,Neurology,Specialist,95816,I50.9,1,1044.66,1587.78,0.41,2,2023-07-27,Inpatient,0.331,True
C21413,P4512,PR0290,F0112,31,F,Medicare,7,1.67,In-Network,Denied,Dermatology,Surgery,95816,I50.9,1,1452.45,928.51,0.19,5,2022-09-28,Inpatient,0.331,True
C21418,P2004,PR0492,F0172,73,M,Medicaid,1,2.32,In-Network,Denied,Orthopedics,Imaging,73564,O80,0,4032.09,846.8,2.21,0,2023-03-28,Outpatient,0.0,True
C21419,P2779,PR0447,F0034,60,M,Medicaid,2,1.82,In-Network,Paid,Endocrinology,Primary Care,93010,O80,0,1858.34,891.67,0.36,0,2022-08-09,ER,0.0,True
C21439,P6540,PR0157,F0058,80,F,Medicaid,10,1.33,Out-of-Network,Paid,OBGYN,Specialist,59400,G40.909,0,958.46,1078.4,0.36,0,2023-10-17,Outpatient,0.0,True
C21444,P0430,PR0423,F0017,80,F,VA,1,1.69,Out-of-Network,Adjusted,Orthopedics,Surgery,95250,I50.9,1,3329.66,1196.97,0.57,9,2022-07-20,Inpatient,0.331,True
C21445,P2306,PR0150,F0103,17,M,Commercial,8,0.88,Out-of-Network,Denied,Primary Care,Specialist,99213,M17.11,0,2625.63,867.68,5.84,0,2023-07-18,ER,0.0,True
C21447,P7593,PR0479,F0042,58,F,VA,7,0.73,Out-of-Network,Denied,Gastroenterology,Primary Care,93000,E11.9,1,2842.21,772.33,13.37,0,2022-06-28,Outpatient,0.104,True
C21471,P7100,PR0188,F0149,76,F,Medicaid,9,1.45,In-Network,Adjusted,Dermatology,Specialist,99214,O80,0,856.46,751.55,0.86,9,2022-02-17,Inpatient,0.0,True
C21480,P0832,PR0252,F0158,40,M,VA,2,2.11,Out-of-Network,Paid,Dermatology,Imaging,99285,I21.4,0,1853.67,781.26,0.82,0,2023-10-17,ER,0.0,True
C21523,P5757,PR0238,F0071,9,F,Medicare,9,0.55,Out-of-Network,Adjusted,Neurology,Specialist,93010,K21.9,0,981.06,767.35,0.22,0,2022-04-10,Outpatient,0.0,True
C21529,P6700,PR0408,F0106,19,F,VA,4,0.85,In-Network,Adjusted,Cardiology,Surgery,73564,E11.9,1,4996.26,787.78,2.75,0,2022-01-31,ER,0.104,True
C21547,P4444,PR0382,F0009,8,M,Medicare,3,0.58,In-Network,Paid,Gastroenterology,Primary Care,93010,S83.241A,0,1489.74,773.33,0.28,5,2022-04-23,Inpatient,0.0,True
C21562,P4991,PR0135,F0183,10,M,Medicaid,9,1.82,In-Network,Paid,Dermatology,Primary Care,95816,S83.241A,0,977.19,817.54,0.17,4,2022-02-24,Inpatient,0.0,True
C21584,P6382,PR0198,F0098,25,F,Commercial,5,0.75,Out-of-Network,Paid,Neurology,Labs,27447,G40.909,0,1585.84,1979.6,0.77,7,2023-05-22,Inpatient,0.0,True
C21586,P3344,PR0130,F0067,56,M,Medicare,7,1.29,Out-of-Network,Adjusted,Endocrinology,Labs,99213,E11.9,1,3962.56,821.51,1.19,0,2022-09-07,ER,0.104,True
C21596,P4713,PR0420,F0025,70,F,Commercial,3,1.86,In-Network,Paid,Orthopedics,Primary Care,93000,G40.909,0,4309.61,757.96,0.56,7,2023-11-08,Inpatient,0.0,True
C21610,P6919,PR0053,F0101,19,F,Medicare,7,2.06,In-Network,Adjusted,Dermatology,Specialist,27447,M17.11,0,722.14,1157.51,0.11,5,2022-04-16,Inpatient,0.0,True
C21612,P6229,PR0064,F0186,49,M,Commercial,12,2.95,In-Network,Paid,OBGYN,Gastroenterology,99213,K21.9,0,698.25,987.93,0.09,2,2022-08-19,Inpatient,0.0,True
C21621,P6919,PR0172,F0056,8,F,Medicare,4,0.62,In-Network,Paid,OBGYN,Primary Care,95816,O80,0,1685.86,6709.97,0.32,0,2022-03-24,Outpatient,0.0,True
C21634,P4934,PR0436,F0167,33,F,Medicaid,4,1.43,In-Network,Paid,Neurology,Surgery,59400,I50.9,1,2128.7,763.49,0.36,0,2022-03-09,Outpatient,0.331,True
C21644,P5650,PR0030,F0116,22,F,Medicaid,6,2.33,In-Network,Adjusted,Cardiology,Specialist,93000,S83.241A,0,2331.08,754.39,1.05,0,2023-10-16,Outpatient,0.0,True
C21647,P3430,PR0405,F0142,61,F,Medicaid,8,1.67,Out-of-Network,Denied,Gastroenterology,Surgery,99214,K21.9,0,933.71,1896.98,0.33,4,2023-01-10,Inpatient,0.0,True
C21679,P0586,PR0245,F0192,86,F,Commercial,3,0.35,In-Network,Adjusted,OBGYN,Imaging,27447,E11.9,1,4872.11,1026.47,0.63,0,2022-11-26,Outpatient,0.104,True
C21693,P4422,PR0434,F0098,70,F,Medicare,12,1.59,In-Network,Paid,Neurology,Surgery,27447,E11.9,1,1554.43,2216.39,0.83,4,2022-03-11,Inpatient,0.104,True
C21697,P7865,PR0372,F0122,90,M,Medicaid,10,2.41,In-Network,Denied,Endocrinology,Primary Care,93000,J45.909,1,4521.89,1049.95,0.64,0,2023-03-01,ER,0.0,True
C21704,P2257,PR0107,F0042,33,F,Medicaid,9,0.35,In-Network,Adjusted,Orthopedics,Surgery,99214,I50.9,1,51.6,1037.08,0.02,2,2023-06-27,Inpatient,0.331,True
C21705,P6432,PR0458,F0087,41,M,Medicare,8,0.73,Out-of-Network,Adjusted,OBGYN,Specialist,73564,I21.4,0,2566.93,1113.12,0.76,0,2022-09-07,ER,0.0,True
C21711,P4748,PR0031,F0032,59,F,Medicaid,8,1.24,In-Network,Paid,Neurology,Primary Care,99213,J45.909,1,3725.38,1874.59,4.87,0,2022-07-14,Outpatient,0.0,True
C21732,P5538,PR0228,F0170,80,F,VA,2,1.86,In-Network,Denied,Cardiology,Labs,59400,I50.9,1,839.4,1008.36,0.33,2,2023-09-16,Inpatient,0.331,True
C21737,P7720,PR0108,F0072,53,M,VA,1,1.8,Out-of-Network,Adjusted,Neurology,Surgery,95250,O80,0,2634.47,1134.36,1.61,2,2022-10-20,Inpatient,0.0,True
C21743,P3757,PR0223,F0189,46,F,VA,3,1.92,Out-of-Network,Paid,Endocrinology,Gastroenterology,95250,S83.241A,0,2539.75,919.83,0.6,0,2023-04-27,ER,0.0,True
C21755,P3453,PR0092,F0164,89,F,Medicare,1,0.34,In-Network,Adjusted,Endocrinology,Specialist,93010,O80,0,233.72,947.13,0.09,8,2023-03-24,Inpatient,0.0,True
C21759,P4374,PR0326,F0054,85,F,Commercial,8,2.76,Out-of-Network,Denied,Neurology,Primary Care,99213,G40.909,0,3956.87,1016.8,0.67,2,2023-09-24,Inpatient,0.0,True
C21771,P3204,PR0371,F0075,80,F,VA,1,1.9,Out-of-Network,Denied,OBGYN,Imaging,27447,I50.9,1,925.55,994.37,0.16,5,2023-07-16,Inpatient,0.331,True
C21775,P6872,PR0436,F0168,56,F,Commercial,9,2.44,In-Network,Paid,Gastroenterology,Imaging,73564,I21.4,0,3940.78,1048.47,0.94,0,2023-09-18,ER,0.0,True
C21820,P2577,PR0484,F0189,9,F,Medicare,5,0.71,In-Network,Paid,Dermatology,Surgery,99213,I21.4,0,742.3,1102.52,0.18,9,2023-06-30,Inpatient,0.0,True
C21831,P4509,PR0485,F0104,78,F,VA,5,2.22,Out-of-Network,Paid,Primary Care,Primary Care,99285,J45.909,1,1748.66,1814.9,0.37,0,2023-11-18,Outpatient,0.0,True
C21858,P6023,PR0355,F0125,70,M,Medicare,10,1.56,In-Network,Denied,OBGYN,Specialist,73564,M17.11,0,2057.23,1070.46,0.38,0,2022-01-08,Outpatient,0.0,True
C21866,P0668,PR0324,F0096,60,M,Medicare,2,0.84,Out-of-Network,Paid,Cardiology,Primary Care,99214,J45.909,1,1747.58,1890.16,1.14,10,2023-10-11,Inpatient,0.0,True
C21876,P3019,PR0258,F0161,45,F,Medicare,3,0.57,Out-of-Network,Adjusted,Endocrinology,Imaging,95250,E11.9,1,925.76,1179.03,0.14,3,2023-08-29,Inpatient,0.104,True
C21877,P4988,PR0418,F0113,62,M,Commercial,6,1.67,In-Network,Paid,Orthopedics,Primary Care,73564,E11.65,1,4500.85,826.12,0.92,0,2023-10-10,ER,0.0,True
C21882,P4490,PR0081,F0081,74,F,VA,7,2.41,Out-of-Network,Paid,Gastroenterology,Surgery,99213,M17.11,0,1271.24,933.83,0.16,0,2022-02-03,ER,0.0,True
C21899,P0498,PR0101,F0182,70,F,VA,10,0.48,In-Network,Denied,Dermatology,Imaging,93010,G40.909,0,835.56,864.58,0.12,0,2023-05-21,Outpatient,0.0,True
C21903,P5575,PR0132,F0155,9,M,Medicaid,10,1.77,Out-of-Network,Paid,Gastroenterology,Labs,95816,O80,0,935.78,886.77,0.37,0,2023-08-23,ER,0.0,True
C21908,P7834,PR0235,F0130,67,M,Medicaid,9,1.29,Out-of-Network,Paid,Neurology,Gastroenterology,93000,J45.909,1,4384.07,18237.0,0.77,0,2023-05-27,ER,0.0,True
C21932,P3461,PR0026,F0148,68,F,Commercial,6,1.7,Out-of-Network,Denied,Orthopedics,Imaging,99213,E11.9,1,3636.04,1651.81,1.81,0,2022-01-04,Outpatient,0.104,True
C21975,P2779,PR0164,F0001,86,F,Commercial,5,0.55,Out-of-Network,Denied,OBGYN,Labs,99214,I50.9,1,3552.77,929.15,0.5,5,2022-03-30,Inpatient,0.331,True
C21985,P6768,PR0114,F0168,21,M,Commercial,10,1.19,Out-of-Network,Paid,Primary Care,Primary Care,59400,E11.9,1,488.79,1207.83,0.07,9,2022-08-13,Inpatient,0.104,True
C21989,P5713,PR0012,F0081,24,F,VA,4,1.91,Out-of-Network,Denied,Endocrinology,Specialist,93010,M17.11,0,4151.71,1160.28,1.25,0,2022-07-11,Outpatient,0.0,True
C22012,P0142,PR0036,F0129,24,F,Commercial,11,0.84,Out-of-Network,Denied,Primary Care,Imaging,93010,G40.909,0,1172.81,866.6,4.5,0,2022-03-24,Outpatient,0.0,True
C22028,P7982,PR0160,F0016,59,M,Commercial,8,1.43,Out-of-Network,Denied,Orthopedics,Primary Care,27447,I50.9,1,2463.89,1214.92,0.92,0,2022-05-27,ER,0.331,True
C22032,P7136,PR0159,F0064,68,M,VA,5,2.59,In-Network,Adjusted,Gastroenterology,Surgery,93000,M17.11,0,4159.21,897.46,1.08,0,2023-05-05,Outpatient,0.0,True
C22035,P6067,PR0099,F0157,78,M,Medicaid,10,0.94,In-Network,Denied,Orthopedics,Labs,73564,G40.909,0,3132.31,791.8,1.2,0,2023-09-19,ER,0.0,True
C22046,P6218,PR0439,F0131,27,F,Commercial,12,0.51,Out-of-Network,Denied,OBGYN,Specialist,99213,J45.909,1,1749.36,810.82,0.53,1,2023-03-30,Inpatient,0.0,True
C22079,P0851,PR0319,F0148,10,F,Medicare,5,1.46,Out-of-Network,Adjusted,Cardiology,Specialist,95816,K21.9,0,2586.86,927.27,0.53,0,2022-07-13,Outpatient,0.0,True
C22094,P4363,PR0014,F0009,49,M,Commercial,2,2.13,In-Network,Denied,Endocrinology,Surgery,99214,E11.65,1,516.59,856.84,0.18,2,2023-05-13,Inpatient,0.0,True
C22096,P2535,PR0329,F0139,20,F,Medicaid,3,2.72,In-Network,Denied,OBGYN,Primary Care,93000,E11.9,1,3392.23,914.25,0.43,0,2022-12-14,Outpatient,0.104,True
C22099,P7254,PR0134,F0109,90,F,Medicare,8,0.52,Out-of-Network,Denied,Endocrinology,Imaging,59400,I21.4,0,4109.91,911.17,1.97,0,2022-04-14,ER,0.0,True
C22121,P4659,PR0295,F0073,59,M,Commercial,1,0.77,Out-of-Network,Adjusted,Orthopedics,Specialist,59400,K21.9,0,4305.92,870.16,0.55,8,2022-05-07,Inpatient,0.0,True
C22128,P5576,PR0025,F0139,7,F,Medicare,11,1.58,Out-of-Network,Denied,Cardiology,Primary Care,99214,O80,0,1816.27,899.56,0.27,0,2023-12-20,Outpatient,0.0,True
C22147,P5357,PR0299,F0199,26,F,Commercial,10,2.76,Out-of-Network,Paid,OBGYN,Specialist,99285,S83.241A,0,438.77,777.18,0.1,0,2023-02-12,ER,0.0,True
C22162,P5113,PR0445,F0067,10,M,Medicaid,10,1.35,In-Network,Adjusted,Cardiology,Gastroenterology,59400,M17.11,0,2126.99,29608.58,0.41,0,2022-05-27,Outpatient,0.0,True
C22168,P6746,PR0453,F0113,75,M,Commercial,11,2.95,In-Network,Paid,Endocrinology,Primary Care,99213,E11.9,1,203.23,1270.62,0.1,0,2022-01-02,ER,0.104,True
C22203,P2232,PR0161,F0014,8,M,VA,12,1.35,In-Network,Adjusted,Orthopedics,Gastroenterology,93000,M17.11,0,3066.56,23121.14,1.38,0,2023-02-14,Outpatient,0.0,True
C22217,P2485,PR0493,F0022,23,M,VA,12,0.48,In-Network,Paid,Orthopedics,Primary Care,95250,S83.241A,0,4785.83,2357.02,1.45,0,2022-06-01,Outpatient,0.0,True
C22223,P5484,PR0439,F0114,88,F,VA,4,0.94,Out-of-Network,Adjusted,Orthopedics,Imaging,99285,G40.909,0,3175.17,1901.39,0.43,2,2023-08-08,Inpatient,0.0,True
C22247,P5398,PR0201,F0060,8,F,Medicare,10,1.33,In-Network,Adjusted,Endocrinology,Labs,59400,E11.65,1,4284.45,1072.63,0.61,0,2023-07-05,ER,0.0,True
C22290,P0080,PR0057,F0114,86,M,Medicare,2,1.46,Out-of-Network,Paid,Endocrinology,Labs,95250,E11.9,1,4436.76,1936.03,9.83,8,2023-06-28,Inpatient,0.104,True
C22319,P6028,PR0078,F0101,54,M,VA,5,2.76,Out-of-Network,Paid,Cardiology,Gastroenterology,59400,I21.4,0,3956.7,31818.05,0.92,0,2022-09-13,ER,0.0,True
C22324,P0550,PR0307,F0192,85,F,Medicaid,1,2.94,In-Network,Adjusted,Dermatology,Imaging,93010,S83.241A,0,1990.96,858.2,0.55,0,2023-05-30,ER,0.0,True
C22326,P7593,PR0439,F0085,56,F,VA,7,0.46,Out-of-Network,Paid,Dermatology,Primary Care,73564,E11.65,1,4876.86,1373.73,2.04,2,2023-06-23,Inpatient,0.0,True
C22337,P1188,PR0435,F0195,26,F,Medicare,9,1.48,In-Network,Paid,Primary Care,Labs,95816,M17.11,0,3995.95,1261.75,0.64,2,2023-07-06,Inpatient,0.0,True
C22346,P6030,PR0451,F0116,40,M,Medicaid,1,1.13,Out-of-Network,Denied,Dermatology,Primary Care,93010,E11.65,1,1715.01,963.64,0.42,7,2022-01-18,Inpatient,0.0,True
C22357,P3723,PR0406,F0003,7,F,Commercial,11,2.17,In-Network,Paid,OBGYN,Specialist,93010,M17.11,0,3855.3,956.11,0.64,10,2022-06-21,Inpatient,0.0,True
C22383,P4382,PR0086,F0158,32,F,VA,11,1.1,In-Network,Denied,Endocrinology,Primary Care,27447,O80,0,4580.27,1194.72,0.59,0,2022-01-22,ER,0.0,True
C22405,P4827,PR0475,F0040,25,F,Medicaid,7,1.34,Out-of-Network,Paid,Gastroenterology,Specialist,95250,K21.9,0,955.13,822.59,0.13,0,2023-03-14,ER,0.0,True
C22415,P3177,PR0404,F0064,12,F,Medicare,4,2.76,Out-of-Network,Denied,Primary Care,Imaging,99285,E11.65,1,2370.36,1110.03,0.49,0,2023-01-21,ER,0.0,True
C22423,P5382,PR0060,F0073,4,M,Medicaid,3,1.18,Out-of-Network,Adjusted,Gastroenterology,Specialist,59400,E11.9,1,1102.04,1058.78,0.15,6,2023-03-01,Inpatient,0.104,True
C22439,P0695,PR0429,F0169,34,F,Commercial,6,1.14,In-Network,Denied,Orthopedics,Imaging,93010,E11.9,1,2821.67,1053.68,1.32,0,2023-08-05,ER,0.104,True
C22445,P4944,PR0078,F0196,15,F,Medicaid,12,2.74,Out-of-Network,Denied,Endocrinology,Labs,99213,I50.9,1,1530.19,1515.23,0.27,0,2022-07-24,ER,0.331,True
C22456,P1678,PR0411,F0161,25,F,Medicare,12,1.44,In-Network,Paid,Orthopedics,Primary Care,93000,G40.909,0,4259.47,1647.16,0.67,0,2022-06-25,ER,0.0,True
C22459,P6642,PR0432,F0060,39,F,VA,11,2.95,Out-of-Network,Paid,Endocrinology,Gastroenterology,93010,K21.9,0,717.83,31969.76,0.11,9,2022-10-22,Inpatient,0.0,True
C22461,P2628,PR0343,F0186,43,M,Medicaid,10,0.42,In-Network,Adjusted,Endocrinology,Labs,59400,M17.11,0,595.0,780.03,0.27,0,2023-02-04,ER,0.0,True
C22465,P7632,PR0442,F0124,65,M,Medicaid,7,2.16,In-Network,Denied,Neurology,Imaging,93010,G40.909,0,4925.22,1370.41,0.79,9,2023-12-13,Inpatient,0.0,True
C22493,P1449,PR0371,F0052,38,M,VA,9,1.29,Out-of-Network,Adjusted,Orthopedics,Imaging,99213,K21.9,0,3571.72,1094.27,0.45,0,2023-07-05,ER,0.0,True
C22512,P2384,PR0173,F0177,63,F,Medicare,5,0.99,In-Network,Paid,Primary Care,Primary Care,95816,E11.9,1,2014.02,3407.06,0.55,0,2022-05-24,Outpatient,0.104,True
C22523,P5917,PR0146,F0181,56,F,Commercial,11,1.31,In-Network,Denied,Primary Care,Imaging,73564,K21.9,0,2459.44,776.4,7.64,0,2022-10-17,ER,0.0,True
C22526,P5969,PR0030,F0001,74,M,VA,7,2.27,In-Network,Adjusted,Gastroenterology,Imaging,73564,K21.9,0,169.31,1891.84,0.02,0,2023-06-10,Outpatient,0.0,True
C22534,P1765,PR0438,F0112,18,M,Medicare,11,2.3,Out-of-Network,Adjusted,Endocrinology,Primary Care,99214,M17.11,0,3241.6,2104.25,1.56,0,2022-10-07,Outpatient,0.0,True
C22536,P7265,PR0372,F0035,77,F,VA,3,1.63,Out-of-Network,Adjusted,Orthopedics,Primary Care,95250,I50.9,1,4571.09,1530.37,0.82,10,2023-08-09,Inpatient,0.331,True
C22558,P1108,PR0106,F0015,62,F,Commercial,7,2.42,Out-of-Network,Paid,Neurology,Gastroenterology,27447,I21.4,0,1158.76,41060.21,0.5,0,2022-12-04,Outpatient,0.0,True
C22568,P6453,PR0343,F0025,70,M,VA,8,2.15,In-Network,Denied,Endocrinology,Labs,99214,I21.4,0,3190.53,2815.22,1.12,1,2022-01-19,Inpatient,0.0,True
C22576,P1429,PR0300,F0026,66,F,Medicaid,10,1.11,Out-of-Network,Adjusted,Primary Care,Imaging,95816,M17.11,0,1324.52,1326.3,0.2,0,2023-06-21,ER,0.0,True
C22588,P7673,PR0454,F0045,80,M,Medicaid,7,1.25,In-Network,Denied,Primary Care,Primary Care,93010,S83.241A,0,2039.49,871.65,0.52,0,2023-05-31,ER,0.0,True
C22594,P1047,PR0272,F0173,7,F,VA,12,0.39,In-Network,Adjusted,OBGYN,Labs,99213,K21.9,0,2055.74,1626.08,0.54,7,2022-05-03,Inpatient,0.0,True
C22595,P1327,PR0206,F0001,38,F,Medicaid,7,1.87,In-Network,Denied,Orthopedics,Imaging,99214,O80,0,1795.62,862.96,1.31,8,2023-12-08,Inpatient,0.0,True
C22617,P7536,PR0356,F0071,43,F,Medicare,2,2.1,In-Network,Adjusted,Gastroenterology,Surgery,93010,O80,0,2351.73,1105.37,0.91,0,2022-10-13,Outpatient,0.0,True
C22621,P5916,PR0110,F0015,22,F,Commercial,11,2.16,Out-of-Network,Denied,Dermatology,Labs,99214,I50.9,1,4833.7,791.46,3.75,0,2022-04-14,Outpatient,0.331,True
C22666,P4090,PR0381,F0130,79,F,VA,11,2.11,In-Network,Adjusted,Neurology,Primary Care,99285,G40.909,0,1460.76,912.72,0.7,6,2023-01-26,Inpatient,0.0,True
C22696,P0973,PR0226,F0067,0,F,Medicaid,11,1.6,In-Network,Adjusted,Dermatology,Primary Care,99214,J45.909,1,4274.23,1981.19,0.71,0,2023-09-18,ER,0.0,True
C22752,P3712,PR0112,F0144,11,F,VA,5,2.53,In-Network,Paid,Primary Care,Imaging,73564,E11.65,1,4307.41,1341.54,1.36,10,2022-06-07,Inpatient,0.0,True
C22764,P0352,PR0494,F0100,78,M,Commercial,4,1.11,Out-of-Network,Paid,Primary Care,Primary Care,99214,I21.4,0,57.59,1305.54,0.01,4,2023-08-11,Inpatient,0.0,True
C22771,P0226,PR0103,F0146,34,F,Commercial,7,0.75,Out-of-Network,Adjusted,Primary Care,Imaging,99285,S83.241A,0,500.0,820.57,0.29,0,2023-06-07,ER,0.0,True
C22780,P2187,PR0444,F0031,66,M,Medicare,11,0.66,Out-of-Network,Denied,OBGYN,Specialist,93010,J45.909,1,3804.74,849.63,1.15,0,2022-10-09,Outpatient,0.0,True
C22781,P6610,PR0292,F0071,6,M,Commercial,3,1.78,In-Network,Adjusted,Dermatology,Surgery,59400,J45.909,1,606.87,1271.42,0.93,0,2023-06-19,ER,0.0,True
C22785,P5578,PR0092,F0162,85,F,Medicaid,9,1.8,Out-of-Network,Adjusted,Cardiology,Imaging,59400,M17.11,0,4392.99,856.01,2.4,0,2022-10-12,ER,0.0,True
C22791,P6471,PR0167,F0041,45,M,Commercial,10,0.95,In-Network,Paid,Orthopedics,Surgery,99214,I50.9,1,982.94,886.87,1.83,0,2023-12-06,ER,0.331,True
C22794,P4252,PR0340,F0075,2,M,VA,10,1.67,Out-of-Network,Paid,Orthopedics,Labs,93010,G40.909,0,2678.3,1111.5,0.48,0,2022-02-27,Outpatient,0.0,True
C22796,P2435,PR0078,F0189,78,M,VA,8,1.4,Out-of-Network,Adjusted,Cardiology,Imaging,59400,I50.9,1,3903.48,1239.22,0.88,4,2022-05-04,Inpatient,0.331,True
C22805,P4461,PR0229,F0114,19,M,VA,6,0.5,Out-of-Network,Paid,Dermatology,Surgery,27447,M17.11,0,1696.46,1644.49,0.22,1,2022-09-27,Inpatient,0.0,True
C22808,P2295,PR0392,F0151,9,F,Medicare,9,1.12,Out-of-Network,Adjusted,Neurology,Specialist,73564,K21.9,0,180.98,1110.86,0.1,0,2023-01-09,Outpatient,0.0,True
C22819,P0639,PR0179,F0052,76,F,Medicaid,11,0.32,Out-of-Network,Adjusted,Endocrinology,Surgery,59400,M17.11,0,4511.64,1568.73,2.57,0,2023-01-18,Outpatient,0.0,True
C22830,P4322,PR0331,F0050,69,F,Medicaid,11,0.43,In-Network,Paid,Dermatology,Surgery,99285,S83.241A,0,239.12,1008.82,0.05,0,2023-04-02,ER,0.0,True
C22838,P2512,PR0165,F0092,66,M,Medicare,5,2.85,In-Network,Adjusted,Endocrinology,Labs,93000,E11.9,1,3741.7,930.93,0.63,0,2022-01-20,Outpatient,0.104,True
C22839,P6118,PR0306,F0025,68,F,VA,9,2.35,Out-of-Network,Paid,Orthopedics,Gastroenterology,93000,I21.4,0,3506.41,2594.94,2.0,0,2022-01-13,Outpatient,0.0,True
C22843,P6232,PR0121,F0016,39,M,Medicaid,9,1.2,In-Network,Denied,Orthopedics,Imaging,59400,K21.9,0,2823.02,907.31,0.78,0,2023-01-04,ER,0.0,True
C22845,P7043,PR0170,F0162,15,F,Commercial,9,1.78,Out-of-Network,Denied,Neurology,Surgery,99213,O80,0,4450.75,903.56,0.79,0,2022-06-10,Outpatient,0.0,True
C22881,P6456,PR0056,F0138,66,F,Commercial,7,1.72,Out-of-Network,Adjusted,Dermatology,Gastroenterology,93000,I21.4,0,2142.15,1278.77,0.53,0,2022-09-23,ER,0.0,True
C22883,P1555,PR0027,F0036,75,F,Commercial,7,2.74,In-Network,Denied,Primary Care,Specialist,59400,E11.65,1,4512.31,1519.96,0.73,5,2022-06-05,Inpatient,0.0,True
C22892,P3771,PR0193,F0170,4,M,VA,6,2.16,Out-of-Network,Denied,Endocrinology,Imaging,93000,E11.9,1,2841.15,2090.13,0.61,0,2022-07-30,Outpatient,0.104,True
C22907,P0840,PR0266,F0106,72,M,Medicare,2,2.53,Out-of-Network,Denied,Dermatology,Primary Care,95816,O80,0,388.19,1496.76,0.05,0,2022-01-10,ER,0.0,True
C22909,P2937,PR0095,F0119,19,F,Commercial,8,0.98,In-Network,Denied,Orthopedics,Specialist,99213,G40.909,0,3390.26,1764.91,1.05,0,2022-06-29,ER,0.0,True
C22995,P4027,PR0492,F0018,72,F,Commercial,5,1.77,Out-of-Network,Paid,Orthopedics,Surgery,73564,S83.241A,0,4422.56,881.61,0.66,0,2022-03-17,Outpatient,0.0,True
C23001,P6236,PR0297,F0166,67,F,Commercial,2,1.87,Out-of-Network,Adjusted,Endocrinology,Labs,99214,E11.9,1,3299.65,1634.08,0.5,0,2023-03-05,ER,0.104,True
C23014,P6910,PR0198,F0013,27,F,Medicaid,2,2.65,Out-of-Network,Denied,Primary Care,Surgery,93010,G40.909,0,4937.5,948.65,16.59,0,2022-11-16,Outpatient,0.0,True
C23031,P7485,PR0112,F0069,21,F,VA,4,2.79,Out-of-Network,Paid,Orthopedics,Primary Care,93010,S83.241A,0,2394.74,1398.21,0.42,0,2023-02-01,Outpatient,0.0,True
C23036,P2246,PR0289,F0057,40,M,Medicaid,2,2.36,Out-of-Network,Adjusted,Endocrinology,Surgery,93000,M17.11,0,4529.3,1012.3,1.39,0,2023-08-31,ER,0.0,True
C23065,P4150,PR0019,F0053,14,F,Commercial,4,1.97,Out-of-Network,Paid,Neurology,Surgery,95816,E11.65,1,2692.45,932.39,0.45,5,2022-08-18,Inpatient,0.0,True
C23082,P7574,PR0428,F0189,15,F,Medicaid,4,0.55,In-Network,Paid,Orthopedics,Labs,27447,K21.9,0,4077.25,814.71,2.01,0,2023-07-04,ER,0.0,True
C23093,P6008,PR0159,F0106,26,F,VA,4,1.76,In-Network,Denied,Gastroenterology,Labs,95816,K21.9,0,3512.7,800.63,4.16,0,2022-10-16,ER,0.0,True
C23104,P0911,PR0052,F0142,49,M,Commercial,11,0.87,Out-of-Network,Paid,Neurology,Specialist,95250,S83.241A,0,3069.51,854.13,0.86,0,2022-04-27,Outpatient,0.0,True
C23112,P6200,PR0368,F0113,37,F,Medicare,6,2.56,In-Network,Adjusted,Dermatology,Primary Care,27447,S83.241A,0,3132.23,1313.17,1.58,0,2022-06-15,ER,0.0,True
C23131,P5359,PR0015,F0016,68,M,Commercial,7,2.11,In-Network,Paid,Endocrinology,Specialist,95816,I21.4,0,3489.03,1632.94,1.13,10,2023-07-12,Inpatient,0.0,True
C23163,P1425,PR0427,F0180,72,M,Medicare,8,1.29,In-Network,Paid,Dermatology,Labs,93000,O80,0,4022.87,967.58,0.56,0,2023-01-25,ER,0.0,True
C23190,P7244,PR0155,F0048,77,F,VA,8,0.78,In-Network,Adjusted,Cardiology,Specialist,93000,I21.4,0,3515.74,3636.34,2.42,0,2023-04-25,Outpatient,0.0,True
C23208,P3057,PR0499,F0161,54,M,Commercial,11,0.48,Out-of-Network,Adjusted,Primary Care,Imaging,99213,E11.65,1,1409.12,3438.37,0.36,2,2022-11-28,Inpatient,0.0,True
C23213,P1022,PR0463,F0108,42,F,Medicare,11,1.84,In-Network,Adjusted,Orthopedics,Labs,93000,O80,0,3403.09,1301.6,0.43,4,2022-03-26,Inpatient,0.0,True
C23214,P0031,PR0427,F0116,67,M,Medicare,7,0.37,In-Network,Paid,Orthopedics,Labs,73564,M17.11,0,4312.7,959.67,0.54,0,2022-11-06,ER,0.0,True
C23231,P6355,PR0228,F0191,27,M,VA,9,0.89,Out-of-Network,Paid,Neurology,Imaging,95250,M17.11,0,2125.97,1120.91,7.57,6,2022-11-22,Inpatient,0.0,True
C23235,P7725,PR0451,F0055,87,F,Commercial,11,1.26,Out-of-Network,Paid,Dermatology,Primary Care,99285,M17.11,0,1554.11,1157.98,1.41,0,2023-11-25,ER,0.0,True
C23240,P2182,PR0388,F0044,19,F,Medicaid,1,0.96,In-Network,Adjusted,Orthopedics,Primary Care,99213,K21.9,0,4820.35,933.68,0.83,0,2023-02-20,Outpatient,0.0,True
C23261,P1945,PR0149,F0055,52,F,Commercial,4,0.76,Out-of-Network,Paid,Cardiology,Surgery,59400,J45.909,1,4796.82,1247.17,10.11,4,2023-01-26,Inpatient,0.0,True
C23266,P1431,PR0492,F0010,59,M,Medicaid,11,2.69,Out-of-Network,Paid,Neurology,Primary Care,93010,M17.11,0,833.11,1259.15,0.24,0,2023-03-05,ER,0.0,True
C23279,P2857,PR0113,F0055,5,M,Commercial,1,2.52,Out-of-Network,Adjusted,Orthopedics,Gastroenterology,95816,K21.9,0,4055.26,968.72,0.54,0,2023-05-30,ER,0.0,True
C23285,P7954,PR0247,F0105,84,F,Medicaid,11,1.96,Out-of-Network,Adjusted,Endocrinology,Primary Care,95250,I21.4,0,1056.76,836.59,0.36,0,2023-09-21,ER,0.0,True
C23291,P5592,PR0392,F0024,48,F,Medicare,5,0.91,In-Network,Paid,Dermatology,Imaging,99285,S83.241A,0,3850.63,1118.38,0.63,0,2022-09-04,ER,0.0,True
C23308,P6072,PR0009,F0003,20,F,Commercial,12,1.4,Out-of-Network,Denied,Dermatology,Primary Care,93000,M17.11,0,2797.76,1210.98,0.69,0,2022-12-31,Outpatient,0.0,True
C23329,P3821,PR0310,F0182,57,M,Commercial,12,0.76,Out-of-Network,Denied,Dermatology,Imaging,73564,J45.909,1,4448.31,1292.07,3.73,0,2022-07-27,ER,0.0,True
C23331,P3193,PR0386,F0151,33,M,Commercial,6,0.34,Out-of-Network,Adjusted,Cardiology,Specialist,99213,G40.909,0,4934.86,1441.82,1.97,0,2023-01-03,Outpatient,0.0,True
C23351,P3312,PR0089,F0061,22,M,Medicaid,5,0.58,In-Network,Adjusted,Orthopedics,Primary Care,27447,G40.909,0,3787.76,1066.82,0.72,10,2023-04-08,Inpatient,0.0,True
C23355,P7960,PR0447,F0002,33,M,VA,10,1.62,In-Network,Adjusted,Primary Care,Gastroenterology,93010,I21.4,0,1298.81,21828.68,0.49,3,2023-12-10,Inpatient,0.0,True
C23356,P6726,PR0040,F0050,73,F,Medicare,5,2.97,In-Network,Paid,Gastroenterology,Gastroenterology,95816,O80,0,303.24,4174.23,0.07,0,2023-03-19,Outpatient,0.0,True
C23357,P6683,PR0320,F0188,20,M,Medicaid,2,2.34,In-Network,Adjusted,Neurology,Primary Care,99213,I50.9,1,4819.45,758.58,1.56,0,2023-05-08,ER,0.331,True
C23391,P7668,PR0268,F0114,8,M,Medicare,4,2.7,In-Network,Paid,Gastroenterology,Primary Care,73564,G40.909,0,1912.74,887.82,0.7,1,2022-06-19,Inpatient,0.0,True
C23399,P7393,PR0357,F0045,53,M,VA,11,1.97,Out-of-Network,Denied,Endocrinology,Labs,93010,K21.9,0,1587.74,817.43,0.24,4,2022-09-11,Inpatient,0.0,True
C23421,P6954,PR0385,F0067,12,F,Medicare,4,1.41,Out-of-Network,Paid,Cardiology,Primary Care,27447,G40.909,0,1740.8,1336.55,0.59,0,2023-01-31,Outpatient,0.0,True
C23422,P4326,PR0124,F0120,69,M,Medicare,11,0.44,Out-of-Network,Paid,Dermatology,Surgery,59400,S83.241A,0,4530.18,820.33,0.6,8,2023-11-15,Inpatient,0.0,True
C23427,P0338,PR0168,F0007,55,M,Commercial,12,0.31,Out-of-Network,Denied,Gastroenterology,Primary Care,27447,M17.11,0,4966.99,1112.84,0.93,2,2022-12-18,Inpatient,0.0,True
C23439,P6419,PR0305,F0029,41,F,VA,2,0.7,Out-of-Network,Adjusted,Gastroenterology,Labs,93000,S83.241A,0,1201.37,1196.51,0.34,0,2022-12-22,Outpatient,0.0,True
C23445,P2867,PR0160,F0096,62,M,VA,4,1.37,Out-of-Network,Denied,Primary Care,Surgery,59400,I21.4,0,3065.77,1520.82,0.83,0,2023-06-15,ER,0.0,True
C23452,P1447,PR0287,F0179,78,M,VA,10,2.02,Out-of-Network,Paid,Dermatology,Primary Care,59400,J45.909,1,1392.72,2153.96,1.25,0,2023-03-13,ER,0.0,True
C23468,P1486,PR0429,F0198,51,M,Medicare,5,2.5,In-Network,Adjusted,Endocrinology,Imaging,93000,M17.11,0,2768.6,1468.01,0.99,0,2022-02-14,Outpatient,0.0,True
C23472,P4695,PR0342,F0034,7,M,Medicare,3,2.45,Out-of-Network,Paid,Primary Care,Specialist,99285,I50.9,1,2948.4,846.04,0.46,0,2023-08-16,Outpatient,0.331,True
C23487,P0399,PR0251,F0027,0,M,Medicaid,9,1.54,Out-of-Network,Denied,Dermatology,Imaging,95250,E11.65,1,3264.03,1034.49,2.61,0,2023-09-09,Outpatient,0.0,True
C23508,P6576,PR0184,F0065,10,M,VA,1,1.06,In-Network,Adjusted,Orthopedics,Specialist,93010,O80,0,3463.91,1016.26,0.67,6,2023-10-12,Inpatient,0.0,True
C23512,P6999,PR0165,F0047,63,M,Commercial,10,2.47,Out-of-Network,Denied,Cardiology,Surgery,99213,M17.11,0,1986.5,926.26,1.55,0,2022-03-09,Outpatient,0.0,True
C23520,P7436,PR0174,F0120,67,F,Medicaid,1,1.48,In-Network,Adjusted,Dermatology,Imaging,99213,K21.9,0,3233.47,993.59,1.67,0,2023-02-02,Outpatient,0.0,True
C23540,P3938,PR0305,F0145,70,F,Commercial,1,0.48,In-Network,Adjusted,Neurology,Surgery,59400,O80,0,3520.95,956.26,1.72,0,2023-01-15,Outpatient,0.0,True
C23552,P4832,PR0465,F0027,21,M,Medicaid,7,2.12,In-Network,Denied,Primary Care,Primary Care,27447,I21.4,0,2955.01,1255.33,0.69,0,2022-02-14,ER,0.0,True
C23570,P4415,PR0456,F0045,87,F,Medicaid,4,1.1,Out-of-Network,Adjusted,Gastroenterology,Surgery,99285,I50.9,1,2269.26,832.09,0.38,0,2022-09-25,ER,0.331,True
C23581,P5521,PR0469,F0185,19,F,Commercial,7,1.51,Out-of-Network,Denied,OBGYN,Labs,93010,M17.11,0,3788.22,1415.44,0.56,0,2023-12-13,Outpatient,0.0,True
C23597,P3763,PR0209,F0146,2,M,Commercial,10,0.34,In-Network,Paid,Gastroenterology,Labs,99213,I21.4,0,4595.93,788.11,1.16,0,2022-02-02,Outpatient,0.0,True
C23605,P6969,PR0398,F0109,42,F,Commercial,3,2.31,Out-of-Network,Paid,Cardiology,Surgery,95816,J45.909,1,152.91,1148.95,0.04,0,2023-09-06,Outpatient,0.0,True
C23618,P3462,PR0365,F0099,62,F,Medicaid,7,1.37,In-Network,Paid,Cardiology,Imaging,99213,M17.11,0,4533.03,1092.3,1.85,0,2023-10-14,ER,0.0,True
C23681,P1337,PR0126,F0089,20,F,VA,8,1.87,Out-of-Network,Denied,Gastroenterology,Labs,95816,E11.9,1,3483.89,826.26,0.52,0,2022-01-15,ER,0.104,True
C23686,P6336,PR0477,F0176,31,M,VA,8,1.76,Out-of-Network,Adjusted,Orthopedics,Surgery,93000,K21.9,0,194.68,1541.19,0.03,0,2022-07-03,ER,0.0,True
C23687,P2563,PR0297,F0152,82,F,Commercial,10,1.28,Out-of-Network,Paid,Cardiology,Primary Care,27447,G40.909,0,3067.88,958.8,0.67,0,2022-01-14,Outpatient,0.0,True
C23701,P6564,PR0373,F0170,57,M,Medicaid,12,1.86,Out-of-Network,Denied,OBGYN,Labs,27447,O80,0,4686.19,1119.78,1.11,0,2023-11-29,ER,0.0,True
C23704,P4494,PR0098,F0038,30,M,VA,3,2.52,In-Network,Adjusted,OBGYN,Surgery,73564,S83.241A,0,3362.26,870.99,0.56,0,2023-03-30,ER,0.0,True
C23744,P0598,PR0372,F0125,56,M,Medicare,11,1.96,Out-of-Network,Denied,OBGYN,Primary Care,99213,S83.241A,0,3807.2,848.91,0.57,0,2023-02-12,Outpatient,0.0,True
C23748,P2691,PR0386,F0046,82,F,VA,5,0.89,Out-of-Network,Denied,OBGYN,Surgery,59400,M17.11,0,1363.88,799.56,0.23,0,2022-11-16,ER,0.0,True
C23816,P6151,PR0187,F0108,89,M,VA,6,0.99,Out-of-Network,Paid,Orthopedics,Labs,99213,O80,0,2609.1,1962.44,2.49,0,2023-10-10,Outpatient,0.0,True
C23818,P5197,PR0250,F0053,72,M,VA,6,0.4,Out-of-Network,Adjusted,Cardiology,Primary Care,73564,J45.909,1,1536.47,944.37,0.24,3,2023-03-30,Inpatient,0.0,True
C23829,P0944,PR0308,F0132,72,F,Medicare,4,1.2,Out-of-Network,Denied,Endocrinology,Labs,99214,M17.11,0,4139.09,1105.69,1.79,0,2022-07-12,ER,0.0,True
C23850,P3963,PR0344,F0034,23,M,Medicaid,4,0.56,Out-of-Network,Denied,OBGYN,Imaging,93010,E11.65,1,3387.96,881.28,1.23,0,2023-02-07,Outpatient,0.0,True
C23856,P5269,PR0434,F0019,86,F,Commercial,10,0.81,In-Network,Denied,Endocrinology,Primary Care,93010,M17.11,0,866.47,1055.11,0.57,0,2023-12-20,Outpatient,0.0,True
C23872,P6781,PR0335,F0031,61,F,Medicaid,3,0.54,In-Network,Denied,Cardiology,Specialist,99214,O80,0,4659.28,1167.82,0.74,0,2023-05-31,ER,0.0,True
C23876,P7430,PR0108,F0131,30,M,VA,7,2.15,In-Network,Denied,Endocrinology,Primary Care,93010,J45.909,1,4099.08,1356.9,0.66,0,2023-08-19,Outpatient,0.0,True
C23882,P5747,PR0335,F0145,50,M,Medicaid,11,2.83,In-Network,Adjusted,Endocrinology,Surgery,59400,E11.9,1,3366.15,1224.68,1.18,0,2023-04-28,Outpatient,0.104,True
C23945,P7213,PR0162,F0110,70,M,VA,6,2.3,In-Network,Adjusted,Neurology,Surgery,93000,G40.909,0,4683.23,1757.37,1.03,0,2023-04-24,ER,0.0,True
C23955,P5714,PR0411,F0058,81,F,Medicare,12,2.32,Out-of-Network,Adjusted,Orthopedics,Specialist,59400,I21.4,0,2176.05,1266.55,5.7,0,2023-01-09,ER,0.0,True
C23979,P3939,PR0338,F0173,33,F,VA,3,2.2,In-Network,Denied,Cardiology,Labs,99285,E11.9,1,4761.26,1089.49,1.56,0,2023-11-01,Outpatient,0.104,True
C23991,P6632,PR0283,F0168,84,F,VA,6,2.85,Out-of-Network,Adjusted,OBGYN,Surgery,95816,E11.65,1,392.27,1154.19,0.16,0,2022-06-08,ER,0.0,True
C24004,P2686,PR0262,F0080,30,F,Medicaid,6,2.94,Out-of-Network,Paid,Neurology,Surgery,99214,E11.9,1,1599.99,1169.6,0.51,0,2022-04-17,ER,0.104,True
C24026,P7743,PR0351,F0141,83,F,VA,12,1.35,In-Network,Adjusted,Orthopedics,Specialist,99285,E11.65,1,1857.15,990.3,6.29,0,2023-10-11,ER,0.0,True
C24051,P4116,PR0380,F0002,67,F,Medicaid,11,2.05,In-Network,Adjusted,OBGYN,Imaging,99285,E11.65,1,2475.73,778.89,0.5,0,2023-08-04,Outpatient,0.0,True
C24061,P3203,PR0186,F0067,46,M,VA,10,0.9,In-Network,Denied,Neurology,Primary Care,93000,G40.909,0,4442.69,2410.14,0.69,0,2023-02-28,ER,0.0,True
C24067,P3856,PR0128,F0060,46,M,Medicare,1,2.61,Out-of-Network,Denied,Primary Care,Surgery,93000,M17.11,0,2489.1,957.83,9.0,0,2023-03-01,ER,0.0,True
C24072,P5621,PR0479,F0140,8,F,Medicare,11,0.74,Out-of-Network,Adjusted,Neurology,Labs,93000,G40.909,0,1176.11,894.68,2.26,0,2022-02-02,Outpatient,0.0,True
C24079,P3256,PR0420,F0121,7,M,Medicare,4,0.73,In-Network,Adjusted,Neurology,Specialist,93000,E11.65,1,2084.43,750.24,0.3,5,2022-03-31,Inpatient,0.0,True
C24080,P5844,PR0113,F0128,88,F,Medicare,4,1.1,In-Network,Paid,Primary Care,Labs,95816,G40.909,0,1818.06,823.4,0.3,0,2023-11-25,Outpatient,0.0,True
C24090,P4142,PR0382,F0078,20,M,Medicare,8,2.87,Out-of-Network,Paid,Orthopedics,Primary Care,99213,E11.65,1,1277.5,970.86,0.24,0,2023-06-03,ER,0.0,True
C24098,P2050,PR0270,F0119,77,F,VA,2,0.78,Out-of-Network,Paid,Dermatology,Imaging,99214,K21.9,0,1419.54,780.78,0.27,1,2022-07-24,Inpatient,0.0,True
C24115,P3079,PR0414,F0188,81,M,Commercial,4,0.67,In-Network,Paid,Neurology,Specialist,95250,G40.909,0,1583.1,894.36,0.64,0,2022-03-07,Outpatient,0.0,True
C24129,P7507,PR0119,F0134,77,F,Commercial,1,0.86,In-Network,Paid,Dermatology,Surgery,73564,O80,0,2447.03,823.48,0.6,0,2023-12-26,Outpatient,0.0,True
C24135,P7608,PR0500,F0028,18,M,VA,12,2.39,In-Network,Adjusted,Gastroenterology,Imaging,95816,S83.241A,0,1897.38,803.2,0.26,0,2022-09-02,Outpatient,0.0,True
C24177,P4524,PR0385,F0030,68,F,Medicare,5,0.89,In-Network,Paid,OBGYN,Imaging,99214,E11.65,1,4005.21,945.05,0.62,0,2022-12-17,ER,0.0,True
C24178,P5030,PR0369,F0043,35,F,VA,3,2.27,Out-of-Network,Adjusted,OBGYN,Primary Care,99213,J45.909,1,4757.13,3783.03,0.94,0,2023-07-16,ER,0.0,True
C24192,P6035,PR0442,F0094,64,F,Medicaid,9,1.39,Out-of-Network,Adjusted,Dermatology,Primary Care,99213,M17.11,0,1993.62,900.88,17.36,0,2023-12-04,Outpatient,0.0,True
C24240,P6568,PR0231,F0134,10,M,Medicaid,6,2.93,In-Network,Denied,Dermatology,Gastroenterology,93010,K21.9,0,4568.18,1190.11,0.66,0,2023-11-06,Outpatient,0.0,True
C24243,P1571,PR0042,F0051,61,F,Medicare,4,2.16,In-Network,Denied,Gastroenterology,Labs,93010,M17.11,0,2712.03,821.14,0.61,9,2023-06-03,Inpatient,0.0,True
C24249,P2937,PR0061,F0006,64,M,VA,3,0.67,Out-of-Network,Denied,Gastroenterology,Primary Care,73564,I50.9,1,3814.55,773.54,0.55,0,2022-03-17,Outpatient,0.331,True
C24258,P3857,PR0215,F0112,54,F,VA,10,1.41,In-Network,Paid,Neurology,Primary Care,93010,J45.909,1,4854.42,1056.96,0.91,0,2023-02-07,ER,0.0,True
C24273,P6295,PR0407,F0012,79,F,Medicaid,4,2.54,In-Network,Paid,OBGYN,Imaging,59400,G40.909,0,1473.86,2135.78,0.24,0,2022-01-11,Outpatient,0.0,True
C24287,P2924,PR0227,F0100,38,M,VA,5,1.38,Out-of-Network,Adjusted,Endocrinology,Primary Care,27447,E11.65,1,1315.82,1597.12,0.98,0,2022-07-04,Outpatient,0.0,True
C24307,P6533,PR0145,F0091,9,M,Medicare,6,2.13,Out-of-Network,Paid,Cardiology,Labs,73564,I50.9,1,1868.49,881.73,0.46,5,2023-05-22,Inpatient,0.331,True
C24314,P3142,PR0304,F0124,65,M,Medicaid,7,1.28,In-Network,Adjusted,Neurology,Primary Care,95250,S83.241A,0,926.36,864.32,0.26,0,2023-09-28,ER,0.0,True
C24331,P0088,PR0392,F0105,24,M,VA,6,2.95,Out-of-Network,Paid,OBGYN,Primary Care,99214,E11.65,1,1840.02,3187.87,0.75,0,2023-09-06,Outpatient,0.0,True
C24345,P1095,PR0359,F0068,31,F,Medicaid,3,1.49,Out-of-Network,Adjusted,Dermatology,Gastroenterology,73564,I50.9,1,892.55,21945.56,0.22,0,2023-07-15,Outpatient,0.331,True
C24352,P0812,PR0428,F0080,21,M,VA,9,0.73,Out-of-Network,Denied,Endocrinology,Imaging,93000,I21.4,0,1303.61,842.45,0.22,0,2023-10-01,ER,0.0,True
C24356,P5972,PR0295,F0146,50,F,Medicare,3,0.7,In-Network,Paid,Primary Care,Imaging,99285,M17.11,0,3954.99,1808.1,0.65,0,2022-04-16,Outpatient,0.0,True
C24380,P2172,PR0466,F0177,19,M,Medicare,1,2.52,In-Network,Adjusted,Orthopedics,Surgery,93000,E11.65,1,4727.11,845.58,0.9,0,2023-07-14,ER,0.0,True
C24402,P3020,PR0278,F0189,55,M,Medicare,5,1.0,In-Network,Paid,Cardiology,Specialist,99285,I50.9,1,948.32,815.75,0.15,0,2023-10-29,ER,0.331,True
C24403,P4304,PR0083,F0070,9,F,Commercial,5,0.47,In-Network,Adjusted,Endocrinology,Surgery,99213,O80,0,1977.73,918.62,1.0,0,2023-02-08,ER,0.0,True
C24405,P2828,PR0152,F0109,60,M,Medicaid,4,1.35,In-Network,Adjusted,Primary Care,Surgery,73564,G40.909,0,1264.28,859.76,0.18,0,2022-08-17,Outpatient,0.0,True
C24474,P0674,PR0333,F0127,57,M,VA,7,1.82,In-Network,Adjusted,Orthopedics,Labs,95250,M17.11,0,563.48,812.36,0.08,5,2023-11-28,Inpatient,0.0,True
C24491,P3521,PR0275,F0134,7,M,Medicare,5,1.63,In-Network,Paid,Dermatology,Gastroenterology,95250,I50.9,1,2262.83,31578.06,10.76,0,2022-11-28,ER,0.331,True
C24505,P7048,PR0021,F0093,21,M,Medicaid,5,2.92,In-Network,Denied,Gastroenterology,Surgery,95816,S83.241A,0,4262.43,2409.68,0.58,10,2023-12-05,Inpatient,0.0,True
C24510,P5188,PR0447,F0017,90,F,Commercial,2,2.83,In-Network,Denied,Endocrinology,Gastroenterology,73564,G40.909,0,542.77,36140.84,0.09,0,2023-08-31,ER,0.0,True
C24517,P7814,PR0133,F0004,86,F,VA,10,2.54,In-Network,Paid,OBGYN,Surgery,99285,I50.9,1,484.2,1257.25,2.89,0,2023-05-04,Outpatient,0.331,True
C24530,P2796,PR0211,F0182,57,M,VA,7,2.36,Out-of-Network,Adjusted,Primary Care,Primary Care,59400,O80,0,677.11,1128.8,0.15,0,2022-10-06,Outpatient,0.0,True
C24572,P5859,PR0003,F0014,56,M,Medicare,6,1.04,Out-of-Network,Adjusted,Neurology,Labs,59400,E11.9,1,1059.49,890.08,0.9,0,2022-08-10,Outpatient,0.104,True
C24583,P0430,PR0376,F0056,43,F,Medicare,7,0.4,Out-of-Network,Adjusted,Primary Care,Specialist,73564,S83.241A,0,1912.63,1243.8,0.27,0,2023-08-24,ER,0.0,True
C24598,P0435,PR0154,F0178,23,M,Medicaid,7,2.73,Out-of-Network,Denied,OBGYN,Specialist,99214,S83.241A,0,3941.45,1411.48,1.95,0,2022-10-31,Outpatient,0.0,True
C24607,P5096,PR0314,F0188,2,M,VA,8,2.83,Out-of-Network,Paid,Endocrinology,Labs,27447,G40.909,0,4040.05,1045.68,1.74,0,2023-09-23,ER,0.0,True
C24610,P2976,PR0306,F0018,45,M,Medicare,2,2.6,Out-of-Network,Paid,Endocrinology,Specialist,99214,S83.241A,0,2608.27,792.45,0.34,0,2022-08-27,Outpatient,0.0,True
C24660,P1631,PR0104,F0077,80,M,VA,8,2.56,Out-of-Network,Adjusted,Primary Care,Labs,93000,I21.4,0,1754.7,909.04,0.75,0,2023-02-11,ER,0.0,True
C24676,P6273,PR0401,F0049,14,M,Medicare,8,1.28,Out-of-Network,Paid,Gastroenterology,Surgery,99285,G40.909,0,2958.32,1080.34,2.66,0,2022-09-18,ER,0.0,True
C24720,P4693,PR0495,F0149,62,F,Medicaid,11,0.35,Out-of-Network,Adjusted,Orthopedics,Imaging,99285,M17.11,0,4393.95,2104.06,3.06,0,2022-09-08,ER,0.0,True
C24840,P5116,PR0335,F0160,63,M,Medicare,2,2.26,Out-of-Network,Paid,Orthopedics,Imaging,99214,S83.241A,0,3725.84,856.86,0.59,0,2022-06-24,ER,0.0,True
C24847,P3477,PR0495,F0047,51,F,Medicare,12,2.62,In-Network,Paid,Gastroenterology,Labs,27447,G40.909,0,4959.91,938.97,3.58,0,2022-11-11,Outpatient,0.0,True
C24882,P1554,PR0254,F0045,57,M,Commercial,6,1.34,In-Network,Adjusted,Orthopedics,Gastroenterology,95250,M17.11,0,4093.06,2078.36,16.23,0,2023-05-11,Outpatient,0.0,True
C24883,P6390,PR0281,F0085,19,M,VA,7,0.73,In-Network,Denied,Primary Care,Labs,93010,E11.9,1,2276.15,984.02,0.92,9,2022-03-29,Inpatient,0.104,True
C24889,P2727,PR0384,F0035,10,M,Medicaid,12,2.92,Out-of-Network,Denied,Gastroenterology,Specialist,59400,K21.9,0,2788.19,2013.42,1.18,0,2023-06-12,Outpatient,0.0,True
C24892,P7285,PR0256,F0167,8,F,Medicare,8,2.55,Out-of-Network,Paid,Neurology,Labs,95250,S83.241A,0,4152.01,938.07,1.92,3,2023-05-23,Inpatient,0.0,True
C24936,P7252,PR0487,F0168,87,F,Commercial,2,1.5,Out-of-Network,Denied,Dermatology,Labs,99214,E11.65,1,562.97,776.91,0.32,0,2022-04-24,Outpatient,0.0,True
C24949,P0307,PR0032,F0102,57,F,VA,7,1.62,Out-of-Network,Denied,Gastroenterology,Surgery,73564,E11.9,1,2084.98,1056.98,0.47,0,2023-12-28,ER,0.104,True
C24967,P4991,PR0424,F0173,3,M,Medicaid,5,2.16,In-Network,Denied,Gastroenterology,Specialist,99285,S83.241A,0,1522.08,1428.66,0.33,0,2023-12-28,ER,0.0,True
C24973,P6726,PR0245,F0131,43,F,Medicare,1,0.75,In-Network,Adjusted,Primary Care,Specialist,93010,E11.9,1,1136.93,996.38,0.19,0,2022-07-02,ER,0.104,True
C24983,P1669,PR0198,F0090,90,M,Medicaid,5,2.78,In-Network,Paid,Gastroenterology,Surgery,99214,M17.11,0,1870.8,1002.91,0.45,0,2022-05-20,Outpatient,0.0,True
C24987,P3783,PR0168,F0159,40,M,Commercial,11,2.29,Out-of-Network,Denied,Cardiology,Surgery,99285,M17.11,0,3921.88,1065.16,1.2,0,2023-09-30,Outpatient,0.0,True
C24990,P0097,PR0061,F0105,18,F,VA,5,0.75,Out-of-Network,Adjusted,Cardiology,Labs,95816,S83.241A,0,2887.91,1446.35,0.76,0,2023-12-05,ER,0.0,True
C25047,P0568,PR0057,F0177,74,M,Medicare,4,1.37,In-Network,Paid,Cardiology,Labs,27447,O80,0,3161.33,1134.56,0.48,0,2023-10-01,ER,0.0,True
C25048,P7340,PR0226,F0061,77,M,Commercial,5,1.63,Out-of-Network,Paid,Primary Care,Primary Care,73564,J45.909,1,4811.3,1085.6,0.68,0,2022-04-11,ER,0.0,True
C25070,P4296,PR0189,F0099,82,F,Commercial,7,2.23,Out-of-Network,Paid,Endocrinology,Surgery,99213,S83.241A,0,1708.87,914.12,0.69,3,2022-12-21,Inpatient,0.0,True
C25088,P5484,PR0174,F0099,57,F,Medicaid,9,0.81,Out-of-Network,Paid,Orthopedics,Labs,99214,K21.9,0,4015.94,1456.91,0.53,8,2023-01-12,Inpatient,0.0,True
C25098,P1123,PR0028,F0178,78,M,Medicare,5,2.44,In-Network,Adjusted,Orthopedics,Labs,93000,I50.9,1,2180.95,1085.65,0.69,6,2022-12-20,Inpatient,0.331,True
C25109,P1905,PR0168,F0116,44,M,Commercial,9,2.7,In-Network,Denied,Cardiology,Labs,73564,G40.909,0,116.23,2007.46,0.08,6,2022-11-07,Inpatient,0.0,True
C25128,P3500,PR0106,F0009,86,M,Medicare,5,2.45,In-Network,Denied,Endocrinology,Primary Care,99214,M17.11,0,4952.08,841.62,1.83,4,2022-06-09,Inpatient,0.0,True
C25131,P2246,PR0095,F0132,75,F,Commercial,9,1.39,Out-of-Network,Denied,OBGYN,Imaging,93010,I21.4,0,3335.64,1305.91,0.76,9,2022-12-16,Inpatient,0.0,True
C25137,P4433,PR0251,F0022,1,M,Medicare,8,0.71,Out-of-Network,Paid,Neurology,Labs,99285,E11.65,1,1230.34,772.25,0.21,0,2023-07-24,Outpatient,0.0,True
C25143,P4634,PR0058,F0047,2,M,Medicaid,4,1.4,In-Network,Denied,Orthopedics,Primary Care,73564,E11.9,1,3899.54,928.78,2.05,0,2022-01-03,Outpatient,0.104,True
C25223,P5366,PR0024,F0176,49,M,Commercial,12,2.93,In-Network,Paid,Cardiology,Specialist,73564,E11.9,1,3764.01,775.79,0.54,0,2023-03-03,ER,0.104,True
C25224,P0120,PR0014,F0026,30,M,Medicare,12,0.9,In-Network,Adjusted,Gastroenterology,Primary Care,27447,J45.909,1,2195.97,1425.01,1.08,0,2023-07-21,ER,0.0,True
C25238,P7524,PR0281,F0156,87,M,Commercial,5,1.27,In-Network,Adjusted,Endocrinology,Primary Care,73564,M17.11,0,895.03,918.15,0.24,8,2023-12-11,Inpatient,0.0,True
C25240,P3867,PR0374,F0152,78,M,VA,3,2.55,Out-of-Network,Adjusted,Primary Care,Labs,99213,J45.909,1,1547.53,915.36,2.49,3,2022-11-19,Inpatient,0.0,True
C25260,P2524,PR0268,F0177,15,M,Commercial,9,1.88,Out-of-Network,Denied,Dermatology,Primary Care,95250,J45.909,1,4311.37,992.56,3.85,0,2023-10-21,ER,0.0,True
C25263,P5140,PR0397,F0030,51,M,Medicaid,5,1.24,In-Network,Denied,Primary Care,Surgery,93010,K21.9,0,1071.14,938.59,0.2,0,2022-01-11,Outpatient,0.0,True
C25273,P1417,PR0120,F0184,47,M,Commercial,1,2.96,In-Network,Adjusted,Cardiology,Surgery,93010,J45.909,1,3186.26,1047.38,0.7,0,2022-05-18,ER,0.0,True
C25286,P3761,PR0416,F0025,13,M,Medicaid,4,1.92,In-Network,Denied,OBGYN,Surgery,99213,S83.241A,0,2035.07,1115.85,0.42,0,2023-08-01,ER,0.0,True
C25294,P4035,PR0348,F0188,16,F,VA,3,2.65,Out-of-Network,Adjusted,OBGYN,Imaging,93000,K21.9,0,3242.61,1018.88,0.78,0,2023-12-29,Outpatient,0.0,True
C25302,P7216,PR0435,F0110,30,F,Commercial,7,0.32,In-Network,Paid,Neurology,Primary Care,95250,O80,0,2283.8,1018.75,0.4,0,2023-08-14,Outpatient,0.0,True
C25315,P7049,PR0492,F0195,22,F,Commercial,8,1.21,Out-of-Network,Paid,Primary Care,Gastroenterology,95250,I50.9,1,488.63,42306.18,0.76,0,2023-04-30,ER,0.331,True
C25328,P4149,PR0346,F0031,76,F,Medicare,1,2.68,Out-of-Network,Denied,Endocrinology,Labs,99214,I21.4,0,4976.75,811.83,0.84,0,2022-03-21,ER,0.0,True
C25331,P5839,PR0048,F0054,77,M,VA,2,2.18,Out-of-Network,Denied,OBGYN,Surgery,95250,I50.9,1,958.92,796.71,0.15,0,2022-06-14,ER,0.331,True
C25340,P5757,PR0348,F0178,3,M,VA,7,0.8,In-Network,Denied,Cardiology,Surgery,99285,K21.9,0,2522.63,1629.41,1.25,0,2023-12-16,Outpatient,0.0,True
C25345,P1353,PR0003,F0049,34,F,Medicaid,1,1.66,In-Network,Adjusted,Cardiology,Labs,95250,M17.11,0,503.92,1167.81,2.29,0,2023-03-08,Outpatient,0.0,True
C25391,P0026,PR0457,F0104,66,M,Commercial,5,2.9,In-Network,Paid,OBGYN,Labs,95250,O80,0,4698.49,1607.23,2.54,0,2023-10-27,ER,0.0,True
C25393,P4203,PR0103,F0015,72,M,Medicare,5,2.85,In-Network,Denied,Neurology,Labs,99213,I50.9,1,2531.58,1808.86,0.39,0,2023-02-09,ER,0.331,True
C25406,P7490,PR0140,F0069,39,M,VA,8,0.44,Out-of-Network,Paid,OBGYN,Specialist,99285,O80,0,91.6,871.07,0.01,0,2022-01-28,ER,0.0,True
C25416,P4477,PR0131,F0177,85,F,Commercial,2,1.31,Out-of-Network,Denied,Gastroenterology,Imaging,73564,K21.9,0,1234.15,903.66,0.2,0,2023-03-16,Outpatient,0.0,True
C25423,P3346,PR0038,F0093,88,F,Medicaid,6,2.67,Out-of-Network,Paid,Gastroenterology,Primary Care,93000,G40.909,0,4256.23,1695.42,6.21,0,2023-08-16,ER,0.0,True
C25448,P4162,PR0263,F0163,35,M,VA,1,0.69,In-Network,Paid,Gastroenterology,Surgery,27447,E11.9,1,2180.34,2189.11,0.63,4,2022-05-05,Inpatient,0.104,True
C25461,P1833,PR0119,F0015,2,F,VA,7,0.53,Out-of-Network,Adjusted,Neurology,Imaging,99213,K21.9,0,2970.32,802.27,2.16,0,2022-10-15,Outpatient,0.0,True
C25464,P6448,PR0367,F0190,40,M,Commercial,11,2.51,Out-of-Network,Paid,Gastroenterology,Imaging,95250,E11.65,1,2080.23,1475.88,0.46,8,2022-11-14,Inpatient,0.0,True
C25473,P5680,PR0396,F0029,9,F,VA,5,1.13,In-Network,Adjusted,Dermatology,Surgery,59400,E11.65,1,1287.53,795.62,0.16,0,2023-03-26,ER,0.0,True
C25488,P0868,PR0094,F0047,46,M,Medicaid,10,2.21,Out-of-Network,Adjusted,Endocrinology,Specialist,99214,E11.65,1,4977.05,2076.42,0.96,0,2022-06-09,Outpatient,0.0,True
C25489,P7323,PR0443,F0176,21,F,VA,1,1.9,Out-of-Network,Denied,Primary Care,Imaging,93010,M17.11,0,4835.4,1287.8,0.63,6,2022-02-28,Inpatient,0.0,True
C25492,P7732,PR0219,F0179,3,M,Medicare,8,1.85,In-Network,Denied,Orthopedics,Imaging,73564,O80,0,624.19,1350.17,0.16,0,2022-09-01,ER,0.0,True
C25502,P7412,PR0285,F0196,49,F,Medicare,11,1.3,Out-of-Network,Adjusted,Primary Care,Imaging,95250,E11.9,1,4366.56,1028.98,1.07,1,2022-08-31,Inpatient,0.104,True
C25508,P3427,PR0408,F0059,79,F,Medicare,11,2.92,Out-of-Network,Paid,Orthopedics,Labs,27447,O80,0,1054.03,1455.07,0.32,0,2023-02-27,Outpatient,0.0,True
C25514,P3996,PR0275,F0191,56,F,Commercial,10,1.57,In-Network,Denied,OBGYN,Specialist,95250,S83.241A,0,1350.71,1068.94,0.49,0,2023-04-23,Outpatient,0.0,True
C25544,P2025,PR0072,F0033,1,M,Medicare,11,1.45,Out-of-Network,Paid,Dermatology,Imaging,59400,J45.909,1,3047.9,1296.43,0.84,0,2023-11-06,Outpatient,0.0,True
C25546,P0156,PR0443,F0061,16,F,Medicare,5,2.12,In-Network,Adjusted,Dermatology,Gastroenterology,99214,S83.241A,0,89.36,25803.11,0.02,0,2022-07-09,ER,0.0,True
C25547,P4638,PR0024,F0036,26,F,VA,5,1.32,Out-of-Network,Paid,Endocrinology,Labs,95250,G40.909,0,252.27,884.25,0.07,0,2023-04-16,ER,0.0,True
C25563,P4342,PR0384,F0029,40,F,VA,11,1.11,Out-of-Network,Denied,Primary Care,Surgery,95816,S83.241A,0,3301.94,2614.64,3.07,10,2023-06-01,Inpatient,0.0,True
C25566,P2409,PR0467,F0076,83,M,VA,9,0.75,In-Network,Adjusted,Orthopedics,Gastroenterology,99285,J45.909,1,3200.69,976.52,3.81,9,2023-10-01,Inpatient,0.0,True
C25574,P3239,PR0465,F0122,28,M,Commercial,4,0.52,Out-of-Network,Denied,OBGYN,Specialist,95250,S83.241A,0,690.32,1201.81,0.09,4,2022-04-02,Inpatient,0.0,True
C25576,P3595,PR0280,F0112,12,M,Medicare,2,2.95,Out-of-Network,Paid,Gastroenterology,Imaging,59400,K21.9,0,3748.22,1275.29,1.91,0,2022-08-14,Outpatient,0.0,True
C25578,P6366,PR0166,F0095,80,F,VA,1,0.72,Out-of-Network,Adjusted,OBGYN,Labs,93000,O80,0,2254.42,1226.84,0.43,0,2023-02-21,ER,0.0,True
C25583,P7967,PR0320,F0081,55,F,Medicaid,1,1.41,In-Network,Denied,Orthopedics,Labs,95816,O80,0,4561.74,985.07,1.06,0,2023-03-08,Outpatient,0.0,True
C25587,P2703,PR0082,F0106,52,M,Commercial,3,1.57,Out-of-Network,Paid,Primary Care,Primary Care,95250,G40.909,0,581.9,916.09,0.16,4,2022-10-20,Inpatient,0.0,True
C25589,P0747,PR0328,F0073,50,M,Medicare,12,2.52,Out-of-Network,Denied,Cardiology,Specialist,95816,I21.4,0,1341.29,770.99,0.93,3,2023-01-12,Inpatient,0.0,True
C25608,P6873,PR0355,F0149,65,M,VA,1,1.64,Out-of-Network,Adjusted,Gastroenterology,Primary Care,93010,S83.241A,0,4727.31,1053.72,3.56,6,2023-10-01,Inpatient,0.0,True
C25646,P2630,PR0280,F0186,14,F,VA,1,0.63,In-Network,Denied,Primary Care,Imaging,99213,G40.909,0,2229.54,1159.77,0.38,0,2023-08-20,Outpatient,0.0,True
C25648,P0743,PR0063,F0103,40,F,VA,8,1.65,In-Network,Adjusted,Cardiology,Surgery,27447,J45.909,1,3609.65,4515.97,0.98,0,2022-12-07,Outpatient,0.0,True
C25658,P0571,PR0089,F0056,12,M,VA,8,2.51,In-Network,Denied,Endocrinology,Primary Care,95816,I50.9,1,4325.98,1465.15,7.39,0,2022-04-04,ER,0.331,True
C25670,P4543,PR0340,F0196,22,M,Medicare,7,2.71,In-Network,Adjusted,Gastroenterology,Specialist,59400,S83.241A,0,1526.95,759.97,0.23,0,2023-02-04,ER,0.0,True
C25672,P1622,PR0065,F0014,24,M,Medicare,3,0.82,Out-of-Network,Denied,Neurology,Primary Care,99285,S83.241A,0,4350.92,758.02,3.47,0,2022-05-09,Outpatient,0.0,True
C25676,P7676,PR0218,F0059,66,M,Medicaid,10,1.07,Out-of-Network,Adjusted,Gastroenterology,Primary Care,27447,O80,0,4480.19,1145.26,0.59,5,2022-08-21,Inpatient,0.0,True
C25684,P5558,PR0042,F0169,0,F,Commercial,5,2.46,Out-of-Network,Paid,Cardiology,Specialist,95250,K21.9,0,4722.02,2285.94,2.62,0,2023-03-04,ER,0.0,True
C25692,P3290,PR0112,F0065,58,F,Medicaid,6,2.52,Out-of-Network,Paid,Endocrinology,Surgery,99213,J45.909,1,3695.95,1057.37,0.72,0,2022-02-22,ER,0.0,True
C25702,P5507,PR0466,F0143,39,F,Medicare,12,0.67,In-Network,Adjusted,Primary Care,Specialist,99285,O80,0,3281.3,1165.0,0.53,3,2023-02-19,Inpatient,0.0,True
C25708,P2447,PR0209,F0189,48,M,VA,2,0.35,In-Network,Denied,Dermatology,Imaging,27447,G40.909,0,4514.96,1185.64,0.95,8,2023-07-07,Inpatient,0.0,True
C25717,P2425,PR0453,F0138,42,F,Commercial,6,2.21,In-Network,Adjusted,OBGYN,Surgery,93010,E11.9,1,3596.1,1827.05,1.93,3,2022-08-22,Inpatient,0.104,True
C25738,P4709,PR0241,F0175,31,M,Commercial,9,2.03,In-Network,Paid,Cardiology,Labs,59400,I21.4,0,596.55,773.44,0.09,0,2023-08-29,ER,0.0,True
C25763,P1742,PR0363,F0159,38,F,Commercial,4,0.55,Out-of-Network,Adjusted,OBGYN,Imaging,93000,K21.9,0,3470.98,1282.63,1.68,0,2023-04-21,Outpatient,0.0,True
C25769,P1668,PR0119,F0016,38,F,Medicaid,4,1.85,Out-of-Network,Adjusted,Orthopedics,Primary Care,99214,S83.241A,0,315.9,779.41,0.06,0,2022-08-07,ER,0.0,True
C25771,P1307,PR0044,F0057,39,F,Medicaid,10,0.65,In-Network,Paid,Endocrinology,Specialist,99214,I21.4,0,2591.89,1276.64,0.52,5,2022-06-23,Inpatient,0.0,True
C25779,P3496,PR0353,F0101,76,F,Medicaid,1,0.89,Out-of-Network,Paid,Orthopedics,Imaging,59400,K21.9,0,415.65,2129.78,0.06,10,2022-11-16,Inpatient,0.0,True
C25782,P4810,PR0120,F0084,39,M,Commercial,9,2.97,In-Network,Adjusted,Neurology,Imaging,27447,I21.4,0,1811.57,964.5,3.6,0,2023-05-25,ER,0.0,True
C25787,P1863,PR0226,F0179,22,M,Commercial,3,0.84,Out-of-Network,Adjusted,OBGYN,Surgery,73564,S83.241A,0,2115.0,997.96,0.27,0,2023-02-10,Outpatient,0.0,True
C25816,P4206,PR0128,F0197,47,F,VA,5,0.53,Out-of-Network,Denied,Primary Care,Labs,93000,S83.241A,0,244.93,908.97,0.2,5,2023-08-30,Inpatient,0.0,True
C25822,P5749,PR0057,F0166,35,M,Commercial,1,0.6,Out-of-Network,Denied,Gastroenterology,Surgery,99285,K21.9,0,1143.1,1242.81,1.08,0,2023-09-01,ER,0.0,True
C25824,P6965,PR0200,F0075,3,F,Commercial,6,2.08,In-Network,Adjusted,Endocrinology,Surgery,99214,G40.909,0,2148.68,770.82,0.63,9,2023-06-12,Inpatient,0.0,True
C25832,P4615,PR0499,F0061,84,F,Commercial,9,0.92,In-Network,Paid,Endocrinology,Specialist,99213,I50.9,1,1952.62,822.87,0.43,0,2022-09-06,ER,0.331,True
C25838,P3501,PR0238,F0081,58,M,Medicare,10,2.53,In-Network,Adjusted,Gastroenterology,Specialist,99285,O80,0,183.33,3486.63,0.03,0,2023-01-01,Outpatient,0.0,True
C25843,P5493,PR0408,F0101,26,M,VA,6,2.98,Out-of-Network,Paid,Orthopedics,Specialist,59400,E11.9,1,1133.32,948.13,1.42,1,2022-09-21,Inpatient,0.104,True
C25844,P3269,PR0064,F0195,38,F,Commercial,11,1.87,Out-of-Network,Denied,Cardiology,Labs,93010,S83.241A,0,2852.01,813.98,0.48,0,2022-03-12,Outpatient,0.0,True
C25847,P5566,PR0237,F0033,4,M,Medicaid,5,2.23,In-Network,Adjusted,Dermatology,Primary Care,99285,E11.9,1,1940.73,820.55,0.75,0,2022-08-12,Outpatient,0.104,True
C25861,P5831,PR0279,F0027,43,F,Commercial,5,0.47,In-Network,Paid,Neurology,Specialist,99214,E11.9,1,4927.46,770.23,0.71,5,2023-02-15,Inpatient,0.104,True
C25887,P1947,PR0072,F0029,77,M,Medicaid,1,2.2,Out-of-Network,Paid,Gastroenterology,Labs,99285,S83.241A,0,4961.96,1559.28,1.76,0,2022-08-12,ER,0.0,True
C25889,P2615,PR0069,F0111,85,F,VA,3,2.52,In-Network,Paid,Gastroenterology,Specialist,99213,O80,0,2852.98,776.24,0.94,0,2023-05-12,Outpatient,0.0,True
C25900,P7547,PR0291,F0131,66,M,VA,4,1.55,In-Network,Adjusted,Endocrinology,Labs,93010,S83.241A,0,687.44,1935.35,0.25,7,2023-12-16,Inpatient,0.0,True
C25924,P6561,PR0399,F0049,53,M,VA,11,2.29,Out-of-Network,Adjusted,OBGYN,Surgery,27447,M17.11,0,1488.42,1768.89,0.45,0,2023-06-24,Outpatient,0.0,True
C25939,P5888,PR0452,F0188,76,F,Commercial,2,1.45,Out-of-Network,Adjusted,Cardiology,Specialist,99214,E11.65,1,2697.13,1150.14,7.61,0,2023-08-12,Outpatient,0.0,True
C25957,P1982,PR0192,F0107,86,M,Commercial,2,1.49,In-Network,Denied,Gastroenterology,Imaging,93000,K21.9,0,1340.95,1121.11,0.21,0,2022-05-21,ER,0.0,True
C25962,P5832,PR0248,F0031,58,F,Medicare,12,1.67,Out-of-Network,Denied,Cardiology,Gastroenterology,99285,M17.11,0,207.47,17347.27,0.22,0,2022-09-18,Outpatient,0.0,True
C25984,P0892,PR0246,F0097,42,F,VA,9,2.79,Out-of-Network,Adjusted,Cardiology,Surgery,73564,O80,0,1829.21,860.08,0.29,0,2023-02-15,Outpatient,0.0,True
C25987,P3213,PR0320,F0169,16,F,Medicare,12,0.49,Out-of-Network,Paid,Endocrinology,Specialist,95816,E11.9,1,2558.54,1196.44,0.36,0,2023-06-29,ER,0.104,True
C26008,P1993,PR0180,F0010,14,F,Medicare,10,2.36,Out-of-Network,Paid,Dermatology,Primary Care,73564,E11.65,1,3223.89,1355.64,0.52,0,2023-11-21,Outpatient,0.0,True
C26017,P3245,PR0407,F0107,53,M,Medicaid,10,0.62,In-Network,Denied,Neurology,Primary Care,93010,E11.65,1,2651.38,876.87,1.16,0,2022-11-12,Outpatient,0.0,True
C26018,P2785,PR0364,F0048,2,F,Medicaid,2,2.66,Out-of-Network,Adjusted,OBGYN,Specialist,93010,K21.9,0,2235.94,822.25,0.39,2,2023-09-16,Inpatient,0.0,True
C26032,P2811,PR0042,F0119,84,M,VA,4,0.34,Out-of-Network,Denied,Primary Care,Specialist,95816,I21.4,0,4423.64,811.04,0.92,0,2023-02-08,ER,0.0,True
C26036,P3257,PR0027,F0098,19,F,Medicaid,10,1.48,In-Network,Paid,Orthopedics,Labs,73564,I50.9,1,3291.99,2411.08,1.79,0,2023-02-01,ER,0.331,True
C26039,P4393,PR0057,F0147,58,F,VA,5,2.09,In-Network,Adjusted,Primary Care,Gastroenterology,93010,G40.909,0,4692.46,2657.94,1.77,5,2022-12-24,Inpatient,0.0,True
C26044,P3049,PR0495,F0116,17,F,Medicare,3,2.78,In-Network,Paid,Orthopedics,Primary Care,99213,O80,0,3521.26,2468.21,0.6,0,2023-08-02,ER,0.0,True
C26050,P1159,PR0352,F0183,61,M,Medicaid,12,0.89,In-Network,Denied,OBGYN,Gastroenterology,93010,G40.909,0,4156.7,916.84,2.27,7,2022-04-23,Inpatient,0.0,True
C26052,P2940,PR0298,F0099,79,M,Commercial,1,1.56,Out-of-Network,Adjusted,Cardiology,Imaging,95816,I50.9,1,2342.08,2251.46,0.53,9,2023-11-29,Inpatient,0.331,True
C26055,P4325,PR0234,F0009,21,M,Medicaid,4,1.3,Out-of-Network,Denied,Neurology,Imaging,95250,S83.241A,0,2627.0,787.88,3.25,7,2022-08-08,Inpatient,0.0,True
C26075,P2105,PR0399,F0184,65,M,VA,8,0.99,In-Network,Paid,Gastroenterology,Imaging,95816,G40.909,0,1388.45,1545.91,0.2,0,2022-08-07,ER,0.0,True
C26078,P2702,PR0372,F0147,34,M,Commercial,1,0.66,Out-of-Network,Denied,Endocrinology,Specialist,95816,E11.9,1,4105.7,1084.73,1.44,0,2023-12-24,Outpatient,0.104,True
C26090,P5733,PR0371,F0086,47,M,VA,3,2.99,Out-of-Network,Denied,Primary Care,Imaging,99285,O80,0,459.89,877.5,0.07,0,2023-03-31,ER,0.0,True
C26122,P5298,PR0101,F0181,44,M,VA,7,0.88,Out-of-Network,Denied,Dermatology,Specialist,99285,O80,0,4544.67,1158.94,1.18,0,2023-08-29,Outpatient,0.0,True
C26124,P2001,PR0289,F0017,43,F,VA,5,2.54,In-Network,Adjusted,Cardiology,Labs,95250,G40.909,0,304.35,868.87,0.07,0,2023-02-22,ER,0.0,True
C26142,P4220,PR0063,F0129,66,M,Commercial,2,1.74,Out-of-Network,Denied,Cardiology,Imaging,99285,I21.4,0,1167.19,988.76,0.18,0,2022-03-27,Outpatient,0.0,True
C26156,P2139,PR0148,F0005,74,M,VA,5,1.88,Out-of-Network,Adjusted,OBGYN,Imaging,99285,M17.11,0,2458.18,2151.15,1.45,6,2022-12-19,Inpatient,0.0,True
C26177,P1090,PR0238,F0056,58,F,VA,6,1.11,In-Network,Denied,Primary Care,Primary Care,99285,M17.11,0,4630.04,1011.23,0.66,0,2022-12-07,ER,0.0,True
C26184,P2944,PR0238,F0139,73,M,Medicaid,6,2.2,Out-of-Network,Denied,Primary Care,Primary Care,59400,O80,0,894.33,1199.88,0.18,0,2022-12-06,Outpatient,0.0,True
C26188,P3292,PR0223,F0024,10,M,Commercial,4,2.17,In-Network,Paid,Cardiology,Gastroenterology,93000,S83.241A,0,2739.05,35798.53,0.75,0,2023-08-06,ER,0.0,True
C26201,P1826,PR0425,F0134,68,M,Medicare,9,1.7,In-Network,Adjusted,Dermatology,Imaging,27447,G40.909,0,1699.06,807.2,0.42,0,2023-02-26,ER,0.0,True
C26215,P0830,PR0238,F0171,64,M,Medicare,11,2.42,Out-of-Network,Adjusted,Cardiology,Primary Care,95816,I50.9,1,3303.94,899.76,0.41,3,2023-11-07,Inpatient,0.331,True
C26216,P3562,PR0229,F0115,82,M,Commercial,10,2.17,In-Network,Paid,Neurology,Surgery,59400,O80,0,3967.28,1245.47,2.27,7,2022-01-20,Inpatient,0.0,True
C26239,P4953,PR0352,F0181,19,M,VA,3,0.42,In-Network,Denied,Endocrinology,Surgery,99214,O80,0,2453.44,1072.85,0.32,0,2023-05-23,Outpatient,0.0,True
C26253,P1275,PR0240,F0024,81,M,Medicaid,1,2.46,Out-of-Network,Paid,Endocrinology,Primary Care,93010,I50.9,1,3254.79,856.74,22.4,9,2022-06-26,Inpatient,0.331,True
C26254,P1097,PR0377,F0019,8,F,Medicaid,8,2.74,Out-of-Network,Adjusted,Neurology,Surgery,95816,I21.4,0,3413.38,1067.22,0.51,0,2023-09-23,ER,0.0,True
C26289,P1884,PR0150,F0136,22,F,Medicaid,10,1.19,In-Network,Denied,OBGYN,Gastroenterology,93000,S83.241A,0,3515.14,15436.07,0.45,0,2023-03-11,Outpatient,0.0,True
C26303,P6172,PR0044,F0090,45,F,Medicaid,12,1.68,In-Network,Paid,Gastroenterology,Primary Care,99285,I50.9,1,838.3,1645.47,0.38,0,2023-08-19,Outpatient,0.331,True
C26315,P2369,PR0398,F0142,62,F,Commercial,3,1.09,Out-of-Network,Paid,Endocrinology,Labs,95250,G40.909,0,198.01,960.27,0.04,0,2023-03-01,ER,0.0,True
C26316,P7746,PR0258,F0167,14,F,VA,10,1.11,In-Network,Paid,Orthopedics,Primary Care,59400,K21.9,0,1954.18,1627.84,0.33,0,2023-05-11,ER,0.0,True
C26321,P0750,PR0460,F0143,65,M,Medicare,8,2.78,In-Network,Paid,Neurology,Labs,95816,O80,0,660.02,1617.41,0.12,0,2023-10-22,Outpatient,0.0,True
C26322,P0482,PR0032,F0133,5,M,Medicaid,2,1.7,Out-of-Network,Paid,OBGYN,Imaging,93000,E11.9,1,3802.72,1081.23,0.86,9,2022-12-15,Inpatient,0.104,True
C26337,P2588,PR0251,F0044,29,F,Commercial,10,1.22,Out-of-Network,Denied,OBGYN,Imaging,93010,J45.909,1,2890.68,895.78,0.61,0,2023-07-21,Outpatient,0.0,True
C26402,P7140,PR0333,F0068,8,F,Medicaid,7,1.04,Out-of-Network,Adjusted,Cardiology,Labs,95250,J45.909,1,1390.68,1853.92,0.21,8,2023-05-17,Inpatient,0.0,True
C26403,P0156,PR0243,F0082,36,F,VA,9,0.9,In-Network,Paid,Cardiology,Labs,73564,E11.65,1,4552.66,841.3,0.83,0,2023-07-09,Outpatient,0.0,True
C26410,P5502,PR0133,F0047,27,M,Medicaid,8,0.33,In-Network,Paid,Orthopedics,Specialist,27447,E11.65,1,4071.02,1079.78,1.26,0,2023-02-18,Outpatient,0.0,True
C26412,P6104,PR0485,F0098,47,M,Commercial,2,2.53,In-Network,Denied,Gastroenterology,Surgery,59400,E11.65,1,2750.69,1358.22,0.84,0,2023-06-06,ER,0.0,True
C26413,P2479,PR0450,F0059,1,M,Medicaid,5,1.09,Out-of-Network,Paid,Orthopedics,Gastroenterology,99285,I21.4,0,4091.45,39262.83,1.63,10,2022-09-06,Inpatient,0.0,True
C26431,P7599,PR0397,F0045,81,M,Medicare,1,0.97,In-Network,Adjusted,Cardiology,Imaging,95816,G40.909,0,4967.32,948.76,13.13,0,2022-03-06,Outpatient,0.0,True
C26456,P6780,PR0272,F0017,26,F,VA,3,2.11,Out-of-Network,Paid,OBGYN,Labs,99213,E11.9,1,4909.49,1197.58,0.91,0,2023-07-14,ER,0.104,True
C26459,P2095,PR0352,F0065,43,M,Commercial,7,1.47,In-Network,Paid,Endocrinology,Surgery,95250,M17.11,0,1696.86,1250.76,0.24,0,2023-12-29,ER,0.0,True
C26465,P1621,PR0330,F0181,85,F,VA,12,1.87,Out-of-Network,Denied,Primary Care,Labs,99214,K21.9,0,2480.1,1319.46,0.32,0,2023-09-28,ER,0.0,True
C26475,P4935,PR0153,F0158,43,F,Commercial,12,1.06,Out-of-Network,Paid,Cardiology,Surgery,99214,I50.9,1,570.05,999.93,0.09,0,2022-06-04,ER,0.331,True
C26477,P0101,PR0425,F0049,52,M,VA,12,1.76,In-Network,Denied,Endocrinology,Labs,99213,E11.9,1,2657.84,1226.19,1.73,1,2022-08-22,Inpatient,0.104,True
C26488,P6233,PR0315,F0038,67,F,Commercial,11,1.96,In-Network,Paid,Dermatology,Gastroenterology,93000,S83.241A,0,4321.19,35037.43,1.71,0,2022-01-13,ER,0.0,True
C26493,P0766,PR0434,F0099,12,F,Medicaid,2,0.69,Out-of-Network,Adjusted,Cardiology,Specialist,95250,S83.241A,0,1524.57,2547.61,1.96,0,2022-03-29,ER,0.0,True
C26496,P6540,PR0375,F0033,52,F,Medicare,4,2.24,Out-of-Network,Denied,Cardiology,Specialist,59400,E11.9,1,4790.96,1639.61,0.86,0,2022-06-09,Outpatient,0.104,True
C26508,P5652,PR0275,F0182,86,M,Commercial,10,2.36,In-Network,Paid,Endocrinology,Imaging,99214,J45.909,1,1458.88,1293.14,0.26,5,2022-02-17,Inpatient,0.0,True
C26510,P0828,PR0438,F0144,71,M,Medicare,1,2.94,In-Network,Paid,Dermatology,Surgery,27447,I50.9,1,980.0,3003.85,0.15,0,2023-09-10,Outpatient,0.331,True
C26514,P6170,PR0435,F0163,33,F,VA,8,2.17,Out-of-Network,Paid,Cardiology,Specialist,59400,E11.65,1,2456.58,915.36,0.35,0,2022-05-24,ER,0.0,True
C26516,P0875,PR0108,F0013,6,M,Medicare,5,2.4,In-Network,Paid,Neurology,Surgery,27447,J45.909,1,2555.54,789.54,0.4,0,2022-08-21,ER,0.0,True
C26523,P7448,PR0267,F0020,48,M,Commercial,3,2.97,Out-of-Network,Adjusted,Primary Care,Imaging,95816,I50.9,1,211.56,1953.2,0.27,0,2022-06-12,ER,0.331,True
C26548,P7191,PR0377,F0028,85,M,VA,1,1.53,In-Network,Adjusted,Cardiology,Labs,73564,K21.9,0,1013.23,1364.53,0.26,7,2023-12-19,Inpatient,0.0,True
C26572,P2630,PR0497,F0017,67,F,Medicare,10,1.66,In-Network,Paid,Endocrinology,Gastroenterology,93010,K21.9,0,1373.32,1246.17,0.19,1,2022-12-18,Inpatient,0.0,True
C26579,P2417,PR0119,F0097,64,M,Medicare,7,1.19,Out-of-Network,Denied,Dermatology,Gastroenterology,99214,G40.909,0,4021.93,1034.08,13.55,5,2022-11-16,Inpatient,0.0,True
C26629,P1553,PR0085,F0092,34,F,Medicare,8,0.77,In-Network,Adjusted,Gastroenterology,Gastroenterology,93010,J45.909,1,3821.51,2505.61,1.52,0,2023-05-27,ER,0.0,True
C26637,P4838,PR0478,F0025,80,M,VA,6,1.42,Out-of-Network,Denied,Orthopedics,Specialist,73564,O80,0,3909.57,876.96,0.79,3,2022-02-04,Inpatient,0.0,True
C26643,P5272,PR0323,F0096,64,F,Commercial,7,1.66,In-Network,Adjusted,Primary Care,Imaging,99213,I21.4,0,1936.82,1513.39,3.38,0,2023-12-15,ER,0.0,True
C26661,P0318,PR0358,F0018,42,M,Commercial,11,1.7,Out-of-Network,Denied,Gastroenterology,Surgery,93000,E11.9,1,2773.49,1009.05,0.47,0,2022-08-28,Outpatient,0.104,True
C26670,P7520,PR0382,F0043,9,M,Commercial,5,2.82,Out-of-Network,Paid,OBGYN,Gastroenterology,95816,I21.4,0,3647.74,2170.42,1.19,0,2022-06-29,ER,0.0,True
C26673,P0116,PR0032,F0149,8,F,Commercial,7,1.38,In-Network,Paid,Orthopedics,Imaging,27447,E11.9,1,138.75,840.3,0.02,0,2022-12-26,Outpatient,0.104,True
C26677,P0178,PR0233,F0098,56,M,Medicaid,6,0.93,In-Network,Paid,Orthopedics,Labs,99213,O80,0,4016.25,1037.94,1.81,5,2022-01-15,Inpatient,0.0,True
C26698,P3013,PR0205,F0029,6,F,Medicare,11,1.05,Out-of-Network,Denied,OBGYN,Primary Care,99213,K21.9,0,1643.86,1050.4,0.23,1,2023-02-03,Inpatient,0.0,True
C26716,P5268,PR0451,F0125,19,F,Commercial,4,1.96,Out-of-Network,Adjusted,Cardiology,Imaging,59400,M17.11,0,3206.19,1041.11,4.12,10,2022-03-17,Inpatient,0.0,True
C26736,P4614,PR0146,F0103,8,M,Medicare,4,2.23,Out-of-Network,Denied,Primary Care,Gastroenterology,99285,S83.241A,0,3151.67,36719.1,0.52,5,2023-08-25,Inpatient,0.0,True
C26738,P0151,PR0266,F0009,39,M,Medicaid,10,1.49,In-Network,Paid,Dermatology,Imaging,95816,I50.9,1,1335.24,770.4,0.52,0,2023-08-17,ER,0.331,True
C26752,P0534,PR0358,F0084,18,M,Medicare,4,2.55,Out-of-Network,Adjusted,Orthopedics,Imaging,95816,J45.909,1,284.44,1654.01,0.17,0,2023-02-01,Outpatient,0.0,True
C26755,P6436,PR0403,F0020,13,M,VA,5,2.39,Out-of-Network,Denied,Neurology,Imaging,93010,I50.9,1,4421.18,1057.35,1.24,0,2023-06-08,ER,0.331,True
C26759,P0700,PR0073,F0191,35,F,Commercial,8,0.73,In-Network,Adjusted,Primary Care,Specialist,95250,O80,0,1089.54,1241.45,0.17,1,2023-12-15,Inpatient,0.0,True
C26766,P6475,PR0223,F0173,40,M,Commercial,1,0.39,Out-of-Network,Adjusted,Cardiology,Gastroenterology,59400,I50.9,1,3586.23,17845.73,0.5,0,2022-08-03,Outpatient,0.331,True
C26793,P4942,PR0156,F0024,7,M,VA,12,1.02,In-Network,Adjusted,Neurology,Gastroenterology,99213,S83.241A,0,4916.77,1312.65,7.31,0,2022-12-07,Outpatient,0.0,True
C26818,P6725,PR0388,F0021,60,F,VA,10,0.42,Out-of-Network,Paid,Cardiology,Imaging,93000,E11.65,1,1991.61,847.11,0.68,5,2023-05-28,Inpatient,0.0,True
C26837,P3632,PR0201,F0130,31,F,Medicare,7,2.27,Out-of-Network,Denied,Dermatology,Surgery,95250,I50.9,1,3912.1,1349.89,0.55,0,2022-09-17,Outpatient,0.331,True
C26853,P3573,PR0047,F0028,42,F,VA,2,2.21,Out-of-Network,Adjusted,OBGYN,Primary Care,99285,G40.909,0,4926.02,1718.71,0.7,0,2022-01-28,ER,0.0,True
C26854,P1946,PR0079,F0082,77,F,VA,2,2.95,Out-of-Network,Paid,Dermatology,Specialist,73564,K21.9,0,1536.48,1399.62,0.76,0,2023-05-01,ER,0.0,True
C26894,P0190,PR0494,F0124,64,F,VA,8,2.52,In-Network,Adjusted,Cardiology,Surgery,95816,E11.65,1,2232.47,1184.67,0.48,5,2023-02-14,Inpatient,0.0,True
C26907,P6431,PR0271,F0153,82,F,Medicare,5,1.4,In-Network,Denied,Neurology,Surgery,99214,M17.11,0,2168.04,797.5,1.67,4,2022-05-17,Inpatient,0.0,True
C26915,P6375,PR0442,F0067,44,M,VA,4,2.24,Out-of-Network,Denied,Dermatology,Surgery,27447,E11.65,1,1742.83,4268.18,0.37,0,2022-07-31,ER,0.0,True
C26935,P6734,PR0191,F0030,13,M,Medicaid,11,2.02,In-Network,Adjusted,Neurology,Specialist,59400,J45.909,1,1240.32,2325.85,0.6,0,2022-11-30,ER,0.0,True
C26946,P0862,PR0026,F0188,81,F,Medicare,11,1.67,In-Network,Paid,Endocrinology,Imaging,27447,E11.9,1,2748.79,2086.41,0.73,0,2023-04-16,ER,0.104,True
C26956,P6715,PR0048,F0179,44,F,Medicaid,5,2.42,In-Network,Adjusted,Cardiology,Labs,27447,G40.909,0,1432.97,1125.21,2.24,4,2023-08-28,Inpatient,0.0,True
C26960,P4881,PR0161,F0165,82,F,Medicare,6,1.36,In-Network,Denied,Orthopedics,Specialist,73564,O80,0,1485.38,1032.83,0.19,0,2023-04-10,Outpatient,0.0,True
C26967,P0840,PR0247,F0061,45,F,VA,9,2.99,In-Network,Paid,Orthopedics,Surgery,95250,G40.909,0,3559.87,1159.95,0.65,0,2023-03-31,ER,0.0,True
C26978,P5213,PR0273,F0013,10,M,Medicaid,12,1.27,In-Network,Denied,Orthopedics,Specialist,93000,S83.241A,0,4618.5,1437.21,1.4,0,2022-09-20,ER,0.0,True
C26981,P4839,PR0324,F0070,3,F,Medicaid,7,1.7,Out-of-Network,Denied,Gastroenterology,Imaging,59400,I21.4,0,1766.98,817.31,1.69,0,2022-03-02,ER,0.0,True
C26982,P1228,PR0033,F0044,10,F,Medicaid,9,1.89,Out-of-Network,Paid,OBGYN,Labs,73564,J45.909,1,3672.96,1200.37,0.51,1,2022-09-03,Inpatient,0.0,True
C26988,P6087,PR0426,F0069,22,F,Commercial,4,1.79,Out-of-Network,Paid,Cardiology,Labs,99214,K21.9,0,1321.9,1007.21,0.19,10,2023-02-10,Inpatient,0.0,True
C27013,P4413,PR0387,F0168,37,F,Medicare,9,0.62,Out-of-Network,Paid,Endocrinology,Gastroenterology,95816,K21.9,0,3803.71,35655.15,1.23,6,2023-09-01,Inpatient,0.0,True
C27044,P5112,PR0433,F0101,89,F,Commercial,8,2.33,Out-of-Network,Adjusted,Primary Care,Primary Care,93000,I21.4,0,4074.03,869.7,0.74,0,2022-04-18,ER,0.0,True
C27067,P7582,PR0027,F0096,84,M,Medicare,11,2.33,Out-of-Network,Denied,Endocrinology,Labs,93010,M17.11,0,1130.8,927.03,1.39,0,2023-07-04,Outpatient,0.0,True
C27080,P6670,PR0140,F0058,24,F,VA,12,0.79,Out-of-Network,Paid,Primary Care,Primary Care,99285,I50.9,1,1559.39,1111.73,0.3,9,2022-12-08,Inpatient,0.331,True
C27084,P1114,PR0005,F0175,6,M,Commercial,12,0.52,Out-of-Network,Paid,Endocrinology,Specialist,73564,M17.11,0,3957.54,806.93,1.67,0,2022-07-25,Outpatient,0.0,True
C27097,P4833,PR0309,F0137,74,M,Commercial,11,1.01,Out-of-Network,Adjusted,Cardiology,Imaging,59400,M17.11,0,4472.68,1634.66,1.51,0,2022-03-07,ER,0.0,True
C27114,P0081,PR0400,F0143,48,F,Medicaid,1,2.77,Out-of-Network,Denied,Primary Care,Primary Care,73564,G40.909,0,1196.86,1409.43,0.28,6,2022-11-19,Inpatient,0.0,True
C27127,P7722,PR0377,F0071,68,F,VA,5,0.58,In-Network,Adjusted,Dermatology,Primary Care,95250,S83.241A,0,2925.14,1407.41,15.26,0,2023-04-18,Outpatient,0.0,True
C27143,P2643,PR0067,F0071,23,M,VA,12,0.8,In-Network,Adjusted,Cardiology,Labs,99285,K21.9,0,1717.15,1053.8,0.6,0,2022-11-02,Outpatient,0.0,True
C27144,P0080,PR0002,F0001,17,M,Medicaid,7,2.53,Out-of-Network,Paid,Primary Care,Primary Care,95250,G40.909,0,4290.31,768.98,3.71,0,2022-03-10,ER,0.0,True
C27190,P3178,PR0369,F0200,39,M,Medicaid,12,1.37,In-Network,Paid,Dermatology,Labs,27447,S83.241A,0,183.42,1252.87,0.03,0,2022-06-24,ER,0.0,True
C27191,P5122,PR0042,F0145,39,M,Medicaid,7,0.72,Out-of-Network,Denied,Orthopedics,Gastroenterology,95250,G40.909,0,2485.18,20834.89,0.56,0,2023-01-08,ER,0.0,True
C27213,P4905,PR0180,F0064,62,F,Commercial,6,2.45,In-Network,Denied,Endocrinology,Primary Care,99285,E11.9,1,2028.74,975.91,0.29,0,2022-08-03,ER,0.104,True
C27228,P6839,PR0467,F0169,51,M,Medicaid,11,1.68,In-Network,Paid,Gastroenterology,Surgery,95250,K21.9,0,3331.4,933.95,0.6,0,2023-06-24,ER,0.0,True
C27265,P2171,PR0385,F0074,38,M,Medicaid,2,0.87,In-Network,Adjusted,OBGYN,Specialist,59400,G40.909,0,4134.34,820.84,3.21,0,2022-05-17,Outpatient,0.0,True
C27266,P6374,PR0103,F0111,54,M,Medicare,6,2.99,Out-of-Network,Adjusted,Primary Care,Labs,95250,K21.9,0,1493.56,1106.17,0.29,0,2022-02-04,ER,0.0,True
C27272,P7250,PR0320,F0085,81,F,VA,8,1.07,In-Network,Paid,Cardiology,Imaging,27447,I50.9,1,2447.04,855.0,0.94,0,2023-03-11,ER,0.331,True
C27274,P0781,PR0219,F0179,48,M,Medicaid,6,2.6,In-Network,Denied,Cardiology,Labs,59400,I50.9,1,646.26,1774.01,1.01,0,2023-11-22,Outpatient,0.331,True
C27276,P1247,PR0018,F0075,85,F,Medicare,9,1.66,Out-of-Network,Adjusted,Gastroenterology,Labs,59400,K21.9,0,623.81,880.79,0.12,0,2022-03-31,Outpatient,0.0,True
C27339,P7698,PR0119,F0037,22,F,Medicaid,8,0.37,In-Network,Denied,Neurology,Primary Care,73564,J45.909,1,4107.34,1369.46,1.6,8,2022-08-26,Inpatient,0.0,True
C27346,P7250,PR0391,F0041,62,F,Medicaid,4,1.49,In-Network,Adjusted,Gastroenterology,Surgery,99214,E11.65,1,3438.63,1130.05,1.38,0,2023-07-24,ER,0.0,True
C27369,P7077,PR0102,F0118,56,M,Medicaid,11,0.72,In-Network,Adjusted,Endocrinology,Specialist,99213,O80,0,1979.25,782.17,2.69,0,2022-04-24,ER,0.0,True
C27394,P4484,PR0114,F0162,35,F,VA,8,0.96,In-Network,Denied,Endocrinology,Imaging,93010,S83.241A,0,3385.54,801.24,0.44,0,2022-04-13,Outpatient,0.0,True
C27398,P7599,PR0182,F0071,62,F,Medicare,2,1.42,In-Network,Denied,Gastroenterology,Gastroenterology,95250,O80,0,1045.77,20447.03,0.14,0,2022-06-22,Outpatient,0.0,True
C27427,P4517,PR0033,F0169,21,M,Medicaid,2,0.84,In-Network,Adjusted,Dermatology,Labs,99214,K21.9,0,1281.29,1219.14,0.23,0,2023-10-03,Outpatient,0.0,True
C27434,P0937,PR0367,F0165,36,M,Medicaid,7,1.88,In-Network,Denied,Cardiology,Imaging,99285,G40.909,0,234.23,1392.98,0.12,9,2022-07-30,Inpatient,0.0,True
C27446,P0338,PR0185,F0003,32,M,Commercial,1,0.8,Out-of-Network,Denied,Endocrinology,Labs,95250,I21.4,0,965.24,1007.05,0.39,0,2022-04-05,Outpatient,0.0,True
C27448,P4604,PR0245,F0099,15,F,Commercial,3,0.56,Out-of-Network,Adjusted,Dermatology,Labs,99285,I21.4,0,4703.46,2722.42,1.07,0,2023-11-06,ER,0.0,True
C27451,P7879,PR0395,F0164,59,F,Medicaid,11,0.37,Out-of-Network,Paid,Orthopedics,Gastroenterology,95816,O80,0,1779.56,20825.62,0.53,2,2022-04-17,Inpatient,0.0,True
C27454,P3844,PR0069,F0043,84,M,Commercial,9,1.98,In-Network,Adjusted,OBGYN,Surgery,99214,I50.9,1,1670.6,2361.24,0.22,0,2022-07-11,ER,0.331,True
C27459,P3499,PR0038,F0159,14,F,Commercial,4,2.81,In-Network,Adjusted,OBGYN,Surgery,59400,I50.9,1,4650.24,1489.17,1.12,0,2023-08-16,Outpatient,0.331,True
C27461,P1608,PR0407,F0091,53,F,Medicaid,8,2.19,In-Network,Denied,Cardiology,Imaging,27447,E11.9,1,698.06,1543.48,1.22,10,2023-07-24,Inpatient,0.104,True
C27483,P2916,PR0434,F0044,20,M,Medicare,10,1.54,Out-of-Network,Denied,Primary Care,Surgery,99214,O80,0,2070.1,2876.55,0.26,0,2022-08-13,ER,0.0,True
C27484,P0762,PR0169,F0039,76,F,Commercial,8,2.68,Out-of-Network,Adjusted,Endocrinology,Specialist,93000,I50.9,1,4567.87,1209.69,1.7,0,2022-03-19,ER,0.331,True
C27487,P2934,PR0398,F0052,83,M,Commercial,1,2.72,In-Network,Denied,Orthopedics,Labs,93010,G40.909,0,3738.14,4156.07,0.66,10,2023-09-18,Inpatient,0.0,True
C27495,P6508,PR0088,F0200,18,M,VA,4,1.95,Out-of-Network,Denied,Endocrinology,Specialist,99213,O80,0,1082.46,762.03,0.46,2,2022-05-10,Inpatient,0.0,True
C27502,P1219,PR0256,F0019,44,M,Medicaid,11,0.32,In-Network,Paid,Gastroenterology,Primary Care,93010,J45.909,1,4994.93,785.03,14.77,0,2022-05-19,ER,0.0,True
C27514,P0434,PR0050,F0053,59,M,Medicaid,6,1.31,In-Network,Adjusted,Neurology,Labs,73564,E11.65,1,4289.39,1374.98,3.05,1,2023-07-28,Inpatient,0.0,True
C27533,P7849,PR0434,F0147,30,F,Commercial,12,2.49,Out-of-Network,Adjusted,Endocrinology,Gastroenterology,99214,S83.241A,0,4136.37,16739.96,0.89,0,2022-07-19,Outpatient,0.0,True
C27535,P5774,PR0001,F0011,68,M,VA,7,1.05,In-Network,Adjusted,Neurology,Primary Care,95816,E11.9,1,2040.4,1003.55,1.08,9,2023-04-18,Inpatient,0.104,True
C27540,P2767,PR0099,F0095,50,M,Commercial,11,2.3,In-Network,Adjusted,Cardiology,Primary Care,99285,O80,0,2303.21,1241.34,0.5,0,2022-10-05,ER,0.0,True
C27542,P2085,PR0468,F0020,72,F,Medicare,1,1.5,In-Network,Adjusted,Gastroenterology,Surgery,73564,I50.9,1,4619.96,3502.68,0.8,5,2023-08-20,Inpatient,0.331,True
C27572,P7019,PR0287,F0183,35,M,VA,6,0.39,In-Network,Paid,Dermatology,Primary Care,27447,I21.4,0,1992.99,813.51,0.44,0,2022-09-23,ER,0.0,True
C27580,P6679,PR0212,F0117,46,F,Medicare,10,0.58,Out-of-Network,Denied,Orthopedics,Primary Care,99214,M17.11,0,1558.34,1748.46,0.3,0,2023-03-29,ER,0.0,True
C27581,P5445,PR0361,F0071,33,M,VA,7,2.11,Out-of-Network,Paid,Primary Care,Imaging,99285,I21.4,0,4166.43,788.35,1.0,0,2022-01-10,Outpatient,0.0,True
C27597,P7781,PR0064,F0054,16,F,Medicare,7,0.86,In-Network,Paid,Orthopedics,Surgery,95250,I21.4,0,2098.43,780.01,0.92,0,2022-04-25,Outpatient,0.0,True
C27601,P0420,PR0418,F0119,13,F,Medicare,11,0.95,In-Network,Adjusted,Primary Care,Imaging,93000,I50.9,1,2223.8,856.24,0.39,0,2022-09-15,Outpatient,0.331,True
C27608,P7993,PR0300,F0081,81,M,VA,6,0.39,Out-of-Network,Adjusted,Cardiology,Primary Care,59400,O80,0,856.69,981.51,0.46,6,2022-10-24,Inpatient,0.0,True
C27616,P3496,PR0422,F0151,2,F,Commercial,4,0.92,Out-of-Network,Denied,Cardiology,Specialist,99213,M17.11,0,652.6,760.86,0.25,0,2023-05-03,ER,0.0,True
C27619,P4243,PR0323,F0156,85,M,Commercial,8,2.29,Out-of-Network,Denied,Dermatology,Primary Care,73564,O80,0,4880.46,1003.1,4.43,0,2022-09-05,ER,0.0,True
C27622,P6462,PR0166,F0191,54,F,Commercial,9,2.02,In-Network,Adjusted,OBGYN,Labs,59400,O80,0,3433.86,986.3,0.96,0,2022-10-16,Outpatient,0.0,True
C27659,P5085,PR0185,F0145,40,F,VA,4,1.02,Out-of-Network,Adjusted,Dermatology,Surgery,95816,I50.9,1,2412.79,1264.43,0.65,6,2022-10-18,Inpatient,0.331,True
C27666,P4932,PR0164,F0175,28,M,VA,11,0.72,In-Network,Denied,OBGYN,Specialist,99285,K21.9,0,811.33,837.23,0.26,1,2022-02-27,Inpatient,0.0,True
C27677,P4449,PR0130,F0151,25,F,Medicaid,1,0.63,In-Network,Paid,Orthopedics,Imaging,59400,G40.909,0,1409.36,1193.14,1.01,1,2022-01-25,Inpatient,0.0,True
C27679,P1883,PR0005,F0178,45,F,VA,10,1.27,In-Network,Paid,Gastroenterology,Primary Care,27447,I21.4,0,830.34,1201.93,1.58,0,2023-05-04,ER,0.0,True
C27708,P0391,PR0337,F0086,81,M,Medicaid,2,1.17,In-Network,Adjusted,Neurology,Imaging,95816,J45.909,1,1767.15,1066.45,0.65,0,2023-02-06,ER,0.0,True
C27712,P5728,PR0277,F0171,63,F,VA,2,1.98,Out-of-Network,Adjusted,OBGYN,Primary Care,95816,G40.909,0,2385.82,845.92,0.51,9,2022-07-07,Inpatient,0.0,True
C27716,P5786,PR0349,F0100,11,M,Medicaid,12,2.59,Out-of-Network,Adjusted,Endocrinology,Labs,73564,I21.4,0,4038.09,976.56,0.7,0,2023-10-27,Outpatient,0.0,True
C27718,P5547,PR0252,F0109,48,M,Medicare,5,2.67,In-Network,Denied,Dermatology,Surgery,95816,I21.4,0,4103.41,1684.2,1.66,6,2023-07-05,Inpatient,0.0,True
C27719,P1778,PR0459,F0013,32,F,VA,2,2.52,Out-of-Network,Paid,Gastroenterology,Imaging,99285,I21.4,0,2287.75,1020.52,0.3,0,2022-05-13,Outpatient,0.0,True
C27738,P0928,PR0137,F0188,57,M,VA,2,2.35,Out-of-Network,Adjusted,Primary Care,Primary Care,73564,I21.4,0,4419.6,955.63,0.78,0,2022-12-03,ER,0.0,True
C27751,P7438,PR0078,F0171,58,F,Medicaid,4,2.59,Out-of-Network,Denied,Orthopedics,Labs,95250,M17.11,0,3672.73,1076.09,2.74,5,2022-12-23,Inpatient,0.0,True
C27760,P3585,PR0199,F0073,55,M,VA,11,1.99,Out-of-Network,Adjusted,OBGYN,Labs,99213,K21.9,0,3530.74,1264.66,0.78,0,2023-02-25,ER,0.0,True
C27766,P1676,PR0008,F0050,35,M,Medicaid,11,1.5,In-Network,Paid,Neurology,Surgery,99285,E11.65,1,3410.1,937.71,0.58,0,2023-07-15,Outpatient,0.0,True
C27790,P4863,PR0465,F0138,87,M,Medicaid,4,3.0,In-Network,Denied,Primary Care,Imaging,99285,E11.9,1,1031.39,953.27,0.22,1,2023-08-21,Inpatient,0.104,True
C27791,P7049,PR0125,F0176,16,M,Commercial,6,2.87,In-Network,Adjusted,Primary Care,Surgery,59400,E11.9,1,3321.78,2876.84,0.8,0,2022-10-11,ER,0.104,True
C27816,P5843,PR0377,F0162,47,M,Medicare,1,2.89,In-Network,Denied,Gastroenterology,Labs,27447,M17.11,0,281.23,881.4,0.08,0,2023-01-06,ER,0.0,True
C27828,P3779,PR0100,F0171,9,M,VA,1,2.12,Out-of-Network,Denied,OBGYN,Specialist,93000,E11.9,1,2526.01,955.75,0.41,10,2023-10-06,Inpatient,0.104,True
C27829,P0357,PR0035,F0014,20,F,Commercial,2,1.59,Out-of-Network,Denied,Primary Care,Surgery,99214,I50.9,1,4074.02,1091.14,1.51,3,2022-05-18,Inpatient,0.331,True
C27834,P4304,PR0425,F0121,82,M,VA,2,2.68,Out-of-Network,Paid,Gastroenterology,Primary Care,99213,I50.9,1,3950.0,1566.74,0.8,0,2023-10-11,ER,0.331,True
C27836,P3906,PR0138,F0132,12,M,Medicaid,8,0.47,In-Network,Denied,OBGYN,Imaging,73564,E11.9,1,3217.28,823.98,0.42,0,2023-12-18,ER,0.104,True
C27865,P3076,PR0273,F0186,71,F,Medicare,7,0.63,In-Network,Paid,Neurology,Labs,99213,I21.4,0,1146.86,3303.21,0.56,0,2022-07-08,Outpatient,0.0,True
C27871,P3847,PR0095,F0181,85,M,Commercial,6,1.98,In-Network,Adjusted,OBGYN,Gastroenterology,95250,O80,0,3342.0,33506.44,17.8,0,2022-01-27,Outpatient,0.0,True
C27880,P7499,PR0308,F0138,38,F,Medicare,3,1.89,Out-of-Network,Paid,Endocrinology,Surgery,59400,O80,0,1847.58,1074.33,0.93,0,2023-11-25,ER,0.0,True
C27921,P7504,PR0127,F0159,63,M,Medicaid,9,2.64,Out-of-Network,Paid,Cardiology,Labs,73564,E11.65,1,1694.38,3250.45,0.36,0,2022-04-03,ER,0.0,True
C27931,P3020,PR0030,F0172,48,M,Medicaid,11,2.28,In-Network,Paid,Neurology,Gastroenterology,99285,E11.9,1,1615.31,24593.79,0.24,0,2022-12-19,Outpatient,0.104,True
C27948,P3258,PR0413,F0041,84,F,Medicaid,2,0.51,In-Network,Denied,Primary Care,Primary Care,27447,I21.4,0,2754.91,840.81,1.96,0,2022-09-15,Outpatient,0.0,True
C27950,P2778,PR0312,F0138,83,F,Medicaid,4,2.32,In-Network,Adjusted,OBGYN,Labs,95250,J45.909,1,3938.67,1557.79,5.24,0,2023-01-30,ER,0.0,True
C27975,P6222,PR0473,F0167,25,M,Medicare,5,1.35,Out-of-Network,Paid,Primary Care,Imaging,99213,I21.4,0,2203.58,1645.85,0.43,0,2022-02-09,Outpatient,0.0,True
C27986,P7956,PR0352,F0171,37,F,Medicaid,1,2.66,In-Network,Paid,Primary Care,Labs,73564,K21.9,0,3685.81,1669.62,1.73,0,2023-03-15,Outpatient,0.0,True
C28001,P0205,PR0120,F0044,8,M,Medicare,1,2.27,In-Network,Paid,Cardiology,Specialist,99213,M17.11,0,331.08,1059.54,0.07,0,2023-09-28,Outpatient,0.0,True
C28005,P7631,PR0164,F0063,58,F,Commercial,10,2.65,In-Network,Denied,Endocrinology,Labs,99285,I21.4,0,100.11,1063.23,0.02,0,2023-08-17,ER,0.0,True
C28010,P1699,PR0105,F0121,31,M,VA,12,1.77,In-Network,Denied,Neurology,Surgery,93000,S83.241A,0,4858.85,1092.42,0.8,0,2022-12-07,Outpatient,0.0,True
C28020,P7529,PR0325,F0198,57,M,VA,7,0.86,In-Network,Denied,Primary Care,Surgery,93010,J45.909,1,4228.19,934.44,0.58,0,2023-08-13,Outpatient,0.0,True
C28022,P4535,PR0178,F0088,55,M,VA,1,2.24,In-Network,Denied,OBGYN,Specialist,93010,E11.9,1,1607.77,827.98,0.36,0,2022-10-10,Outpatient,0.104,True
C28031,P4343,PR0437,F0192,68,M,VA,10,0.62,In-Network,Denied,Cardiology,Imaging,93010,S83.241A,0,1373.02,790.55,0.32,0,2023-12-12,ER,0.0,True
C28051,P0449,PR0483,F0081,31,M,Medicaid,5,1.0,Out-of-Network,Adjusted,OBGYN,Labs,95250,I50.9,1,193.6,1045.16,0.03,0,2022-06-12,Outpatient,0.331,True
C28057,P0166,PR0037,F0150,78,M,Medicare,2,0.43,Out-of-Network,Paid,OBGYN,Surgery,93000,J45.909,1,4583.01,788.07,0.92,0,2022-08-25,Outpatient,0.0,True
C28061,P1800,PR0406,F0047,35,M,Medicare,8,1.47,Out-of-Network,Denied,Dermatology,Primary Care,93000,M17.11,0,4471.24,961.32,0.57,0,2022-12-05,Outpatient,0.0,True
C28064,P0924,PR0294,F0094,84,M,VA,1,2.25,Out-of-Network,Paid,Dermatology,Specialist,59400,G40.909,0,1311.91,804.04,0.27,0,2023-02-01,ER,0.0,True
C28085,P2185,PR0432,F0179,90,F,VA,11,0.34,Out-of-Network,Adjusted,Endocrinology,Specialist,99214,S83.241A,0,1147.19,1726.65,0.25,0,2023-11-19,Outpatient,0.0,True
C28112,P2434,PR0232,F0045,16,M,Medicare,8,2.73,In-Network,Adjusted,Neurology,Specialist,93010,E11.65,1,1944.94,840.74,0.31,6,2023-01-11,Inpatient,0.0,True
C28114,P1919,PR0220,F0130,61,F,VA,5,2.56,Out-of-Network,Paid,OBGYN,Primary Care,93000,I21.4,0,2602.33,789.47,1.64,0,2023-12-21,ER,0.0,True
C28160,P3754,PR0017,F0107,45,F,Medicaid,4,2.56,In-Network,Adjusted,Orthopedics,Primary Care,99285,I21.4,0,949.53,801.55,0.56,0,2023-08-01,ER,0.0,True
C28163,P4114,PR0344,F0075,21,M,Commercial,12,1.12,In-Network,Adjusted,Gastroenterology,Labs,59400,S83.241A,0,709.1,795.77,0.1,5,2023-01-05,Inpatient,0.0,True
C28169,P0960,PR0462,F0160,84,F,VA,12,0.66,In-Network,Paid,OBGYN,Primary Care,93000,K21.9,0,74.17,1114.27,0.02,0,2023-04-22,Outpatient,0.0,True
C28185,P6210,PR0184,F0073,77,F,Medicaid,4,0.96,In-Network,Adjusted,Dermatology,Primary Care,95816,M17.11,0,62.68,1510.42,0.01,9,2023-10-23,Inpatient,0.0,True
C28206,P3699,PR0486,F0054,63,M,Medicaid,5,0.91,Out-of-Network,Paid,Cardiology,Labs,93000,E11.9,1,3239.24,1236.53,4.41,0,2022-06-08,ER,0.104,True
C28237,P1118,PR0271,F0034,74,F,VA,3,1.89,In-Network,Adjusted,Cardiology,Gastroenterology,93010,M17.11,0,1579.38,980.84,0.36,0,2023-07-29,Outpatient,0.0,True
C28243,P4329,PR0429,F0044,16,M,Commercial,5,1.46,Out-of-Network,Denied,Neurology,Specialist,59400,G40.909,0,1514.02,1655.29,0.45,0,2022-11-03,ER,0.0,True
C28252,P1680,PR0330,F0190,40,M,VA,11,0.85,In-Network,Denied,Orthopedics,Labs,95816,S83.241A,0,1056.78,1089.71,0.2,8,2022-07-14,Inpatient,0.0,True
C28276,P0739,PR0220,F0185,38,F,VA,1,0.99,In-Network,Paid,Primary Care,Labs,93010,I50.9,1,521.67,1209.41,0.08,0,2022-05-18,ER,0.331,True
C28316,P6520,PR0243,F0096,65,F,Medicaid,10,0.65,Out-of-Network,Adjusted,Neurology,Surgery,73564,I50.9,1,133.97,965.71,0.03,4,2022-10-26,Inpatient,0.331,True
C28320,P2187,PR0242,F0095,27,F,Medicaid,4,2.94,In-Network,Paid,Dermatology,Primary Care,95250,I50.9,1,2485.46,857.31,0.32,0,2022-12-07,Outpatient,0.331,True
C28325,P3789,PR0318,F0065,3,F,Commercial,11,1.07,Out-of-Network,Denied,Orthopedics,Specialist,73564,J45.909,1,2573.06,2217.9,2.48,0,2022-06-04,ER,0.0,True
C28349,P3831,PR0410,F0100,88,F,Medicaid,12,0.97,Out-of-Network,Adjusted,Cardiology,Surgery,59400,K21.9,0,2285.25,942.74,0.32,4,2023-06-02,Inpatient,0.0,True
C28353,P3356,PR0283,F0021,72,M,VA,2,1.0,Out-of-Network,Adjusted,Endocrinology,Labs,73564,K21.9,0,3642.76,1602.32,5.12,0,2023-09-28,Outpatient,0.0,True
C28384,P5171,PR0216,F0085,14,M,Medicare,1,1.73,In-Network,Denied,Neurology,Imaging,27447,S83.241A,0,2653.8,1401.47,0.73,9,2023-01-10,Inpatient,0.0,True
C28411,P4357,PR0374,F0180,33,F,VA,1,2.64,Out-of-Network,Denied,OBGYN,Primary Care,93010,E11.65,1,2930.59,1438.9,1.93,7,2023-02-02,Inpatient,0.0,True
C28412,P6708,PR0210,F0092,28,M,VA,7,1.48,Out-of-Network,Denied,Endocrinology,Labs,99213,I21.4,0,235.69,2053.02,0.03,0,2022-04-10,Outpatient,0.0,True
C28416,P6536,PR0500,F0051,23,M,Commercial,2,2.6,Out-of-Network,Paid,OBGYN,Primary Care,95816,E11.65,1,3733.75,901.24,0.71,10,2022-10-18,Inpatient,0.0,True
C28433,P2665,PR0230,F0029,41,M,Commercial,12,1.77,Out-of-Network,Denied,OBGYN,Imaging,93000,I50.9,1,3427.61,1414.03,0.45,0,2022-10-27,ER,0.331,True
C28467,P4880,PR0372,F0187,74,F,VA,6,1.33,In-Network,Adjusted,Cardiology,Labs,95250,K21.9,0,1998.32,931.73,2.49,2,2022-02-27,Inpatient,0.0,True
C28473,P3954,PR0282,F0138,74,M,Medicare,9,2.36,In-Network,Denied,Endocrinology,Surgery,95816,J45.909,1,4019.29,1057.72,1.05,0,2022-05-30,ER,0.0,True
C28476,P3292,PR0386,F0122,45,M,Medicare,1,2.61,Out-of-Network,Denied,Orthopedics,Labs,27447,J45.909,1,1631.54,922.53,0.97,2,2023-04-28,Inpatient,0.0,True
C28491,P2158,PR0255,F0056,66,F,Commercial,10,1.68,In-Network,Denied,Dermatology,Labs,27447,E11.65,1,4277.94,1132.18,0.79,0,2023-06-30,Outpatient,0.0,True
C28509,P5305,PR0048,F0137,82,F,Medicaid,4,2.05,In-Network,Denied,Primary Care,Labs,99214,O80,0,848.69,811.62,0.75,0,2022-10-28,Outpatient,0.0,True
C28516,P3752,PR0212,F0066,64,M,Commercial,3,2.15,Out-of-Network,Paid,Cardiology,Surgery,99285,I50.9,1,3265.63,3691.52,1.23,0,2023-12-01,ER,0.331,True
C28524,P1252,PR0306,F0044,87,F,VA,11,2.63,In-Network,Paid,Neurology,Imaging,99285,M17.11,0,1716.83,1288.15,1.17,0,2023-04-24,Outpatient,0.0,True
C28553,P0653,PR0013,F0198,61,M,VA,9,1.08,Out-of-Network,Adjusted,Endocrinology,Labs,73564,I21.4,0,4850.44,7270.82,1.1,0,2023-09-13,Outpatient,0.0,True
C28574,P3312,PR0217,F0181,58,M,VA,4,2.25,Out-of-Network,Paid,Orthopedics,Labs,93010,O80,0,3758.98,982.32,1.95,5,2023-07-23,Inpatient,0.0,True
C28575,P1205,PR0069,F0036,65,M,VA,6,1.37,In-Network,Denied,Endocrinology,Labs,59400,I50.9,1,665.04,1233.84,1.19,0,2022-10-14,Outpatient,0.331,True
C28584,P6260,PR0208,F0069,37,F,Medicaid,6,1.92,In-Network,Paid,Neurology,Surgery,27447,G40.909,0,4914.66,1963.27,1.55,0,2023-10-02,ER,0.0,True
C28603,P6671,PR0131,F0136,56,F,VA,5,0.6,In-Network,Paid,Neurology,Primary Care,99214,I21.4,0,627.15,2250.6,0.25,10,2022-02-19,Inpatient,0.0,True
C28613,P7968,PR0034,F0159,45,M,VA,8,1.46,In-Network,Adjusted,Dermatology,Surgery,73564,I50.9,1,344.9,896.88,0.1,0,2022-07-09,Outpatient,0.331,True
C28633,P2749,PR0130,F0121,76,F,Medicare,7,2.54,In-Network,Adjusted,Orthopedics,Surgery,27447,M17.11,0,4045.5,791.24,1.82,10,2022-05-19,Inpatient,0.0,True
C28643,P7805,PR0171,F0107,77,F,Medicaid,8,1.43,In-Network,Paid,Dermatology,Labs,27447,G40.909,0,4781.99,1417.01,0.81,0,2023-06-15,Outpatient,0.0,True
C28644,P2098,PR0372,F0029,14,M,Commercial,4,2.52,In-Network,Adjusted,Orthopedics,Labs,99285,O80,0,1842.64,1112.48,0.39,0,2023-12-16,ER,0.0,True
C28656,P5056,PR0472,F0045,46,M,Medicare,4,0.62,Out-of-Network,Paid,Cardiology,Gastroenterology,95816,E11.9,1,3688.1,1023.72,3.34,0,2022-04-07,Outpatient,0.104,True
C28710,P4543,PR0301,F0178,72,M,Commercial,6,1.41,In-Network,Denied,OBGYN,Labs,93000,G40.909,0,4672.9,999.47,1.1,2,2022-02-26,Inpatient,0.0,True
C28711,P7834,PR0229,F0001,32,M,Medicare,1,2.2,In-Network,Paid,Endocrinology,Surgery,95816,I21.4,0,3809.52,774.37,0.51,0,2022-11-10,Outpatient,0.0,True
C28716,P6631,PR0235,F0194,56,M,Commercial,10,2.97,In-Network,Adjusted,OBGYN,Imaging,93000,S83.241A,0,3498.62,1026.57,0.99,0,2023-07-26,Outpatient,0.0,True
C28721,P7216,PR0296,F0063,52,M,Commercial,5,1.55,Out-of-Network,Paid,Endocrinology,Imaging,95816,J45.909,1,2000.93,1107.7,0.27,9,2022-07-13,Inpatient,0.0,True
C28749,P6017,PR0218,F0094,45,F,Commercial,4,2.71,In-Network,Adjusted,Cardiology,Specialist,73564,K21.9,0,2655.45,1354.17,4.18,0,2023-12-20,ER,0.0,True
C28771,P6234,PR0007,F0106,82,M,VA,1,0.67,In-Network,Denied,Dermatology,Primary Care,99213,O80,0,4993.62,900.15,1.03,0,2022-06-06,Outpatient,0.0,True
C28780,P0905,PR0304,F0080,76,M,Medicaid,10,1.52,Out-of-Network,Paid,Gastroenterology,Primary Care,95816,G40.909,0,327.91,2790.26,0.08,0,2022-09-07,ER,0.0,True
C28788,P3194,PR0359,F0130,27,F,Commercial,10,2.72,In-Network,Paid,Orthopedics,Surgery,95816,I50.9,1,1768.86,915.08,0.29,1,2022-02-26,Inpatient,0.331,True
C28812,P5267,PR0471,F0121,82,M,VA,10,1.98,In-Network,Paid,Primary Care,Primary Care,59400,I21.4,0,3056.6,1469.76,1.25,0,2022-04-11,Outpatient,0.0,True
C28853,P5294,PR0139,F0050,60,F,Commercial,10,2.93,Out-of-Network,Denied,Orthopedics,Labs,99214,G40.909,0,2634.02,889.61,1.23,0,2023-05-16,ER,0.0,True
C28914,P5867,PR0449,F0076,6,F,Medicaid,10,1.68,Out-of-Network,Paid,Neurology,Labs,73564,E11.9,1,3040.21,1373.17,1.57,0,2023-01-26,Outpatient,0.104,True
C28950,P4993,PR0112,F0173,74,F,Medicare,4,2.03,Out-of-Network,Denied,Gastroenterology,Imaging,93000,E11.65,1,1488.69,787.21,1.09,6,2022-04-13,Inpatient,0.0,True
C28957,P4310,PR0228,F0151,39,M,VA,7,0.49,Out-of-Network,Denied,Primary Care,Surgery,95250,I21.4,0,4088.96,1184.29,1.42,0,2023-03-29,ER,0.0,True
C28962,P4685,PR0457,F0073,83,M,Medicaid,9,0.94,In-Network,Adjusted,Endocrinology,Imaging,99214,E11.9,1,4093.28,1253.0,0.52,0,2022-04-22,ER,0.104,True
C28965,P3601,PR0156,F0016,37,M,VA,4,0.85,Out-of-Network,Adjusted,OBGYN,Primary Care,95250,M17.11,0,3288.25,912.49,0.52,0,2022-04-12,ER,0.0,True
C28999,P4481,PR0286,F0129,30,F,Commercial,7,2.08,In-Network,Denied,Cardiology,Labs,27447,O80,0,2071.42,1159.72,0.58,0,2023-06-07,Outpatient,0.0,True
C29003,P5775,PR0082,F0019,74,M,Commercial,8,0.93,In-Network,Denied,Neurology,Imaging,95816,E11.65,1,2878.66,5190.44,1.54,6,2022-03-15,Inpatient,0.0,True
C29043,P3065,PR0203,F0172,83,M,Medicare,1,1.86,In-Network,Denied,Cardiology,Specialist,93000,K21.9,0,1592.53,942.94,0.22,0,2023-04-10,ER,0.0,True
C29056,P3890,PR0291,F0086,41,M,Medicaid,12,0.92,Out-of-Network,Paid,OBGYN,Labs,99214,I21.4,0,1215.88,1748.0,0.62,10,2022-07-05,Inpatient,0.0,True
C29073,P6932,PR0419,F0092,10,M,VA,5,2.54,In-Network,Adjusted,Primary Care,Gastroenterology,99213,O80,0,4565.68,887.23,2.22,10,2023-07-04,Inpatient,0.0,True
C29084,P0069,PR0317,F0142,16,F,Medicare,9,1.93,In-Network,Denied,Primary Care,Gastroenterology,99213,J45.909,1,752.7,28219.57,0.18,4,2023-07-23,Inpatient,0.0,True
C29094,P5764,PR0423,F0122,52,M,Medicaid,9,0.46,Out-of-Network,Paid,OBGYN,Gastroenterology,95250,M17.11,0,4681.18,1967.75,0.73,8,2022-10-01,Inpatient,0.0,True
C29109,P4309,PR0417,F0066,28,M,Medicaid,3,1.15,Out-of-Network,Denied,Orthopedics,Labs,73564,E11.65,1,2736.61,1220.8,0.68,0,2022-08-24,ER,0.0,True
C29117,P7795,PR0154,F0005,47,M,VA,9,1.68,In-Network,Adjusted,Endocrinology,Labs,99285,J45.909,1,2703.15,1037.4,0.35,0,2023-04-26,Outpatient,0.0,True
C29141,P0907,PR0281,F0200,38,M,Medicare,11,0.67,In-Network,Denied,Endocrinology,Labs,99214,M17.11,0,2469.16,840.37,1.11,5,2022-01-22,Inpatient,0.0,True
C29146,P2519,PR0288,F0013,41,F,Medicare,9,0.63,Out-of-Network,Adjusted,Endocrinology,Surgery,27447,M17.11,0,3452.65,967.97,0.52,0,2022-01-27,Outpatient,0.0,True
C29152,P1412,PR0336,F0108,49,F,Medicaid,2,1.9,In-Network,Adjusted,Cardiology,Labs,73564,G40.909,0,4923.84,892.43,1.6,0,2023-01-18,Outpatient,0.0,True
C29165,P2395,PR0227,F0020,20,F,VA,2,1.69,Out-of-Network,Adjusted,Cardiology,Imaging,59400,M17.11,0,3460.84,1649.22,3.76,0,2022-12-04,ER,0.0,True
C29175,P0441,PR0019,F0124,54,M,Medicaid,6,0.82,Out-of-Network,Adjusted,Cardiology,Imaging,95816,K21.9,0,179.35,1281.19,1.56,0,2022-05-30,Outpatient,0.0,True
C29176,P6383,PR0144,F0013,53,F,VA,11,2.85,Out-of-Network,Paid,Dermatology,Surgery,27447,K21.9,0,3945.27,830.48,0.78,0,2023-11-03,ER,0.0,True
C29182,P7272,PR0391,F0112,23,F,Commercial,9,0.81,In-Network,Denied,Neurology,Primary Care,93000,I21.4,0,1472.57,889.33,1.25,0,2023-12-14,Outpatient,0.0,True
C29184,P5399,PR0393,F0010,41,F,Commercial,1,0.62,In-Network,Adjusted,Neurology,Imaging,99214,G40.909,0,2326.34,1405.05,1.13,0,2022-12-03,Outpatient,0.0,True
C29187,P7833,PR0268,F0134,31,F,VA,1,2.26,Out-of-Network,Denied,Orthopedics,Specialist,95250,E11.9,1,753.0,1996.95,1.39,0,2022-03-09,ER,0.104,True
C29212,P1041,PR0112,F0161,41,M,Medicaid,10,1.69,Out-of-Network,Paid,Endocrinology,Labs,99213,I50.9,1,4882.36,772.27,15.55,6,2023-09-27,Inpatient,0.331,True
C29224,P6491,PR0051,F0067,52,M,VA,4,2.85,In-Network,Paid,OBGYN,Labs,93000,I50.9,1,2002.42,1560.34,0.27,0,2023-09-30,ER,0.331,True
C29257,P1489,PR0309,F0083,51,M,Medicaid,3,1.33,Out-of-Network,Adjusted,Gastroenterology,Gastroenterology,99213,J45.909,1,4588.11,911.08,4.12,0,2023-07-21,Outpatient,0.0,True
C29265,P7284,PR0045,F0023,88,M,VA,11,0.53,In-Network,Adjusted,Endocrinology,Surgery,95816,E11.9,1,1836.58,911.21,0.55,8,2022-03-19,Inpatient,0.104,True
C29267,P7881,PR0353,F0179,52,F,VA,8,0.95,In-Network,Denied,Gastroenterology,Imaging,93010,M17.11,0,1333.19,3171.87,0.19,0,2022-04-09,ER,0.0,True
C29283,P6489,PR0087,F0058,5,F,VA,3,2.31,Out-of-Network,Paid,Primary Care,Surgery,99213,K21.9,0,959.16,1009.74,0.64,0,2023-08-09,ER,0.0,True
C29305,P2024,PR0074,F0072,14,F,Medicaid,2,2.52,Out-of-Network,Paid,Gastroenterology,Gastroenterology,95816,K21.9,0,761.56,2051.8,0.1,7,2023-08-06,Inpatient,0.0,True
C29307,P2710,PR0145,F0124,73,F,VA,9,1.95,In-Network,Denied,Cardiology,Primary Care,93010,I21.4,0,2681.46,877.7,0.74,8,2023-03-31,Inpatient,0.0,True
C29322,P2116,PR0436,F0180,6,F,Commercial,2,0.84,In-Network,Paid,Endocrinology,Primary Care,93000,O80,0,3850.28,765.53,0.5,0,2022-03-14,ER,0.0,True
C29323,P5821,PR0453,F0083,71,M,Commercial,9,2.07,Out-of-Network,Denied,Endocrinology,Gastroenterology,93010,O80,0,2289.68,34950.72,0.46,0,2022-06-19,ER,0.0,True
C29324,P5149,PR0255,F0127,29,M,VA,11,1.18,Out-of-Network,Denied,Cardiology,Gastroenterology,95250,M17.11,0,4242.51,22594.67,1.16,2,2022-01-15,Inpatient,0.0,True
C29333,P6404,PR0363,F0002,68,M,Medicaid,4,2.14,In-Network,Paid,Endocrinology,Primary Care,95816,E11.65,1,662.05,891.57,0.21,0,2023-03-11,Outpatient,0.0,True
C29338,P0700,PR0211,F0146,36,M,Medicaid,8,2.61,Out-of-Network,Paid,Endocrinology,Primary Care,99214,M17.11,0,4681.12,894.24,2.57,0,2023-07-25,Outpatient,0.0,True
C29355,P3674,PR0371,F0086,14,M,VA,1,2.68,Out-of-Network,Denied,Endocrinology,Primary Care,95250,O80,0,1001.95,973.11,0.69,0,2022-09-27,ER,0.0,True
C29367,P0999,PR0322,F0076,10,F,Medicare,10,0.65,In-Network,Adjusted,OBGYN,Labs,27447,S83.241A,0,3270.84,986.66,1.94,7,2023-05-08,Inpatient,0.0,True
C29382,P5848,PR0120,F0185,84,F,Commercial,3,1.45,Out-of-Network,Denied,Gastroenterology,Surgery,73564,O80,0,2637.55,1501.25,1.15,0,2023-10-31,ER,0.0,True
C29390,P1423,PR0433,F0025,30,M,Medicare,10,1.63,Out-of-Network,Paid,Cardiology,Specialist,59400,I50.9,1,590.93,1027.0,0.08,0,2022-01-23,Outpatient,0.331,True
C29413,P5175,PR0177,F0122,22,F,Medicare,12,1.56,Out-of-Network,Denied,OBGYN,Surgery,27447,O80,0,4816.23,1108.24,0.76,5,2023-11-15,Inpatient,0.0,True
C29414,P0486,PR0086,F0010,19,M,Medicaid,1,0.67,In-Network,Paid,Endocrinology,Specialist,59400,E11.9,1,112.29,806.52,0.1,7,2023-08-23,Inpatient,0.104,True
C29428,P6137,PR0096,F0004,50,F,Commercial,8,2.43,Out-of-Network,Denied,Gastroenterology,Specialist,27447,S83.241A,0,3281.87,1334.31,1.03,0,2023-03-01,Outpatient,0.0,True
C29432,P2903,PR0437,F0129,80,M,Commercial,12,0.57,In-Network,Paid,Cardiology,Primary Care,93000,I50.9,1,3479.98,1089.04,1.13,0,2022-02-08,ER,0.331,True
C29456,P6149,PR0449,F0078,68,M,Commercial,7,0.37,Out-of-Network,Paid,Cardiology,Labs,93010,M17.11,0,708.08,970.48,0.09,0,2022-08-28,ER,0.0,True
C29462,P4014,PR0462,F0186,9,M,Medicare,10,1.43,In-Network,Adjusted,Primary Care,Surgery,95816,K21.9,0,1039.25,962.97,0.15,5,2022-03-19,Inpatient,0.0,True
C29497,P5592,PR0251,F0131,65,M,Medicare,4,1.15,Out-of-Network,Paid,Gastroenterology,Primary Care,95816,S83.241A,0,3823.33,1432.35,0.49,5,2022-08-22,Inpatient,0.0,True
C29500,P4419,PR0092,F0035,83,F,VA,2,0.99,Out-of-Network,Paid,OBGYN,Surgery,99214,E11.65,1,3731.14,1116.67,2.14,0,2023-09-16,Outpatient,0.0,True
C29505,P2387,PR0172,F0180,37,M,VA,8,2.6,Out-of-Network,Paid,OBGYN,Imaging,95816,O80,0,601.69,901.41,0.08,0,2023-09-28,ER,0.0,True
C29537,P1662,PR0413,F0012,53,F,Medicare,8,2.99,In-Network,Adjusted,OBGYN,Imaging,93000,M17.11,0,4764.51,3138.21,0.61,8,2022-10-03,Inpatient,0.0,True
C29542,P1939,PR0200,F0176,1,M,Medicaid,2,2.91,In-Network,Denied,OBGYN,Labs,99214,I50.9,1,95.73,2175.54,0.1,0,2022-11-04,ER,0.331,True
C29571,P6629,PR0087,F0155,11,F,VA,7,2.25,Out-of-Network,Paid,OBGYN,Gastroenterology,93010,E11.65,1,398.84,2232.2,0.07,1,2023-02-24,Inpatient,0.0,True
C29575,P4193,PR0207,F0003,66,F,Medicaid,9,0.71,In-Network,Paid,Neurology,Primary Care,95250,M17.11,0,4816.53,1005.16,5.41,0,2023-08-26,ER,0.0,True
C29582,P1878,PR0287,F0009,34,F,Medicare,8,1.43,Out-of-Network,Paid,Neurology,Labs,27447,K21.9,0,1396.92,1384.19,0.81,0,2022-12-23,ER,0.0,True
C29593,P3612,PR0499,F0093,85,F,Commercial,6,1.42,Out-of-Network,Paid,Primary Care,Surgery,93000,K21.9,0,4556.06,827.18,1.07,9,2022-03-26,Inpatient,0.0,True
C29611,P6425,PR0431,F0135,54,M,Commercial,4,2.92,In-Network,Denied,Cardiology,Specialist,59400,K21.9,0,51.57,1379.61,0.01,0,2022-12-04,ER,0.0,True
C29627,P0713,PR0474,F0019,66,M,Commercial,6,2.28,In-Network,Denied,OBGYN,Imaging,99285,S83.241A,0,2164.93,908.93,0.47,0,2022-07-14,Outpatient,0.0,True
C29637,P1987,PR0222,F0094,76,M,Medicare,12,2.91,Out-of-Network,Paid,Gastroenterology,Labs,93010,I50.9,1,90.94,973.39,0.01,0,2023-07-05,ER,0.331,True
C29645,P4524,PR0271,F0077,85,M,VA,9,0.68,In-Network,Paid,Gastroenterology,Specialist,99285,E11.9,1,3079.23,1070.93,3.77,1,2022-07-28,Inpatient,0.104,True
C29650,P0744,PR0456,F0109,12,F,Medicare,1,2.09,Out-of-Network,Adjusted,OBGYN,Imaging,27447,I50.9,1,381.4,1157.23,0.05,5,2022-02-10,Inpatient,0.331,True
C29671,P1112,PR0265,F0184,68,M,VA,5,0.96,Out-of-Network,Denied,Cardiology,Specialist,99213,K21.9,0,4087.65,886.26,1.29,1,2022-11-19,Inpatient,0.0,True
C29675,P2506,PR0353,F0177,25,F,Medicare,6,1.84,Out-of-Network,Adjusted,Orthopedics,Imaging,93010,G40.909,0,2667.03,1566.3,1.38,0,2023-02-18,ER,0.0,True
C29681,P1088,PR0215,F0180,49,F,Medicare,1,2.59,In-Network,Adjusted,OBGYN,Imaging,95250,I50.9,1,4314.28,1331.36,1.66,0,2022-05-13,ER,0.331,True
C29691,P4986,PR0171,F0088,10,F,Medicare,6,1.45,In-Network,Paid,OBGYN,Specialist,27447,K21.9,0,1589.81,1530.16,0.91,0,2022-10-13,Outpatient,0.0,True
C29695,P1689,PR0472,F0085,66,F,Medicaid,6,0.83,In-Network,Denied,Endocrinology,Imaging,99285,I21.4,0,4886.87,1036.74,0.62,0,2022-08-31,Outpatient,0.0,True
C29697,P7675,PR0076,F0160,62,F,Commercial,4,1.42,Out-of-Network,Paid,Neurology,Primary Care,27447,S83.241A,0,836.1,1017.09,0.25,0,2022-11-02,ER,0.0,True
C29717,P4957,PR0455,F0174,47,M,VA,4,2.94,Out-of-Network,Denied,Orthopedics,Imaging,27447,I21.4,0,4675.52,800.44,0.96,0,2022-01-10,Outpatient,0.0,True
C29735,P2892,PR0386,F0198,32,M,Medicaid,2,0.5,In-Network,Paid,Primary Care,Labs,73564,K21.9,0,373.72,767.13,0.12,7,2023-07-29,Inpatient,0.0,True
C29751,P5721,PR0458,F0010,77,M,Medicare,4,2.82,In-Network,Adjusted,Gastroenterology,Imaging,59400,O80,0,2886.64,940.63,0.84,5,2022-02-09,Inpatient,0.0,True
C29766,P6254,PR0278,F0002,68,F,Medicare,8,1.07,In-Network,Denied,Orthopedics,Surgery,93000,K21.9,0,3813.72,1009.41,1.3,0,2022-04-25,Outpatient,0.0,True
C29769,P5834,PR0024,F0158,8,F,Commercial,1,2.93,Out-of-Network,Adjusted,Gastroenterology,Imaging,93010,S83.241A,0,2561.73,2359.88,0.66,2,2022-10-12,Inpatient,0.0,True
C29795,P5005,PR0104,F0086,19,F,Commercial,9,2.69,In-Network,Adjusted,Gastroenterology,Primary Care,93010,K21.9,0,3839.58,944.58,26.43,8,2022-05-26,Inpatient,0.0,True
C29818,P1972,PR0443,F0154,47,F,VA,12,2.99,Out-of-Network,Denied,Endocrinology,Imaging,99214,I21.4,0,4868.23,1086.65,0.68,0,2023-11-08,Outpatient,0.0,True
C29838,P2704,PR0241,F0184,1,F,VA,10,1.51,Out-of-Network,Denied,Orthopedics,Surgery,99214,I21.4,0,2853.62,807.7,0.39,1,2022-06-27,Inpatient,0.0,True
C29850,P2485,PR0178,F0011,48,F,Commercial,4,2.98,In-Network,Denied,Orthopedics,Imaging,95250,M17.11,0,3773.85,909.67,2.32,0,2023-02-12,Outpatient,0.0,True
C29861,P5611,PR0261,F0045,43,F,Commercial,12,2.29,In-Network,Paid,Neurology,Imaging,99214,K21.9,0,3280.68,1850.24,0.66,0,2022-10-26,Outpatient,0.0,True
C29863,P6166,PR0390,F0001,9,F,Medicare,1,0.82,In-Network,Adjusted,Gastroenterology,Surgery,95816,I21.4,0,971.52,879.82,0.42,0,2023-07-02,ER,0.0,True
C29878,P3614,PR0443,F0072,86,M,VA,9,1.12,In-Network,Adjusted,Primary Care,Labs,59400,G40.909,0,2932.67,972.71,0.81,0,2023-05-19,Outpatient,0.0,True
C29881,P4392,PR0108,F0154,16,M,VA,12,2.74,Out-of-Network,Paid,Primary Care,Specialist,99213,M17.11,0,4709.54,757.32,6.63,4,2023-03-28,Inpatient,0.0,True
C29892,P5165,PR0431,F0062,43,F,Medicaid,6,2.22,In-Network,Denied,Orthopedics,Surgery,27447,G40.909,0,4915.72,1411.71,0.64,0,2022-12-21,Outpatient,0.0,True
C29894,P3316,PR0290,F0040,89,F,VA,12,1.62,In-Network,Adjusted,Neurology,Labs,27447,I21.4,0,3716.65,1308.42,2.74,0,2023-07-01,ER,0.0,True
C29898,P5011,PR0206,F0148,49,M,VA,10,0.46,Out-of-Network,Paid,Neurology,Specialist,99213,S83.241A,0,1674.64,866.53,0.34,0,2023-07-28,Outpatient,0.0,True
C29916,P2810,PR0400,F0006,24,F,Medicare,5,0.99,In-Network,Paid,Endocrinology,Specialist,95250,O80,0,1127.28,1729.38,0.22,9,2022-01-08,Inpatient,0.0,True
C29926,P4198,PR0091,F0105,4,F,Commercial,6,0.55,In-Network,Denied,Cardiology,Labs,95250,O80,0,4593.91,2445.08,0.91,7,2023-07-13,Inpatient,0.0,True
C29928,P5911,PR0239,F0112,45,M,Medicaid,2,0.42,In-Network,Denied,Dermatology,Specialist,95250,K21.9,0,3628.64,1340.8,0.79,0,2023-02-05,Outpatient,0.0,True
C29929,P0249,PR0014,F0156,74,M,VA,5,1.64,Out-of-Network,Denied,OBGYN,Specialist,95250,I50.9,1,3817.96,806.46,0.63,8,2022-09-20,Inpatient,0.331,True
C29955,P3243,PR0301,F0044,21,M,Commercial,7,2.19,Out-of-Network,Denied,Cardiology,Surgery,95816,E11.65,1,1920.38,2090.79,3.31,0,2023-07-12,Outpatient,0.0,True
C29957,P0937,PR0306,F0146,89,M,VA,2,2.08,Out-of-Network,Denied,Gastroenterology,Imaging,27447,I50.9,1,489.43,757.45,0.11,0,2023-01-04,ER,0.331,True
C29977,P5494,PR0417,F0076,41,F,VA,6,1.39,In-Network,Denied,OBGYN,Primary Care,93010,M17.11,0,3106.98,1010.24,1.28,0,2023-04-12,ER,0.0,True
C29990,P5899,PR0138,F0039,76,F,VA,10,2.32,In-Network,Denied,Endocrinology,Gastroenterology,59400,E11.9,1,4137.17,900.51,2.56,2,2023-01-24,Inpatient,0.104,True
C29992,P5982,PR0185,F0175,62,F,Medicaid,4,2.52,In-Network,Denied,Dermatology,Labs,95816,I21.4,0,3248.17,1124.27,0.78,0,2022-09-18,Outpatient,0.0,True
C29997,P3593,PR0139,F0200,57,F,Medicaid,6,1.75,In-Network,Denied,OBGYN,Labs,95816,O80,0,699.34,768.63,0.43,0,2023-09-27,ER,0.0,True
C30033,P5341,PR0289,F0136,51,M,VA,5,1.77,In-Network,Adjusted,Primary Care,Imaging,73564,J45.909,1,4021.54,1031.88,0.67,9,2023-08-14,Inpatient,0.0,True
C30060,P3169,PR0444,F0177,27,M,Medicaid,2,1.06,Out-of-Network,Adjusted,Cardiology,Specialist,93010,I21.4,0,3706.58,986.3,1.39,0,2022-05-06,Outpatient,0.0,True
C30069,P0472,PR0490,F0186,84,M,Medicaid,7,1.46,Out-of-Network,Denied,Cardiology,Labs,95250,K21.9,0,2524.25,1781.39,0.32,3,2023-06-22,Inpatient,0.0,True
C30115,P3152,PR0104,F0117,67,F,VA,9,1.44,Out-of-Network,Paid,Gastroenterology,Primary Care,93010,J45.909,1,4861.99,1330.06,0.71,0,2023-05-18,ER,0.0,True
C30133,P0063,PR0495,F0081,71,F,Medicaid,10,2.78,In-Network,Paid,Endocrinology,Specialist,95250,O80,0,3262.34,1226.17,0.42,0,2022-10-04,Outpatient,0.0,True
C30134,P1640,PR0165,F0051,11,M,Commercial,8,1.33,In-Network,Adjusted,Endocrinology,Primary Care,99214,K21.9,0,202.37,826.96,0.06,7,2023-11-14,Inpatient,0.0,True
C30138,P4771,PR0475,F0143,15,M,Medicaid,7,2.19,Out-of-Network,Denied,Gastroenterology,Primary Care,27447,I50.9,1,4060.6,783.75,3.85,0,2023-01-05,ER,0.331,True
C30150,P6197,PR0305,F0177,13,M,Commercial,11,1.63,In-Network,Paid,Cardiology,Specialist,99214,G40.909,0,1613.84,1139.46,0.21,0,2023-07-16,Outpatient,0.0,True
C30178,P2830,PR0301,F0069,9,M,Medicare,2,2.18,Out-of-Network,Adjusted,Neurology,Primary Care,95250,I50.9,1,3308.56,2714.79,3.44,0,2023-03-17,Outpatient,0.331,True
C30217,P1174,PR0045,F0101,69,M,Commercial,9,1.61,Out-of-Network,Paid,OBGYN,Gastroenterology,73564,J45.909,1,3068.56,43827.86,0.84,0,2022-03-28,Outpatient,0.0,True
C30218,P5223,PR0361,F0090,25,F,Medicare,8,2.41,Out-of-Network,Paid,Dermatology,Surgery,73564,S83.241A,0,3330.65,1379.25,1.79,0,2023-07-01,Outpatient,0.0,True
C30254,P3380,PR0251,F0056,81,F,Medicaid,1,2.36,Out-of-Network,Paid,Cardiology,Imaging,59400,O80,0,4849.0,1164.03,0.71,0,2023-07-01,Outpatient,0.0,True
C30265,P3137,PR0092,F0054,26,F,Commercial,11,1.55,Out-of-Network,Paid,Orthopedics,Primary Care,73564,S83.241A,0,2319.13,864.26,0.39,6,2023-11-21,Inpatient,0.0,True
C30282,P0576,PR0263,F0115,70,M,Medicare,5,2.7,Out-of-Network,Paid,Dermatology,Primary Care,73564,E11.65,1,771.04,1016.66,0.46,8,2023-10-05,Inpatient,0.0,True
C30303,P4049,PR0338,F0118,10,M,Commercial,7,1.05,In-Network,Paid,Orthopedics,Imaging,73564,M17.11,0,3371.06,1558.6,6.21,0,2022-10-02,Outpatient,0.0,True
C30318,P6371,PR0383,F0072,79,F,VA,4,0.68,Out-of-Network,Adjusted,Cardiology,Specialist,73564,I50.9,1,1998.98,1180.17,0.25,0,2022-05-04,Outpatient,0.331,True
C30322,P5461,PR0219,F0001,33,F,VA,11,2.41,In-Network,Denied,Neurology,Primary Care,95250,E11.9,1,457.74,819.32,0.08,0,2023-05-08,Outpatient,0.104,True
C30334,P1093,PR0075,F0023,26,M,Medicare,9,2.76,Out-of-Network,Denied,Cardiology,Labs,93000,M17.11,0,3118.52,1162.59,1.01,0,2023-07-20,ER,0.0,True
C30347,P2486,PR0154,F0121,18,F,VA,7,1.44,In-Network,Adjusted,Dermatology,Primary Care,95250,K21.9,0,2106.03,854.74,1.32,0,2022-07-24,Outpatient,0.0,True
C30348,P3189,PR0243,F0139,36,F,Commercial,5,0.3,In-Network,Denied,Dermatology,Labs,93000,E11.9,1,2153.52,2461.35,0.94,0,2022-05-18,Outpatient,0.104,True
C30357,P2353,PR0471,F0177,62,M,Medicare,10,0.55,Out-of-Network,Adjusted,OBGYN,Labs,95250,I50.9,1,1355.85,2683.35,0.38,0,2023-11-01,Outpatient,0.331,True
C30373,P0600,PR0494,F0153,34,F,Medicaid,2,2.16,Out-of-Network,Denied,Orthopedics,Primary Care,93000,I50.9,1,1090.1,811.9,0.22,0,2022-07-10,Outpatient,0.331,True
C30380,P2583,PR0329,F0155,35,M,Commercial,8,1.48,In-Network,Denied,Gastroenterology,Surgery,95250,I50.9,1,2056.53,1493.07,0.31,3,2022-02-10,Inpatient,0.331,True
C30423,P6808,PR0116,F0176,18,M,Medicare,2,1.71,In-Network,Paid,Primary Care,Primary Care,99214,I21.4,0,1146.18,774.07,0.2,0,2022-11-03,Outpatient,0.0,True
C30427,P1903,PR0163,F0103,17,M,Medicare,5,2.15,In-Network,Paid,OBGYN,Primary Care,93010,S83.241A,0,3331.43,2596.34,2.58,1,2022-09-27,Inpatient,0.0,True
C30439,P1084,PR0221,F0194,20,F,Medicaid,11,1.53,Out-of-Network,Adjusted,Orthopedics,Surgery,99213,K21.9,0,1797.39,2465.01,0.28,2,2022-04-19,Inpatient,0.0,True
C30453,P4945,PR0370,F0142,30,F,Medicaid,5,2.51,In-Network,Denied,Endocrinology,Gastroenterology,27447,K21.9,0,4841.99,29033.61,0.75,4,2022-02-19,Inpatient,0.0,True
C30461,P7117,PR0455,F0066,87,M,VA,4,1.03,Out-of-Network,Denied,Cardiology,Labs,59400,I21.4,0,4378.3,1394.07,0.85,4,2022-10-16,Inpatient,0.0,True
C30483,P3995,PR0252,F0088,47,F,Commercial,5,2.85,Out-of-Network,Adjusted,Endocrinology,Primary Care,93000,K21.9,0,4393.37,4264.47,29.56,0,2022-08-10,ER,0.0,True
C30509,P0157,PR0340,F0123,68,F,Medicare,1,1.06,In-Network,Denied,Gastroenterology,Surgery,73564,I50.9,1,751.56,909.57,0.75,6,2022-11-27,Inpatient,0.331,True
C30512,P5333,PR0085,F0161,50,M,Commercial,3,1.63,In-Network,Denied,Primary Care,Surgery,99285,M17.11,0,1013.72,2838.27,0.35,8,2023-09-10,Inpatient,0.0,True
C30516,P6276,PR0182,F0114,46,M,Commercial,11,2.66,In-Network,Adjusted,Dermatology,Specialist,27447,K21.9,0,2400.44,824.71,0.46,6,2022-02-15,Inpatient,0.0,True
C30518,P6467,PR0032,F0171,73,M,Commercial,2,1.13,Out-of-Network,Paid,Dermatology,Imaging,99285,K21.9,0,2900.85,1047.93,0.45,0,2023-09-16,ER,0.0,True
C30525,P3318,PR0382,F0039,82,F,Commercial,6,1.67,In-Network,Adjusted,Primary Care,Labs,99285,M17.11,0,1501.44,766.29,0.19,10,2023-07-20,Inpatient,0.0,True
C30532,P1803,PR0046,F0037,76,M,Commercial,2,2.12,In-Network,Paid,OBGYN,Primary Care,93010,O80,0,4742.0,847.51,1.08,0,2023-09-04,Outpatient,0.0,True
C30551,P0945,PR0259,F0075,4,M,Commercial,1,2.83,In-Network,Denied,OBGYN,Imaging,59400,G40.909,0,2814.44,1354.91,1.51,0,2023-07-02,Outpatient,0.0,True
C30560,P4888,PR0062,F0106,66,M,Medicare,5,2.6,Out-of-Network,Paid,Cardiology,Primary Care,99214,E11.65,1,3200.6,1441.89,0.5,0,2023-03-17,Outpatient,0.0,True
C30570,P1011,PR0314,F0197,11,M,Commercial,7,1.78,Out-of-Network,Denied,OBGYN,Primary Care,99214,G40.909,0,3581.24,5157.5,0.87,10,2022-09-13,Inpatient,0.0,True
C30578,P7430,PR0308,F0034,42,M,Medicaid,12,0.7,Out-of-Network,Denied,Endocrinology,Primary Care,59400,I21.4,0,2099.88,906.9,0.79,4,2022-08-29,Inpatient,0.0,True
C30587,P2654,PR0396,F0007,61,F,Commercial,4,2.66,In-Network,Paid,Orthopedics,Surgery,73564,M17.11,0,4074.74,1346.94,0.83,0,2022-05-31,ER,0.0,True
C30606,P0297,PR0009,F0023,3,M,VA,2,2.89,Out-of-Network,Paid,OBGYN,Imaging,95816,I50.9,1,3089.71,776.84,1.8,0,2023-12-14,Outpatient,0.331,True
C30618,P1108,PR0458,F0002,26,F,Medicare,3,2.16,In-Network,Adjusted,Endocrinology,Labs,95250,K21.9,0,2970.38,1680.99,0.82,0,2022-01-25,ER,0.0,True
C30628,P2307,PR0302,F0021,38,F,Medicaid,10,0.38,In-Network,Paid,Cardiology,Imaging,73564,I21.4,0,4273.33,2127.86,0.55,0,2023-08-02,Outpatient,0.0,True
C30633,P5268,PR0163,F0172,40,F,Medicaid,11,0.74,In-Network,Adjusted,Neurology,Gastroenterology,59400,J45.909,1,139.64,1895.12,0.02,8,2022-09-14,Inpatient,0.0,True
C30634,P3369,PR0407,F0019,90,M,Medicare,12,2.63,In-Network,Denied,Orthopedics,Primary Care,99213,E11.65,1,4047.98,901.33,2.85,9,2023-03-23,Inpatient,0.0,True
C30636,P1392,PR0096,F0065,85,M,Medicaid,10,2.76,In-Network,Adjusted,Cardiology,Specialist,93010,E11.9,1,2522.46,1604.91,5.13,0,2022-10-13,Outpatient,0.104,True
C30644,P3262,PR0105,F0100,65,M,Medicare,11,1.85,Out-of-Network,Denied,Cardiology,Specialist,73564,I50.9,1,3838.68,803.09,6.78,0,2023-08-14,Outpatient,0.331,True
C30645,P5103,PR0237,F0035,2,F,VA,5,2.49,In-Network,Adjusted,Orthopedics,Specialist,95250,E11.65,1,2901.88,985.49,1.45,0,2023-02-02,ER,0.0,True
C30647,P3969,PR0299,F0197,82,F,VA,1,1.71,In-Network,Adjusted,Dermatology,Surgery,27447,E11.9,1,3743.63,1666.78,1.0,0,2022-02-21,ER,0.104,True
C30659,P4718,PR0253,F0110,19,M,VA,4,1.75,In-Network,Paid,Dermatology,Specialist,93000,E11.65,1,2851.98,1296.8,0.58,2,2022-04-29,Inpatient,0.0,True
C30676,P3514,PR0193,F0087,19,F,Commercial,6,2.25,Out-of-Network,Adjusted,Primary Care,Imaging,27447,O80,0,3869.61,1556.8,1.47,7,2022-04-01,Inpatient,0.0,True
C30691,P5431,PR0413,F0082,60,F,VA,10,2.41,In-Network,Paid,Endocrinology,Surgery,93000,E11.65,1,3874.62,780.88,0.68,0,2022-09-21,Outpatient,0.0,True
C30696,P4818,PR0189,F0103,0,F,VA,6,2.95,In-Network,Denied,Dermatology,Imaging,73564,S83.241A,0,56.57,933.1,0.46,0,2023-09-12,Outpatient,0.0,True
C30698,P2769,PR0207,F0042,59,F,VA,5,2.69,Out-of-Network,Adjusted,Orthopedics,Imaging,95816,O80,0,1824.87,2523.45,0.38,0,2022-11-24,ER,0.0,True
C30700,P7961,PR0448,F0198,41,M,Commercial,11,2.95,In-Network,Paid,Endocrinology,Primary Care,99214,G40.909,0,4813.1,1418.04,4.08,5,2023-06-09,Inpatient,0.0,True
C30703,P7542,PR0484,F0012,47,F,Commercial,9,2.35,In-Network,Adjusted,Primary Care,Primary Care,93000,J45.909,1,4322.04,878.18,1.35,0,2022-06-21,Outpatient,0.0,True
C30706,P2361,PR0332,F0066,11,M,Medicaid,2,0.61,In-Network,Denied,Gastroenterology,Imaging,73564,I50.9,1,592.62,1840.13,0.21,10,2023-05-21,Inpatient,0.331,True
C30710,P6599,PR0032,F0149,5,F,Commercial,6,0.48,Out-of-Network,Paid,Gastroenterology,Imaging,99213,J45.909,1,3897.06,1045.52,0.64,0,2023-03-25,Outpatient,0.0,True
C30711,P2430,PR0038,F0025,73,M,VA,7,2.11,Out-of-Network,Adjusted,Gastroenterology,Imaging,99214,G40.909,0,3328.38,773.37,0.48,10,2023-04-17,Inpatient,0.0,True
C30719,P2399,PR0260,F0016,36,M,Commercial,5,0.61,Out-of-Network,Adjusted,Endocrinology,Primary Care,95250,K21.9,0,4769.3,1191.78,1.42,0,2022-02-09,Outpatient,0.0,True
C30734,P2601,PR0061,F0040,15,F,Medicaid,1,2.07,In-Network,Paid,Gastroenterology,Imaging,93010,K21.9,0,4957.8,816.89,1.48,0,2022-11-17,ER,0.0,True
C30770,P2175,PR0324,F0007,90,F,Medicaid,5,1.71,In-Network,Adjusted,Cardiology,Specialist,73564,G40.909,0,2123.82,962.25,0.33,0,2022-08-03,Outpatient,0.0,True
C30805,P0944,PR0322,F0144,0,F,Medicare,10,2.55,In-Network,Adjusted,Dermatology,Surgery,93000,E11.65,1,4335.41,1014.58,0.82,1,2022-06-12,Inpatient,0.0,True
C30813,P6089,PR0103,F0135,8,M,Commercial,5,2.88,In-Network,Denied,Gastroenterology,Imaging,59400,E11.65,1,3365.52,1053.52,0.76,7,2022-04-18,Inpatient,0.0,True
C30840,P4194,PR0268,F0168,78,M,VA,2,0.81,Out-of-Network,Paid,Orthopedics,Primary Care,59400,G40.909,0,4203.6,952.03,2.91,0,2023-08-16,Outpatient,0.0,True
C30853,P2863,PR0223,F0119,13,F,Medicare,12,2.55,Out-of-Network,Adjusted,Endocrinology,Surgery,95250,E11.65,1,537.76,793.69,0.13,0,2022-09-13,Outpatient,0.0,True
C30875,P0918,PR0033,F0196,79,M,Medicare,7,2.18,In-Network,Denied,Endocrinology,Surgery,99285,M17.11,0,1562.38,893.4,0.25,3,2022-02-02,Inpatient,0.0,True
C30879,P2470,PR0414,F0105,68,F,Medicaid,8,0.57,Out-of-Network,Adjusted,Cardiology,Imaging,99213,O80,0,2899.83,2009.58,0.53,0,2022-01-04,ER,0.0,True
C30885,P3353,PR0072,F0148,4,M,Medicare,3,1.63,Out-of-Network,Denied,Gastroenterology,Specialist,99213,M17.11,0,2282.9,1629.2,0.48,2,2022-03-21,Inpatient,0.0,True
C30888,P2577,PR0416,F0195,12,M,Commercial,11,1.18,Out-of-Network,Paid,Dermatology,Imaging,99285,G40.909,0,2676.55,2000.42,0.58,0,2022-07-02,Outpatient,0.0,True
C30891,P5925,PR0007,F0023,52,F,VA,12,0.89,In-Network,Adjusted,Neurology,Labs,99285,K21.9,0,3566.5,1774.79,0.55,4,2023-09-25,Inpatient,0.0,True
C30897,P1964,PR0089,F0088,59,M,Medicare,4,1.69,Out-of-Network,Adjusted,OBGYN,Specialist,93000,G40.909,0,3249.52,764.89,0.86,6,2023-06-09,Inpatient,0.0,True
C30914,P4348,PR0022,F0071,14,M,VA,3,1.34,In-Network,Paid,OBGYN,Surgery,95250,O80,0,3406.85,1113.28,0.74,0,2023-06-16,ER,0.0,True
C30915,P6104,PR0308,F0072,20,M,Medicare,9,2.87,Out-of-Network,Paid,Primary Care,Labs,99285,E11.9,1,2166.75,2472.09,0.57,0,2023-02-07,Outpatient,0.104,True
C30950,P2496,PR0082,F0046,86,F,Medicaid,11,1.5,Out-of-Network,Adjusted,OBGYN,Gastroenterology,99213,J45.909,1,330.75,1593.17,0.04,2,2022-02-02,Inpatient,0.0,True
C30959,P3258,PR0194,F0082,12,F,Medicaid,12,1.14,In-Network,Adjusted,Primary Care,Specialist,93000,E11.65,1,3059.64,893.18,0.79,0,2022-10-13,Outpatient,0.0,True
C30964,P1101,PR0220,F0193,51,F,VA,4,2.12,Out-of-Network,Adjusted,OBGYN,Imaging,95816,G40.909,0,1245.54,881.05,0.52,3,2023-04-05,Inpatient,0.0,True
C30967,P0284,PR0284,F0064,67,M,Commercial,9,2.92,Out-of-Network,Adjusted,Neurology,Surgery,59400,S83.241A,0,252.4,940.13,0.24,0,2023-04-26,Outpatient,0.0,True
C30972,P7645,PR0238,F0133,21,M,Medicare,10,1.96,In-Network,Adjusted,Neurology,Specialist,93000,K21.9,0,3186.88,3082.76,12.3,4,2022-09-04,Inpatient,0.0,True
C30975,P6068,PR0302,F0123,11,M,Commercial,1,1.05,Out-of-Network,Paid,Primary Care,Surgery,93000,G40.909,0,2148.4,1024.36,0.38,0,2023-08-10,Outpatient,0.0,True
C31007,P1501,PR0373,F0152,6,F,Medicare,12,2.41,In-Network,Adjusted,Neurology,Primary Care,73564,E11.9,1,4405.57,898.21,1.95,0,2022-10-06,Outpatient,0.104,True
C31029,P3829,PR0436,F0123,0,M,Medicare,3,2.9,In-Network,Paid,Primary Care,Surgery,99214,K21.9,0,1413.97,2284.06,0.21,10,2023-07-13,Inpatient,0.0,True
C31031,P1505,PR0153,F0158,32,M,Medicaid,2,0.48,Out-of-Network,Paid,Orthopedics,Imaging,99213,E11.65,1,569.22,1122.58,2.49,0,2023-05-03,Outpatient,0.0,True
C31036,P1350,PR0428,F0143,1,F,Medicare,6,1.27,In-Network,Adjusted,Orthopedics,Primary Care,59400,E11.9,1,1230.48,1146.19,0.44,0,2023-10-30,ER,0.104,True
C31055,P4457,PR0318,F0074,65,F,Medicare,4,2.19,Out-of-Network,Adjusted,Neurology,Specialist,95250,I21.4,0,4219.27,1305.48,0.66,0,2022-03-27,Outpatient,0.0,True
C31056,P2192,PR0450,F0175,14,F,Commercial,8,2.56,In-Network,Denied,Endocrinology,Specialist,95250,K21.9,0,2972.76,883.06,1.33,0,2023-10-20,Outpatient,0.0,True
C31071,P6328,PR0066,F0059,44,M,Medicaid,7,1.44,Out-of-Network,Paid,Gastroenterology,Primary Care,93010,I50.9,1,948.64,848.1,0.48,0,2023-10-18,ER,0.331,True
C31073,P7340,PR0101,F0016,87,F,Medicaid,8,1.55,In-Network,Denied,Cardiology,Primary Care,93000,E11.9,1,1488.9,959.69,1.59,0,2022-03-19,Outpatient,0.104,True
C31086,P2739,PR0319,F0143,46,M,Commercial,5,2.75,In-Network,Adjusted,OBGYN,Surgery,99214,M17.11,0,1151.42,1036.33,0.19,0,2023-10-07,ER,0.0,True
C31089,P1443,PR0051,F0053,33,M,Commercial,3,0.32,Out-of-Network,Adjusted,OBGYN,Gastroenterology,95816,K21.9,0,4558.01,42517.49,1.2,0,2023-11-25,ER,0.0,True
C31094,P5529,PR0333,F0183,4,F,Medicaid,5,2.77,In-Network,Paid,Dermatology,Specialist,27447,K21.9,0,1644.55,897.3,0.81,0,2023-04-20,Outpatient,0.0,True
C31095,P1323,PR0436,F0151,43,F,Medicaid,2,1.38,Out-of-Network,Denied,Dermatology,Specialist,99285,K21.9,0,3898.82,778.88,0.49,0,2023-12-24,Outpatient,0.0,True
C31096,P0132,PR0211,F0170,41,M,Medicare,4,0.67,Out-of-Network,Paid,Orthopedics,Labs,93000,K21.9,0,4063.19,901.7,0.52,0,2023-01-05,ER,0.0,True
C31121,P0943,PR0192,F0133,16,F,VA,4,1.99,Out-of-Network,Denied,Neurology,Imaging,93000,E11.65,1,2078.7,1148.71,0.52,0,2022-07-29,Outpatient,0.0,True
C31126,P6856,PR0449,F0001,35,M,Medicaid,10,2.77,Out-of-Network,Adjusted,OBGYN,Imaging,73564,G40.909,0,1249.08,857.42,2.52,0,2022-08-04,Outpatient,0.0,True
C31129,P4239,PR0165,F0142,61,M,Commercial,2,1.62,Out-of-Network,Adjusted,Orthopedics,Imaging,95816,M17.11,0,4986.16,1241.35,1.1,0,2023-09-01,Outpatient,0.0,True
C31131,P0571,PR0103,F0143,64,M,Medicare,3,1.48,Out-of-Network,Denied,Cardiology,Primary Care,99214,E11.65,1,1650.88,1624.52,0.72,10,2022-11-14,Inpatient,0.0,True
C31149,P7515,PR0062,F0054,68,F,Medicaid,6,1.65,Out-of-Network,Paid,Endocrinology,Primary Care,99214,I50.9,1,2647.01,1508.72,0.46,0,2022-01-20,Outpatient,0.331,True
C31160,P3885,PR0104,F0144,10,F,VA,10,2.53,In-Network,Adjusted,Dermatology,Labs,73564,O80,0,3865.63,866.69,1.1,0,2022-08-19,ER,0.0,True
C31170,P6963,PR0182,F0164,71,M,Medicaid,12,2.32,Out-of-Network,Adjusted,Gastroenterology,Specialist,99213,J45.909,1,3298.46,1157.27,2.27,6,2023-01-18,Inpatient,0.0,True
C31176,P0986,PR0027,F0040,44,F,Medicaid,7,1.18,In-Network,Denied,Dermatology,Specialist,27447,K21.9,0,1631.48,1469.08,0.32,0,2023-06-16,ER,0.0,True
C31193,P5072,PR0100,F0167,51,F,Medicaid,1,1.84,Out-of-Network,Adjusted,Cardiology,Imaging,95250,E11.65,1,1375.95,1764.76,1.98,1,2023-11-04,Inpatient,0.0,True
C31225,P3936,PR0056,F0175,30,M,VA,1,1.76,Out-of-Network,Paid,Orthopedics,Labs,99285,E11.9,1,1376.34,1122.06,0.86,0,2022-04-11,ER,0.104,True
C31231,P0657,PR0370,F0134,51,F,Medicaid,4,0.74,In-Network,Adjusted,Cardiology,Labs,73564,I50.9,1,2304.83,1568.44,6.23,6,2023-02-25,Inpatient,0.331,True
C31245,P3600,PR0238,F0079,4,F,Medicare,8,1.62,In-Network,Adjusted,Neurology,Primary Care,93000,I21.4,0,867.44,1039.09,0.24,0,2023-04-21,ER,0.0,True
C31273,P2606,PR0064,F0008,35,M,Medicare,2,0.89,Out-of-Network,Paid,Neurology,Surgery,99285,K21.9,0,1732.05,1266.9,1.48,1,2023-10-03,Inpatient,0.0,True
C31275,P3669,PR0210,F0152,42,F,Medicaid,1,2.2,In-Network,Adjusted,Endocrinology,Specialist,95250,M17.11,0,2976.27,1828.6,0.43,0,2023-10-08,ER,0.0,True
C31297,P5565,PR0180,F0068,38,M,Medicare,9,1.6,In-Network,Adjusted,Primary Care,Imaging,27447,O80,0,4462.33,757.19,0.64,0,2023-08-05,ER,0.0,True
C31304,P2044,PR0452,F0071,3,M,Medicaid,8,1.3,Out-of-Network,Denied,Cardiology,Labs,27447,G40.909,0,2756.06,771.82,2.07,8,2022-03-07,Inpatient,0.0,True
C31329,P3785,PR0447,F0129,66,F,Medicare,1,1.93,Out-of-Network,Adjusted,Gastroenterology,Specialist,93010,J45.909,1,253.83,762.16,0.11,0,2022-11-04,Outpatient,0.0,True
C31354,P3302,PR0352,F0002,31,F,Medicaid,5,2.34,In-Network,Adjusted,Neurology,Surgery,27447,O80,0,2460.27,2030.12,0.34,0,2022-03-24,Outpatient,0.0,True
C31356,P7845,PR0276,F0146,65,F,Medicare,6,2.51,In-Network,Adjusted,Endocrinology,Surgery,59400,J45.909,1,2530.16,1169.36,0.35,1,2022-03-12,Inpatient,0.0,True
C31370,P5976,PR0345,F0126,55,F,VA,4,2.29,In-Network,Denied,Orthopedics,Gastroenterology,93000,K21.9,0,4037.53,34807.57,0.74,0,2022-08-10,Outpatient,0.0,True
C31378,P0025,PR0483,F0066,84,F,Medicaid,10,2.24,Out-of-Network,Paid,Neurology,Gastroenterology,93010,J45.909,1,3108.45,24489.75,0.39,0,2023-05-07,Outpatient,0.0,True
C31388,P2080,PR0108,F0072,66,M,Medicare,1,2.93,In-Network,Denied,Orthopedics,Labs,99214,J45.909,1,2749.37,861.23,1.72,0,2023-11-13,Outpatient,0.0,True
C31395,P2514,PR0391,F0095,16,M,VA,10,1.41,In-Network,Paid,Neurology,Imaging,99213,S83.241A,0,3472.4,966.89,1.0,2,2022-04-13,Inpatient,0.0,True
C31400,P5839,PR0281,F0002,54,F,Medicare,6,0.97,In-Network,Paid,Gastroenterology,Labs,95250,M17.11,0,3614.28,880.9,0.68,9,2022-07-09,Inpatient,0.0,True
C31408,P3512,PR0492,F0102,77,F,VA,11,2.81,Out-of-Network,Adjusted,OBGYN,Specialist,93010,E11.65,1,4223.0,764.42,0.65,8,2023-03-16,Inpatient,0.0,True
C31421,P0253,PR0410,F0052,7,M,VA,1,2.06,In-Network,Adjusted,Neurology,Primary Care,95816,K21.9,0,1908.04,2148.38,0.47,0,2022-02-02,Outpatient,0.0,True
C31430,P6621,PR0090,F0038,26,F,Medicaid,3,1.27,In-Network,Denied,Orthopedics,Primary Care,93010,I50.9,1,2115.53,994.28,0.32,0,2022-02-26,Outpatient,0.331,True
C31461,P6068,PR0281,F0073,77,M,VA,12,1.84,In-Network,Adjusted,Endocrinology,Labs,59400,E11.65,1,4121.34,935.62,0.57,0,2022-09-16,ER,0.0,True
C31464,P4407,PR0471,F0051,38,M,Medicaid,10,2.29,In-Network,Adjusted,Dermatology,Surgery,99213,M17.11,0,4963.03,1418.2,0.64,0,2022-04-04,ER,0.0,True
C31471,P4779,PR0374,F0049,75,F,Medicaid,7,1.59,Out-of-Network,Paid,Primary Care,Labs,93000,J45.909,1,1894.17,922.16,0.7,8,2023-06-29,Inpatient,0.0,True
C31474,P1321,PR0397,F0070,33,F,Commercial,1,2.94,In-Network,Paid,Endocrinology,Labs,99213,E11.9,1,1886.26,1448.3,4.43,9,2023-12-27,Inpatient,0.104,True
C31484,P6230,PR0496,F0079,87,M,Commercial,12,1.61,Out-of-Network,Paid,Endocrinology,Surgery,99214,S83.241A,0,2020.68,802.3,1.56,9,2023-06-29,Inpatient,0.0,True
C31511,P3830,PR0312,F0079,61,F,Medicare,5,0.56,In-Network,Paid,OBGYN,Primary Care,99285,S83.241A,0,1371.6,999.63,1.1,8,2023-08-31,Inpatient,0.0,True
C31515,P1630,PR0312,F0002,81,F,Medicaid,12,2.19,In-Network,Adjusted,Orthopedics,Primary Care,93000,E11.9,1,2769.57,933.33,1.25,0,2023-08-14,ER,0.104,True
C31540,P6856,PR0392,F0151,77,M,Commercial,2,1.98,In-Network,Denied,Endocrinology,Imaging,99214,O80,0,1171.93,1538.76,0.15,5,2023-04-29,Inpatient,0.0,True
C31564,P2738,PR0003,F0071,20,F,Commercial,2,2.39,Out-of-Network,Paid,Endocrinology,Primary Care,73564,I21.4,0,2343.29,766.2,0.4,0,2022-01-17,ER,0.0,True
C31576,P1653,PR0471,F0078,61,M,Commercial,12,2.96,In-Network,Adjusted,OBGYN,Labs,27447,I21.4,0,67.73,1083.92,0.04,3,2023-04-30,Inpatient,0.0,True
C31579,P6256,PR0118,F0087,27,M,Commercial,12,1.14,Out-of-Network,Denied,OBGYN,Imaging,59400,I21.4,0,906.94,1092.7,0.17,0,2022-10-22,ER,0.0,True
C31613,P3248,PR0119,F0048,62,M,Medicare,12,1.35,Out-of-Network,Denied,Endocrinology,Imaging,93000,M17.11,0,2189.73,1045.69,0.51,5,2023-09-14,Inpatient,0.0,True
C31625,P6077,PR0229,F0129,77,F,Medicaid,6,1.12,Out-of-Network,Denied,Primary Care,Primary Care,93000,I21.4,0,3408.45,828.99,0.5,1,2022-08-16,Inpatient,0.0,True
C31630,P7309,PR0008,F0047,77,F,Medicaid,2,0.79,Out-of-Network,Adjusted,Primary Care,Labs,95250,E11.65,1,2328.75,776.77,1.62,0,2022-03-19,ER,0.0,True
C31641,P3944,PR0435,F0109,41,F,Medicare,3,0.86,Out-of-Network,Denied,Gastroenterology,Specialist,93000,I21.4,0,2592.57,973.84,1.72,1,2022-08-22,Inpatient,0.0,True
C31698,P1954,PR0013,F0009,54,M,Commercial,10,0.42,In-Network,Adjusted,Orthopedics,Primary Care,99214,E11.9,1,3659.07,790.92,0.75,0,2023-09-16,Outpatient,0.104,True
C31713,P3962,PR0089,F0079,63,F,Medicare,5,1.24,In-Network,Denied,Neurology,Specialist,95816,M17.11,0,2419.85,1911.47,0.64,9,2023-08-20,Inpatient,0.0,True
C31764,P7551,PR0255,F0041,87,M,VA,5,1.24,Out-of-Network,Adjusted,Dermatology,Primary Care,93000,O80,0,165.37,864.96,0.02,0,2023-08-05,Outpatient,0.0,True
C31778,P2803,PR0140,F0117,43,F,VA,10,2.21,In-Network,Paid,Endocrinology,Primary Care,27447,S83.241A,0,2868.17,831.19,0.78,0,2022-12-06,ER,0.0,True
C31779,P3222,PR0239,F0052,70,M,Commercial,3,2.07,Out-of-Network,Denied,Neurology,Labs,73564,I21.4,0,1528.41,1587.43,1.38,4,2022-02-10,Inpatient,0.0,True
C31787,P0902,PR0204,F0147,21,F,Medicare,5,1.95,In-Network,Denied,Orthopedics,Imaging,59400,O80,0,159.49,854.03,0.04,0,2022-04-02,ER,0.0,True
C31800,P5787,PR0305,F0149,27,F,VA,3,2.18,In-Network,Paid,OBGYN,Primary Care,99213,E11.65,1,4973.53,1428.51,1.55,0,2023-08-25,ER,0.0,True
C31826,P1601,PR0031,F0050,85,M,Medicaid,7,2.91,In-Network,Paid,Gastroenterology,Primary Care,73564,M17.11,0,518.58,1352.27,0.24,4,2022-05-03,Inpatient,0.0,True
C31831,P1819,PR0488,F0108,65,F,VA,5,1.7,In-Network,Adjusted,Cardiology,Surgery,93000,S83.241A,0,4759.29,821.66,0.87,2,2022-07-12,Inpatient,0.0,True
C31835,P1582,PR0315,F0030,78,M,Commercial,2,1.16,Out-of-Network,Denied,Gastroenterology,Primary Care,99214,J45.909,1,2268.77,2310.88,0.31,0,2023-05-23,ER,0.0,True
C31869,P6881,PR0485,F0098,45,F,VA,3,2.96,Out-of-Network,Denied,OBGYN,Imaging,93000,E11.9,1,2727.3,763.91,0.39,7,2023-12-13,Inpatient,0.104,True
C31874,P0543,PR0319,F0119,49,F,VA,7,2.62,Out-of-Network,Paid,OBGYN,Primary Care,59400,E11.9,1,164.0,2501.45,0.06,0,2023-12-24,ER,0.104,True
C31878,P3048,PR0010,F0011,41,M,Medicare,8,2.24,In-Network,Paid,Neurology,Surgery,99285,G40.909,0,846.37,894.99,0.36,0,2023-06-15,ER,0.0,True
C31879,P0496,PR0262,F0182,7,M,VA,8,1.51,Out-of-Network,Paid,Orthopedics,Imaging,93000,M17.11,0,2999.45,1356.05,0.43,0,2023-09-13,ER,0.0,True
C31885,P5764,PR0179,F0161,43,M,Commercial,12,0.47,In-Network,Paid,Primary Care,Primary Care,73564,S83.241A,0,2899.21,779.14,0.37,1,2022-09-25,Inpatient,0.0,True
C31887,P5895,PR0078,F0105,43,F,Medicare,4,0.73,Out-of-Network,Adjusted,Endocrinology,Specialist,99285,I50.9,1,3102.5,1649.01,0.61,0,2022-09-11,ER,0.331,True
C31900,P7451,PR0013,F0013,3,F,Medicare,8,0.44,In-Network,Denied,Neurology,Imaging,95816,E11.9,1,3750.71,852.62,1.22,0,2022-02-14,ER,0.104,True
C31909,P1036,PR0422,F0041,59,F,VA,12,1.52,In-Network,Denied,Gastroenterology,Imaging,93000,K21.9,0,1322.92,1101.03,0.2,0,2023-05-17,ER,0.0,True
C31917,P7406,PR0175,F0055,85,M,Commercial,11,2.57,Out-of-Network,Paid,Endocrinology,Surgery,73564,I50.9,1,1180.64,1569.48,0.42,2,2023-11-13,Inpatient,0.331,True
C31940,P3356,PR0352,F0044,24,F,Medicaid,8,2.73,In-Network,Paid,Neurology,Primary Care,93010,G40.909,0,4585.31,787.33,0.94,0,2023-12-05,Outpatient,0.0,True
C31943,P1741,PR0079,F0004,24,M,Medicare,9,2.93,Out-of-Network,Denied,Gastroenterology,Surgery,93010,K21.9,0,371.74,812.61,0.08,9,2023-03-05,Inpatient,0.0,True
C31964,P4599,PR0008,F0009,70,F,VA,4,2.49,Out-of-Network,Denied,Cardiology,Labs,93010,E11.9,1,3277.54,1259.16,0.47,9,2023-08-31,Inpatient,0.104,True
C31978,P1170,PR0112,F0159,39,M,Medicaid,6,1.22,In-Network,Adjusted,OBGYN,Surgery,73564,I50.9,1,342.84,1056.84,0.74,0,2023-01-20,Outpatient,0.331,True
C31981,P4138,PR0118,F0071,20,M,Medicare,12,1.62,In-Network,Paid,Primary Care,Imaging,99285,J45.909,1,4277.0,1793.56,0.74,0,2023-09-16,Outpatient,0.0,True
C31986,P0426,PR0140,F0090,68,F,Medicare,2,1.58,In-Network,Denied,Gastroenterology,Primary Care,99285,E11.65,1,1113.39,1086.06,0.27,0,2023-06-01,ER,0.0,True
C31994,P1968,PR0099,F0134,30,M,Commercial,3,2.3,Out-of-Network,Adjusted,Neurology,Primary Care,95250,E11.9,1,2393.52,1614.53,6.16,5,2022-08-29,Inpatient,0.104,True
C31996,P1305,PR0179,F0131,57,M,Medicare,2,0.47,Out-of-Network,Adjusted,Gastroenterology,Imaging,95816,O80,0,2912.7,990.26,0.79,0,2023-04-05,ER,0.0,True
C32014,P2128,PR0316,F0182,80,F,VA,9,1.41,Out-of-Network,Paid,Dermatology,Gastroenterology,93000,M17.11,0,2882.02,943.98,0.92,5,2023-12-14,Inpatient,0.0,True
C32019,P7456,PR0262,F0004,66,M,Commercial,4,2.27,In-Network,Paid,Primary Care,Specialist,59400,I50.9,1,216.03,1045.05,0.23,0,2022-07-21,ER,0.331,True
C32039,P1909,PR0045,F0196,29,M,VA,10,0.85,Out-of-Network,Adjusted,Cardiology,Specialist,95816,I21.4,0,463.88,1637.5,0.16,0,2023-11-05,ER,0.0,True
C32050,P1162,PR0106,F0031,52,F,Medicare,5,0.43,Out-of-Network,Adjusted,Cardiology,Primary Care,99213,I21.4,0,4831.77,1099.88,2.67,0,2023-07-17,Outpatient,0.0,True
C32062,P2150,PR0182,F0146,24,F,Medicaid,6,1.49,In-Network,Adjusted,OBGYN,Primary Care,99214,G40.909,0,3988.94,1193.61,2.21,0,2023-07-23,ER,0.0,True
C32081,P3833,PR0180,F0051,88,F,Commercial,12,2.86,In-Network,Adjusted,Orthopedics,Surgery,93000,I50.9,1,2902.22,1933.28,0.75,0,2022-04-20,ER,0.331,True
C32101,P4849,PR0391,F0184,82,F,Medicaid,7,2.74,In-Network,Paid,Neurology,Primary Care,95250,E11.65,1,4085.78,1699.57,0.68,0,2022-11-01,ER,0.0,True
C32102,P3068,PR0085,F0059,34,M,VA,2,1.4,In-Network,Denied,OBGYN,Imaging,95250,O80,0,3146.07,2276.8,0.4,2,2022-03-22,Inpatient,0.0,True
C32107,P3079,PR0395,F0041,73,F,Commercial,6,2.64,In-Network,Adjusted,Endocrinology,Primary Care,99214,O80,0,4015.23,885.94,0.99,6,2022-09-22,Inpatient,0.0,True
C32130,P0188,PR0205,F0032,20,F,Medicare,9,2.58,In-Network,Paid,Cardiology,Imaging,93010,I21.4,0,1961.28,755.83,0.89,0,2022-03-14,Outpatient,0.0,True
C32137,P4634,PR0341,F0186,89,F,Medicare,1,0.81,Out-of-Network,Adjusted,Cardiology,Specialist,95816,S83.241A,0,2763.88,983.55,0.39,9,2022-12-04,Inpatient,0.0,True
C32187,P3065,PR0446,F0059,38,M,Medicaid,8,1.73,Out-of-Network,Denied,Primary Care,Primary Care,27447,S83.241A,0,4593.0,1649.8,3.83,2,2023-02-07,Inpatient,0.0,True
C32196,P2241,PR0130,F0064,45,M,Commercial,3,2.08,In-Network,Denied,Cardiology,Primary Care,93000,I21.4,0,2980.4,775.77,0.85,0,2022-11-17,ER,0.0,True
C32225,P1473,PR0480,F0187,40,F,Commercial,12,2.98,Out-of-Network,Denied,Neurology,Labs,95250,E11.65,1,3812.51,823.39,0.74,0,2022-03-18,Outpatient,0.0,True
C32228,P0518,PR0244,F0003,27,M,Medicaid,8,1.14,Out-of-Network,Paid,Cardiology,Surgery,27447,I21.4,0,3781.19,1231.2,0.58,0,2022-07-10,Outpatient,0.0,True
C32254,P5508,PR0494,F0172,37,F,Commercial,9,1.32,Out-of-Network,Denied,Orthopedics,Gastroenterology,93000,J45.909,1,3725.81,31991.44,5.45,0,2022-12-07,Outpatient,0.0,True
C32273,P6919,PR0003,F0032,49,F,Medicare,6,1.7,In-Network,Adjusted,Dermatology,Primary Care,27447,G40.909,0,1211.14,1529.42,0.17,1,2023-01-28,Inpatient,0.0,True
C32276,P6920,PR0264,F0162,86,M,Medicare,9,0.42,In-Network,Paid,Gastroenterology,Primary Care,99213,S83.241A,0,476.34,828.54,0.11,0,2022-07-09,ER,0.0,True
C32286,P2375,PR0403,F0098,66,M,VA,6,2.02,Out-of-Network,Denied,Dermatology,Specialist,99213,I21.4,0,408.07,1297.21,0.19,0,2022-02-21,ER,0.0,True
C32307,P5529,PR0197,F0073,35,M,Commercial,10,2.44,Out-of-Network,Denied,Primary Care,Labs,93010,J45.909,1,2015.42,1131.17,0.26,7,2022-11-27,Inpatient,0.0,True
C32312,P2875,PR0011,F0103,67,F,Commercial,12,2.32,Out-of-Network,Paid,Cardiology,Specialist,99213,I21.4,0,2161.97,1426.29,7.05,0,2022-01-28,ER,0.0,True
C32329,P5621,PR0200,F0099,39,F,Medicare,5,1.69,In-Network,Denied,Primary Care,Labs,73564,S83.241A,0,1303.46,799.77,0.23,0,2022-02-05,ER,0.0,True
C32351,P0313,PR0467,F0059,3,F,Medicare,6,0.47,In-Network,Denied,Gastroenterology,Labs,99214,E11.9,1,2364.34,3286.37,0.39,0,2023-12-03,ER,0.104,True
C32365,P5175,PR0398,F0112,80,M,VA,5,0.32,Out-of-Network,Adjusted,Cardiology,Labs,93000,I50.9,1,1965.4,962.94,0.45,0,2022-07-18,ER,0.331,True
C32371,P2615,PR0068,F0050,74,M,Medicaid,10,0.63,In-Network,Adjusted,Orthopedics,Primary Care,99213,O80,0,649.25,2538.19,0.1,0,2022-08-17,ER,0.0,True
C32372,P3482,PR0251,F0128,21,F,Commercial,3,1.33,Out-of-Network,Paid,Orthopedics,Imaging,59400,I50.9,1,71.24,1202.38,0.01,5,2023-11-06,Inpatient,0.331,True
C32379,P3665,PR0015,F0022,74,F,Medicaid,4,1.73,Out-of-Network,Paid,Primary Care,Primary Care,95250,M17.11,0,3793.01,1414.55,0.9,0,2022-10-04,ER,0.0,True
C32411,P6344,PR0287,F0140,80,M,Medicare,7,0.68,Out-of-Network,Adjusted,Orthopedics,Labs,99285,I21.4,0,3078.15,903.67,0.63,8,2023-12-07,Inpatient,0.0,True
C32415,P5989,PR0304,F0006,53,F,Medicaid,12,0.36,Out-of-Network,Paid,Orthopedics,Primary Care,93010,K21.9,0,4064.03,3674.63,0.69,1,2023-06-05,Inpatient,0.0,True
C32428,P4911,PR0464,F0118,10,M,Medicare,5,2.94,Out-of-Network,Denied,OBGYN,Surgery,95250,K21.9,0,319.88,3415.12,0.29,0,2022-12-26,Outpatient,0.0,True
C32435,P6496,PR0186,F0054,85,M,Commercial,9,1.9,Out-of-Network,Paid,OBGYN,Primary Care,95816,G40.909,0,3671.2,1302.94,1.11,0,2023-09-30,Outpatient,0.0,True
C32458,P3381,PR0038,F0150,58,M,Commercial,4,2.85,Out-of-Network,Denied,Gastroenterology,Primary Care,73564,O80,0,4622.93,1180.36,1.78,0,2023-02-08,Outpatient,0.0,True
C32473,P1524,PR0056,F0050,7,F,VA,11,2.83,In-Network,Denied,Cardiology,Imaging,99213,S83.241A,0,4125.92,1589.12,2.19,0,2023-08-15,Outpatient,0.0,True
C32475,P0826,PR0273,F0072,23,F,VA,12,0.86,In-Network,Denied,Primary Care,Labs,93000,K21.9,0,1941.88,997.59,0.67,0,2023-01-06,Outpatient,0.0,True
C32481,P1615,PR0342,F0146,6,M,VA,3,1.04,Out-of-Network,Denied,Dermatology,Primary Care,99285,E11.65,1,508.41,879.82,0.16,0,2023-09-15,ER,0.0,True
C32493,P0578,PR0500,F0134,33,F,Commercial,12,2.79,In-Network,Paid,Neurology,Primary Care,95250,M17.11,0,3339.6,850.04,0.85,0,2022-05-20,Outpatient,0.0,True
C32500,P0868,PR0299,F0101,55,F,VA,2,0.37,In-Network,Denied,OBGYN,Labs,93010,I50.9,1,2653.52,983.73,0.87,0,2022-02-09,Outpatient,0.331,True
C32528,P3095,PR0480,F0023,25,F,Medicaid,1,2.36,Out-of-Network,Denied,Endocrinology,Specialist,95250,K21.9,0,1183.96,1993.25,0.71,0,2022-07-02,ER,0.0,True
C32536,P6325,PR0183,F0146,62,F,VA,1,1.61,Out-of-Network,Denied,Orthopedics,Primary Care,95250,I50.9,1,4639.84,1248.07,0.69,0,2023-05-13,Outpatient,0.331,True
C32540,P2129,PR0210,F0156,7,M,Medicaid,1,2.75,In-Network,Adjusted,Primary Care,Surgery,27447,I50.9,1,232.9,771.9,0.05,0,2022-04-15,Outpatient,0.331,True
C32547,P0522,PR0261,F0006,47,M,Commercial,9,1.76,In-Network,Denied,Cardiology,Labs,27447,O80,0,514.61,1210.22,0.07,7,2022-10-29,Inpatient,0.0,True
C32613,P7068,PR0331,F0108,78,F,Medicare,4,0.58,In-Network,Denied,Endocrinology,Imaging,59400,J45.909,1,1196.52,4742.36,1.55,0,2022-09-29,Outpatient,0.0,True
C32628,P2142,PR0060,F0023,45,M,Commercial,5,1.31,Out-of-Network,Adjusted,Dermatology,Labs,93010,K21.9,0,552.7,2590.07,0.14,0,2023-10-17,ER,0.0,True
C32643,P5008,PR0408,F0068,55,M,VA,8,2.75,Out-of-Network,Paid,Dermatology,Primary Care,99285,I21.4,0,4333.19,930.39,1.09,0,2022-05-27,Outpatient,0.0,True
C32645,P2032,PR0114,F0086,78,M,Commercial,8,1.76,In-Network,Paid,Dermatology,Imaging,95250,M17.11,0,3244.46,1978.9,0.53,2,2022-03-02,Inpatient,0.0,True
C32650,P1499,PR0287,F0200,18,M,VA,4,2.65,In-Network,Denied,Neurology,Labs,99213,O80,0,1087.6,3372.99,0.84,0,2022-04-29,ER,0.0,True
C32659,P3628,PR0462,F0021,82,F,Medicare,11,0.97,Out-of-Network,Denied,Gastroenterology,Labs,99214,S83.241A,0,1770.63,2857.57,0.51,4,2022-04-24,Inpatient,0.0,True
C32665,P6683,PR0451,F0048,83,M,Medicaid,3,1.43,In-Network,Paid,Primary Care,Labs,99285,G40.909,0,4739.53,1077.39,1.33,10,2023-07-30,Inpatient,0.0,True
C32684,P5304,PR0417,F0120,4,M,Medicare,7,0.94,Out-of-Network,Denied,Primary Care,Labs,93000,O80,0,660.78,836.39,0.17,8,2022-06-20,Inpatient,0.0,True
C32689,P0192,PR0420,F0120,40,F,Commercial,1,0.71,Out-of-Network,Denied,Primary Care,Labs,99213,I50.9,1,1526.17,1443.64,0.8,0,2022-01-26,ER,0.331,True
C32725,P4549,PR0092,F0035,2,M,Medicare,3,1.73,Out-of-Network,Paid,Orthopedics,Imaging,99285,G40.909,0,706.78,1641.3,0.19,4,2023-07-22,Inpatient,0.0,True
C32731,P1156,PR0133,F0080,26,F,Medicaid,1,2.63,In-Network,Denied,Primary Care,Primary Care,95250,E11.65,1,2186.61,901.76,0.45,0,2023-11-14,ER,0.0,True
C32747,P4061,PR0303,F0082,80,F,Medicare,2,1.34,In-Network,Denied,Gastroenterology,Surgery,27447,O80,0,1148.51,847.37,2.14,3,2023-08-16,Inpatient,0.0,True
C32751,P0139,PR0240,F0058,11,M,Medicare,3,1.11,In-Network,Adjusted,Cardiology,Specialist,95250,I21.4,0,340.08,776.62,0.1,0,2023-11-01,ER,0.0,True
C32763,P2353,PR0430,F0053,41,F,Medicaid,10,1.14,In-Network,Paid,Primary Care,Imaging,27447,E11.65,1,3122.85,1401.7,0.47,0,2022-07-01,Outpatient,0.0,True
C32764,P5456,PR0189,F0191,88,F,Medicare,2,1.42,Out-of-Network,Paid,Orthopedics,Gastroenterology,27447,M17.11,0,2153.43,1502.68,0.63,7,2022-03-18,Inpatient,0.0,True
C32774,P0510,PR0365,F0173,50,F,Medicare,3,1.88,In-Network,Denied,Cardiology,Imaging,73564,J45.909,1,2173.38,871.57,0.45,0,2023-02-26,Outpatient,0.0,True
C32784,P4754,PR0010,F0151,78,M,Medicare,5,1.37,In-Network,Adjusted,Dermatology,Imaging,99285,G40.909,0,1092.18,1710.27,0.17,0,2022-08-28,ER,0.0,True
C32792,P1921,PR0366,F0020,0,M,Commercial,11,1.49,Out-of-Network,Adjusted,Primary Care,Primary Care,95816,S83.241A,0,164.72,1208.76,0.08,0,2023-09-05,Outpatient,0.0,True
C32801,P1577,PR0377,F0053,61,F,VA,4,0.44,In-Network,Paid,Orthopedics,Primary Care,73564,G40.909,0,3976.59,1220.8,2.26,0,2022-01-20,Outpatient,0.0,True
C32806,P6177,PR0043,F0047,35,M,Medicaid,6,0.52,In-Network,Adjusted,Endocrinology,Labs,95250,E11.9,1,2729.97,1362.9,13.87,0,2022-08-05,Outpatient,0.104,True
C32814,P1650,PR0271,F0141,15,F,Medicare,3,0.89,In-Network,Adjusted,Orthopedics,Surgery,95816,K21.9,0,4637.46,823.02,0.74,1,2023-02-15,Inpatient,0.0,True
C32821,P5712,PR0048,F0108,62,F,Medicare,5,1.38,Out-of-Network,Paid,Dermatology,Surgery,73564,G40.909,0,2303.13,6650.29,2.02,0,2022-03-27,ER,0.0,True
C32885,P0367,PR0028,F0016,54,F,Medicare,2,1.03,In-Network,Denied,Cardiology,Imaging,99213,O80,0,1014.33,1143.81,0.15,0,2022-02-06,ER,0.0,True
C32887,P0432,PR0360,F0138,85,M,Medicaid,11,1.85,Out-of-Network,Adjusted,Dermatology,Primary Care,99213,E11.9,1,949.83,843.57,0.22,4,2023-12-27,Inpatient,0.104,True
C32895,P6647,PR0064,F0177,14,F,VA,2,0.82,In-Network,Paid,OBGYN,Labs,73564,E11.65,1,432.64,2231.05,0.06,6,2022-12-09,Inpatient,0.0,True
C32905,P7954,PR0117,F0096,24,F,Medicare,7,1.77,In-Network,Adjusted,Cardiology,Labs,59400,S83.241A,0,873.25,1692.09,0.23,0,2023-05-15,Outpatient,0.0,True
C32922,P2990,PR0213,F0064,80,M,Medicaid,6,2.59,Out-of-Network,Adjusted,Gastroenterology,Labs,27447,M17.11,0,543.62,775.2,0.99,0,2022-03-08,Outpatient,0.0,True
C32933,P6545,PR0097,F0001,47,M,Medicaid,7,2.41,Out-of-Network,Denied,Dermatology,Primary Care,73564,K21.9,0,153.42,873.17,0.03,2,2023-07-02,Inpatient,0.0,True
C32951,P3190,PR0123,F0114,41,M,Medicaid,1,1.39,Out-of-Network,Denied,Neurology,Specialist,27447,J45.909,1,4668.08,765.48,9.44,0,2023-02-17,Outpatient,0.0,True
C32975,P2476,PR0175,F0132,44,M,Medicare,2,2.46,Out-of-Network,Adjusted,Cardiology,Imaging,99214,K21.9,0,3199.41,1050.32,0.75,5,2023-08-24,Inpatient,0.0,True
C32979,P4586,PR0185,F0029,42,F,Commercial,4,2.9,Out-of-Network,Paid,Gastroenterology,Imaging,93010,E11.65,1,194.58,917.66,0.05,0,2022-10-10,Outpatient,0.0,True
C32984,P1099,PR0051,F0190,13,M,Commercial,5,1.61,In-Network,Denied,Neurology,Labs,93000,G40.909,0,3505.06,788.56,0.78,3,2023-11-19,Inpatient,0.0,True
C33012,P6289,PR0466,F0144,67,M,Medicaid,10,1.67,In-Network,Paid,Cardiology,Gastroenterology,27447,I50.9,1,1830.61,894.2,0.31,4,2023-11-05,Inpatient,0.331,True
C33014,P0935,PR0157,F0173,13,M,Medicaid,12,2.8,In-Network,Adjusted,Gastroenterology,Primary Care,93000,K21.9,0,1640.69,1194.99,2.09,2,2023-10-13,Inpatient,0.0,True
C33020,P7249,PR0086,F0140,2,M,Medicare,1,1.16,Out-of-Network,Paid,Endocrinology,Imaging,93000,O80,0,1987.06,1161.8,0.33,0,2022-05-06,ER,0.0,True
C33024,P4193,PR0101,F0188,8,M,Medicare,10,1.93,In-Network,Paid,Primary Care,Labs,27447,J45.909,1,1634.16,940.11,0.29,0,2023-08-10,ER,0.0,True
C33025,P0441,PR0088,F0197,9,M,VA,10,1.47,In-Network,Paid,Cardiology,Primary Care,59400,G40.909,0,926.22,847.89,0.15,0,2023-04-04,Outpatient,0.0,True
C33028,P4678,PR0355,F0104,52,F,VA,3,0.45,In-Network,Denied,Cardiology,Specialist,95250,O80,0,3615.49,1091.79,2.49,0,2022-10-22,Outpatient,0.0,True
C33038,P4932,PR0269,F0072,77,M,Commercial,7,1.84,In-Network,Adjusted,Dermatology,Surgery,59400,S83.241A,0,4255.83,861.06,1.38,1,2022-12-22,Inpatient,0.0,True
C33062,P2805,PR0496,F0117,74,F,Medicaid,4,1.44,In-Network,Adjusted,Dermatology,Labs,99285,G40.909,0,1593.65,870.3,0.22,1,2022-04-08,Inpatient,0.0,True
C33064,P0660,PR0092,F0070,36,F,Medicaid,8,0.76,Out-of-Network,Paid,Primary Care,Surgery,99213,I50.9,1,1659.6,1331.24,0.79,0,2023-11-15,ER,0.331,True
C33076,P1159,PR0480,F0044,60,F,Commercial,12,2.62,Out-of-Network,Adjusted,Endocrinology,Imaging,99213,I21.4,0,1239.65,3650.62,0.22,10,2023-11-05,Inpatient,0.0,True
C33079,P0027,PR0464,F0042,27,M,Medicaid,6,1.24,Out-of-Network,Adjusted,Orthopedics,Imaging,93010,S83.241A,0,3692.23,2007.82,0.74,1,2022-06-12,Inpatient,0.0,True
C33082,P3671,PR0385,F0168,25,M,Commercial,8,1.35,In-Network,Denied,Cardiology,Specialist,95816,E11.9,1,2257.11,1183.12,0.31,0,2023-03-26,ER,0.104,True
C33087,P1405,PR0315,F0130,56,F,Medicare,4,0.41,Out-of-Network,Denied,Orthopedics,Imaging,73564,O80,0,4350.14,870.76,2.19,1,2022-04-17,Inpatient,0.0,True
C33100,P1948,PR0289,F0107,23,F,Medicare,10,0.48,Out-of-Network,Paid,Primary Care,Primary Care,93010,I21.4,0,1593.47,905.23,0.35,0,2023-09-04,Outpatient,0.0,True
C33115,P4107,PR0212,F0107,49,M,Commercial,5,1.6,In-Network,Paid,Neurology,Labs,93000,K21.9,0,3655.83,1091.36,4.68,2,2022-05-31,Inpatient,0.0,True
C33142,P3897,PR0369,F0159,18,M,Commercial,4,1.6,In-Network,Denied,Endocrinology,Primary Care,99214,K21.9,0,1157.59,1306.96,0.54,0,2022-01-11,Outpatient,0.0,True
C33154,P6008,PR0154,F0003,65,F,Commercial,4,1.44,Out-of-Network,Paid,Dermatology,Labs,93000,O80,0,1037.5,957.08,1.61,4,2023-07-28,Inpatient,0.0,True
C33158,P1821,PR0060,F0156,22,F,Medicare,3,0.57,Out-of-Network,Paid,OBGYN,Gastroenterology,27447,S83.241A,0,878.18,43887.0,0.41,0,2022-09-27,ER,0.0,True
C33180,P0805,PR0032,F0180,8,F,Medicare,9,2.52,In-Network,Denied,Cardiology,Imaging,99213,S83.241A,0,4207.93,894.3,1.15,0,2023-11-02,ER,0.0,True
C33186,P2225,PR0364,F0124,20,F,Medicaid,8,2.52,In-Network,Adjusted,Neurology,Labs,99285,K21.9,0,2425.99,865.08,0.63,0,2022-09-16,Outpatient,0.0,True
C33201,P7803,PR0435,F0074,35,F,Commercial,3,2.72,Out-of-Network,Paid,Gastroenterology,Primary Care,93010,J45.909,1,1423.77,787.24,0.31,7,2023-08-20,Inpatient,0.0,True
C33217,P3447,PR0050,F0132,57,M,Medicaid,10,1.86,Out-of-Network,Paid,Gastroenterology,Specialist,99213,I50.9,1,4440.76,861.0,1.41,2,2022-01-13,Inpatient,0.331,True
C33233,P6528,PR0004,F0017,79,F,VA,9,2.44,In-Network,Adjusted,OBGYN,Primary Care,93010,J45.909,1,3448.58,1242.74,0.47,0,2022-12-21,ER,0.0,True
C33247,P1119,PR0228,F0194,2,M,VA,1,2.91,In-Network,Denied,Gastroenterology,Surgery,95816,I21.4,0,2629.17,1227.03,0.91,7,2023-10-31,Inpatient,0.0,True
C33267,P6058,PR0310,F0098,72,F,Medicare,3,0.32,Out-of-Network,Denied,Orthopedics,Primary Care,27447,G40.909,0,3604.45,1713.58,1.77,7,2023-12-17,Inpatient,0.0,True
C33277,P5602,PR0057,F0153,51,F,Commercial,10,2.96,Out-of-Network,Denied,Cardiology,Labs,99214,O80,0,4761.16,822.62,1.2,0,2023-03-24,ER,0.0,True
C33281,P7094,PR0489,F0140,57,M,Medicare,10,1.86,In-Network,Adjusted,Orthopedics,Imaging,93010,K21.9,0,345.51,1810.79,0.1,0,2022-06-06,ER,0.0,True
C33286,P5863,PR0220,F0011,7,F,Medicare,10,0.39,In-Network,Adjusted,Neurology,Imaging,93010,E11.65,1,2663.44,1428.64,0.63,0,2022-03-24,ER,0.0,True
C33288,P0409,PR0163,F0040,2,F,Commercial,3,0.7,In-Network,Adjusted,Dermatology,Gastroenterology,27447,S83.241A,0,776.14,1382.92,0.32,0,2023-05-27,ER,0.0,True
C33294,P1853,PR0032,F0121,32,F,Medicaid,8,0.41,Out-of-Network,Denied,Primary Care,Specialist,99214,S83.241A,0,3063.66,822.52,0.4,0,2023-04-05,ER,0.0,True
C33299,P1277,PR0056,F0165,77,M,Commercial,11,1.12,In-Network,Adjusted,Cardiology,Labs,27447,I50.9,1,3083.41,1662.68,0.51,0,2023-01-25,Outpatient,0.331,True
C33306,P3513,PR0022,F0160,78,F,Commercial,2,1.25,Out-of-Network,Adjusted,Primary Care,Labs,99285,K21.9,0,3723.57,1291.28,1.14,0,2023-06-14,ER,0.0,True
C33308,P5597,PR0419,F0037,56,F,Commercial,8,2.59,Out-of-Network,Paid,Orthopedics,Surgery,95250,I21.4,0,4776.75,2419.86,1.81,6,2023-02-13,Inpatient,0.0,True
C33321,P0308,PR0254,F0088,69,F,VA,11,1.31,In-Network,Adjusted,Gastroenterology,Surgery,93000,M17.11,0,2302.46,7538.91,6.31,0,2022-02-25,Outpatient,0.0,True
C33335,P0096,PR0037,F0166,45,F,Medicaid,10,0.85,In-Network,Adjusted,Dermatology,Gastroenterology,99285,I50.9,1,4797.16,17668.31,2.09,0,2022-10-20,ER,0.331,True
C33338,P0152,PR0417,F0168,33,F,VA,1,2.55,Out-of-Network,Paid,Gastroenterology,Specialist,27447,E11.65,1,3294.62,803.65,1.42,0,2022-08-26,Outpatient,0.0,True
C33340,P2065,PR0087,F0158,23,F,Commercial,6,0.98,In-Network,Adjusted,Orthopedics,Labs,95250,E11.9,1,2048.73,880.23,0.32,0,2023-07-18,Outpatient,0.104,True
C33349,P7087,PR0330,F0025,26,F,Medicaid,7,0.79,Out-of-Network,Adjusted,Dermatology,Labs,27447,O80,0,128.25,1282.93,0.04,0,2022-05-23,ER,0.0,True
C33355,P6146,PR0372,F0085,56,M,Medicaid,3,2.89,In-Network,Denied,Orthopedics,Labs,95250,I50.9,1,2900.4,810.82,0.4,8,2023-11-28,Inpatient,0.331,True
C33368,P6101,PR0147,F0119,86,M,VA,2,0.45,Out-of-Network,Denied,Primary Care,Surgery,27447,I50.9,1,1952.84,1106.12,0.88,1,2022-12-25,Inpatient,0.331,True
C33392,P1581,PR0093,F0023,4,M,VA,3,2.39,In-Network,Denied,Endocrinology,Surgery,99214,I50.9,1,68.46,1819.49,0.01,0,2022-02-16,ER,0.331,True
C33411,P1523,PR0203,F0019,22,M,Medicaid,9,0.52,In-Network,Denied,Neurology,Surgery,99213,G40.909,0,3607.31,905.56,0.46,10,2023-02-28,Inpatient,0.0,True
C33417,P3984,PR0139,F0119,82,F,Commercial,11,2.66,In-Network,Paid,Orthopedics,Imaging,59400,O80,0,3015.06,1070.19,0.43,9,2023-08-05,Inpatient,0.0,True
C33422,P1778,PR0362,F0151,55,M,Medicaid,2,0.76,In-Network,Adjusted,Neurology,Surgery,93010,I21.4,0,4817.61,799.52,1.47,0,2022-06-03,Outpatient,0.0,True
C33428,P3066,PR0432,F0183,80,F,VA,9,2.78,In-Network,Adjusted,Neurology,Labs,73564,E11.9,1,2028.76,1103.49,0.52,0,2022-04-27,Outpatient,0.104,True
C33434,P4345,PR0269,F0061,22,M,Medicaid,6,2.51,In-Network,Denied,Cardiology,Labs,95816,I50.9,1,4099.48,961.05,0.55,0,2022-11-20,Outpatient,0.331,True
C33448,P6683,PR0489,F0042,44,F,Medicare,8,1.38,Out-of-Network,Paid,Neurology,Gastroenterology,99213,G40.909,0,4254.45,36978.75,0.99,0,2023-09-02,Outpatient,0.0,True
C33465,P3619,PR0166,F0183,67,M,Medicaid,7,2.0,In-Network,Paid,Neurology,Surgery,93010,K21.9,0,4725.18,867.11,1.16,6,2023-04-03,Inpatient,0.0,True
C33472,P7851,PR0382,F0155,58,F,Medicare,3,0.55,In-Network,Paid,Primary Care,Primary Care,93010,S83.241A,0,2886.14,1683.24,0.8,0,2022-03-12,Outpatient,0.0,True
C33482,P2109,PR0091,F0181,23,M,Medicare,11,2.42,In-Network,Denied,Gastroenterology,Primary Care,95250,S83.241A,0,662.88,1087.77,0.09,4,2022-01-09,Inpatient,0.0,True
C33490,P5674,PR0481,F0162,39,F,Commercial,3,1.1,Out-of-Network,Paid,Dermatology,Specialist,93000,S83.241A,0,296.92,2074.15,0.27,0,2023-09-22,Outpatient,0.0,True
C33509,P3274,PR0083,F0110,61,M,Medicaid,8,0.9,Out-of-Network,Paid,OBGYN,Surgery,95250,K21.9,0,2166.37,1448.49,0.56,4,2023-11-04,Inpatient,0.0,True
C33513,P0195,PR0222,F0178,89,M,VA,7,2.54,In-Network,Paid,Primary Care,Surgery,73564,E11.9,1,2357.2,889.35,0.3,0,2023-04-23,ER,0.104,True
C33514,P5410,PR0156,F0194,77,F,Medicare,5,2.26,In-Network,Adjusted,Endocrinology,Specialist,59400,J45.909,1,3230.23,2047.55,9.96,5,2023-09-25,Inpatient,0.0,True
C33519,P3870,PR0166,F0105,36,M,VA,12,2.99,In-Network,Denied,Endocrinology,Specialist,95816,G40.909,0,861.95,1186.84,0.26,6,2022-03-26,Inpatient,0.0,True
C33545,P3001,PR0239,F0118,17,M,Medicare,11,1.05,In-Network,Adjusted,Dermatology,Labs,95816,G40.909,0,4570.19,774.83,1.2,9,2023-05-18,Inpatient,0.0,True
C33549,P5182,PR0449,F0018,0,M,Medicare,3,2.71,Out-of-Network,Paid,Dermatology,Imaging,99213,M17.11,0,3266.03,954.08,0.5,1,2023-11-26,Inpatient,0.0,True
C33551,P6097,PR0175,F0076,32,M,Medicaid,10,1.85,Out-of-Network,Denied,Primary Care,Labs,99214,I50.9,1,1178.54,852.23,0.43,4,2022-05-03,Inpatient,0.331,True
C33594,P4926,PR0090,F0172,87,M,Commercial,8,1.52,In-Network,Denied,Gastroenterology,Labs,27447,J45.909,1,942.84,1030.89,0.5,0,2022-10-15,ER,0.0,True
C33603,P5381,PR0002,F0171,76,M,Medicare,4,2.68,In-Network,Denied,Gastroenterology,Specialist,93000,I21.4,0,2754.86,2303.15,1.05,6,2023-07-12,Inpatient,0.0,True
C33607,P0871,PR0269,F0013,20,F,Medicaid,9,2.67,Out-of-Network,Denied,Endocrinology,Imaging,95250,S83.241A,0,4358.8,1714.49,1.18,0,2023-12-24,ER,0.0,True
C33615,P3460,PR0474,F0060,74,F,Commercial,1,1.55,Out-of-Network,Denied,Primary Care,Specialist,93010,I21.4,0,2595.42,1898.61,1.19,0,2023-06-14,ER,0.0,True
C33617,P7124,PR0147,F0053,86,F,Medicare,3,0.54,Out-of-Network,Denied,Dermatology,Labs,93000,M17.11,0,2105.78,1119.05,0.44,2,2022-07-24,Inpatient,0.0,True
C33620,P6450,PR0078,F0162,69,F,Medicare,11,2.9,Out-of-Network,Paid,Gastroenterology,Labs,93000,J45.909,1,138.9,1179.0,0.06,0,2023-10-06,Outpatient,0.0,True
C33647,P7653,PR0102,F0134,84,F,VA,6,1.5,Out-of-Network,Paid,Dermatology,Gastroenterology,95816,K21.9,0,4351.55,1885.38,0.67,0,2023-11-11,Outpatient,0.0,True
C33658,P5938,PR0415,F0158,26,M,Commercial,1,0.86,In-Network,Paid,Primary Care,Labs,99214,E11.9,1,1212.0,2045.72,0.17,0,2022-10-06,Outpatient,0.104,True
C33676,P7031,PR0390,F0150,77,M,Medicare,5,1.9,Out-of-Network,Adjusted,OBGYN,Primary Care,93010,K21.9,0,702.65,1460.36,0.09,0,2023-05-11,Outpatient,0.0,True
C33679,P3837,PR0473,F0173,4,M,VA,12,2.96,Out-of-Network,Paid,Primary Care,Primary Care,73564,E11.9,1,2951.84,815.98,0.69,0,2022-09-27,Outpatient,0.104,True
C33684,P3715,PR0350,F0101,58,M,Medicare,5,0.59,Out-of-Network,Denied,Orthopedics,Labs,73564,S83.241A,0,3465.83,994.27,0.62,0,2023-09-13,ER,0.0,True
C33698,P2279,PR0183,F0017,5,M,Medicare,5,0.67,Out-of-Network,Denied,Gastroenterology,Labs,95250,I50.9,1,178.46,930.41,0.13,0,2023-11-21,ER,0.331,True
C33706,P5782,PR0413,F0177,2,F,Medicare,4,1.44,In-Network,Adjusted,Cardiology,Surgery,95816,G40.909,0,3173.71,764.35,0.44,4,2023-07-15,Inpatient,0.0,True
C33708,P1271,PR0188,F0105,50,F,Medicaid,5,0.87,Out-of-Network,Paid,Orthopedics,Surgery,99213,S83.241A,0,2769.87,771.33,3.88,0,2023-05-10,Outpatient,0.0,True
C33712,P5516,PR0483,F0102,63,F,VA,8,2.95,In-Network,Denied,OBGYN,Primary Care,93000,G40.909,0,324.91,831.8,0.19,0,2023-03-30,Outpatient,0.0,True
C33752,P2365,PR0135,F0048,56,M,Medicare,11,0.79,In-Network,Paid,OBGYN,Imaging,93000,I50.9,1,4086.96,1112.17,0.78,3,2022-11-16,Inpatient,0.331,True
C33753,P7601,PR0394,F0193,58,F,Medicare,10,1.89,In-Network,Denied,Orthopedics,Labs,99285,E11.9,1,570.95,1081.7,0.11,0,2023-11-17,ER,0.104,True
C33759,P3992,PR0392,F0070,9,M,Commercial,1,2.02,Out-of-Network,Adjusted,OBGYN,Imaging,93000,M17.11,0,3684.05,2041.3,0.49,0,2023-06-27,Outpatient,0.0,True
C33782,P3154,PR0420,F0200,61,M,Medicaid,9,2.57,Out-of-Network,Paid,Dermatology,Primary Care,99214,I50.9,1,2918.44,941.58,2.91,0,2022-10-25,ER,0.331,True
C33788,P7445,PR0040,F0121,50,F,Medicaid,5,1.8,Out-of-Network,Adjusted,Orthopedics,Imaging,99213,K21.9,0,4970.29,847.08,11.57,0,2022-03-06,ER,0.0,True
C33803,P5115,PR0455,F0011,20,F,Medicare,10,2.37,In-Network,Adjusted,OBGYN,Gastroenterology,93000,M17.11,0,53.12,1259.05,0.31,3,2022-10-30,Inpatient,0.0,True
C33809,P4312,PR0310,F0005,21,M,Medicare,6,1.57,In-Network,Denied,Primary Care,Primary Care,73564,I50.9,1,2661.66,872.41,0.61,9,2023-03-04,Inpatient,0.331,True
C33811,P2222,PR0415,F0179,22,M,Medicaid,6,1.72,Out-of-Network,Paid,Endocrinology,Labs,99214,I21.4,0,2660.22,844.53,0.6,0,2022-06-11,Outpatient,0.0,True
C33812,P0645,PR0180,F0090,38,F,Commercial,1,2.26,Out-of-Network,Adjusted,Neurology,Specialist,99285,E11.9,1,3531.29,1486.1,0.45,3,2023-07-08,Inpatient,0.104,True
C33823,P1169,PR0274,F0029,24,M,Commercial,2,2.6,Out-of-Network,Adjusted,Gastroenterology,Specialist,99214,G40.909,0,3930.66,1628.29,0.75,0,2023-10-21,ER,0.0,True
C33838,P0054,PR0316,F0141,82,F,Medicaid,2,0.79,In-Network,Paid,Endocrinology,Specialist,27447,O80,0,3048.05,940.59,0.89,0,2023-06-07,ER,0.0,True
C33839,P4294,PR0208,F0044,71,M,Commercial,11,0.56,Out-of-Network,Denied,Neurology,Labs,93010,M17.11,0,1114.12,2287.89,1.45,6,2022-02-20,Inpatient,0.0,True
C33841,P7489,PR0284,F0180,48,F,Commercial,7,1.78,Out-of-Network,Paid,Cardiology,Labs,99285,O80,0,4002.23,778.61,0.51,0,2022-09-10,ER,0.0,True
C33854,P3768,PR0148,F0196,78,F,Medicare,4,1.96,In-Network,Paid,Primary Care,Gastroenterology,99213,O80,0,1477.87,26892.6,0.25,0,2022-11-03,ER,0.0,True
C33886,P4151,PR0473,F0081,38,M,Medicare,12,1.13,In-Network,Denied,Endocrinology,Specialist,99213,J45.909,1,1667.27,935.72,0.26,0,2023-09-05,ER,0.0,True
C33890,P1113,PR0345,F0019,85,M,Commercial,6,1.76,In-Network,Paid,Primary Care,Specialist,27447,S83.241A,0,1541.64,945.12,0.56,0,2022-12-05,Outpatient,0.0,True
C33895,P0579,PR0142,F0101,64,F,Commercial,12,0.95,Out-of-Network,Paid,OBGYN,Labs,99213,E11.65,1,225.69,765.65,0.03,0,2022-03-01,ER,0.0,True
C33913,P1532,PR0173,F0086,38,F,Commercial,5,0.58,Out-of-Network,Paid,Dermatology,Specialist,93000,K21.9,0,3819.61,1074.03,1.37,0,2023-10-09,ER,0.0,True
C33917,P6265,PR0224,F0022,27,F,Medicaid,2,1.34,Out-of-Network,Adjusted,Endocrinology,Primary Care,95250,S83.241A,0,414.42,1527.23,2.83,0,2022-01-11,Outpatient,0.0,True
C33925,P0496,PR0203,F0193,37,M,VA,7,0.98,Out-of-Network,Denied,Orthopedics,Primary Care,59400,S83.241A,0,3708.52,1423.64,1.42,0,2022-09-23,Outpatient,0.0,True
C33952,P1137,PR0315,F0147,48,F,Medicaid,9,2.42,Out-of-Network,Adjusted,OBGYN,Imaging,99285,K21.9,0,2810.95,1196.2,1.34,5,2023-04-04,Inpatient,0.0,True
C33958,P1489,PR0061,F0022,59,F,VA,9,1.62,In-Network,Paid,Cardiology,Imaging,27447,S83.241A,0,2320.52,5091.2,0.48,0,2022-10-30,ER,0.0,True
C33963,P2359,PR0317,F0116,74,F,VA,1,1.95,Out-of-Network,Paid,Dermatology,Imaging,99214,I21.4,0,3618.48,827.8,0.57,0,2022-11-10,Outpatient,0.0,True
C33965,P3401,PR0404,F0192,78,F,Medicare,4,1.25,Out-of-Network,Adjusted,Gastroenterology,Imaging,95816,I50.9,1,644.04,867.88,1.01,0,2023-09-30,Outpatient,0.331,True
C33974,P6896,PR0023,F0119,21,F,Medicare,9,0.64,Out-of-Network,Denied,Orthopedics,Imaging,95816,G40.909,0,1771.66,1262.83,5.68,0,2022-06-27,ER,0.0,True
C34001,P0605,PR0403,F0079,47,M,Medicaid,5,2.76,Out-of-Network,Denied,OBGYN,Specialist,99213,S83.241A,0,1138.63,1588.04,2.26,0,2023-11-14,ER,0.0,True
C34020,P2843,PR0030,F0028,4,M,Commercial,6,1.16,In-Network,Paid,Neurology,Labs,27447,S83.241A,0,4651.69,1083.79,0.86,0,2023-10-08,Outpatient,0.0,True
C34025,P4133,PR0014,F0081,45,M,Medicaid,8,0.46,Out-of-Network,Adjusted,Orthopedics,Primary Care,95250,G40.909,0,4887.64,760.79,0.73,10,2022-11-30,Inpatient,0.0,True
C34038,P7876,PR0214,F0065,79,M,Medicare,12,2.2,Out-of-Network,Paid,OBGYN,Imaging,95250,G40.909,0,743.4,1147.76,0.2,0,2022-09-15,ER,0.0,True
C34044,P7282,PR0017,F0048,68,F,Medicaid,5,2.96,In-Network,Adjusted,Dermatology,Imaging,73564,I21.4,0,2134.55,756.18,0.91,10,2022-11-17,Inpatient,0.0,True
C34065,P6626,PR0428,F0126,86,M,Medicaid,7,1.39,Out-of-Network,Denied,Cardiology,Primary Care,99213,I21.4,0,176.61,1565.7,0.15,10,2022-01-24,Inpatient,0.0,True
C34071,P6056,PR0171,F0050,58,M,Medicaid,5,0.83,In-Network,Denied,Endocrinology,Primary Care,59400,S83.241A,0,4246.93,1802.2,1.23,0,2022-03-04,Outpatient,0.0,True
C34073,P0416,PR0237,F0162,69,M,Medicare,1,2.2,Out-of-Network,Denied,Gastroenterology,Specialist,99213,S83.241A,0,2595.49,1025.15,0.51,9,2022-05-19,Inpatient,0.0,True
C34077,P4372,PR0474,F0091,38,F,VA,12,1.49,Out-of-Network,Paid,Neurology,Labs,99213,I50.9,1,1130.91,2453.23,1.84,5,2023-01-17,Inpatient,0.331,True
C34092,P6787,PR0363,F0064,73,F,Medicare,5,2.67,In-Network,Adjusted,Primary Care,Labs,95816,M17.11,0,4839.86,1024.23,1.41,2,2022-03-11,Inpatient,0.0,True
C34122,P0084,PR0035,F0111,87,M,Medicaid,1,0.82,Out-of-Network,Paid,Endocrinology,Surgery,93010,J45.909,1,4115.94,870.89,2.39,2,2022-11-17,Inpatient,0.0,True
C34126,P6403,PR0200,F0062,50,M,VA,8,1.44,In-Network,Adjusted,Neurology,Labs,73564,G40.909,0,3311.41,834.79,1.45,0,2022-09-07,ER,0.0,True
C34143,P2436,PR0383,F0083,23,F,Medicaid,4,1.09,In-Network,Paid,Gastroenterology,Surgery,99214,G40.909,0,377.66,819.35,0.19,0,2023-11-30,Outpatient,0.0,True
C34154,P5647,PR0060,F0164,65,M,Medicaid,11,0.35,Out-of-Network,Denied,Gastroenterology,Surgery,99285,E11.9,1,1113.29,1084.92,0.27,0,2023-02-18,Outpatient,0.104,True
C34160,P1370,PR0003,F0039,54,F,VA,1,2.96,In-Network,Denied,Endocrinology,Specialist,73564,S83.241A,0,2897.04,1655.49,0.69,5,2023-04-26,Inpatient,0.0,True
C34163,P5243,PR0296,F0010,34,M,Commercial,4,2.69,Out-of-Network,Adjusted,Orthopedics,Labs,99213,I21.4,0,844.45,887.51,0.12,5,2023-08-19,Inpatient,0.0,True
C34173,P7058,PR0475,F0061,84,F,Medicaid,4,0.73,Out-of-Network,Paid,Dermatology,Surgery,27447,I50.9,1,594.13,1010.08,0.16,5,2022-08-10,Inpatient,0.331,True
C34183,P4435,PR0170,F0050,28,F,Medicaid,1,2.98,In-Network,Paid,Orthopedics,Labs,59400,K21.9,0,2385.96,963.8,0.41,3,2022-08-06,Inpatient,0.0,True
C34213,P5159,PR0181,F0113,48,F,Medicaid,3,1.2,Out-of-Network,Adjusted,Orthopedics,Labs,73564,I50.9,1,693.59,1040.29,0.19,8,2022-02-19,Inpatient,0.331,True
C34220,P6193,PR0211,F0079,89,M,Medicaid,10,2.89,Out-of-Network,Adjusted,Gastroenterology,Specialist,93010,G40.909,0,3495.5,760.92,0.76,0,2023-12-11,ER,0.0,True
C34242,P3195,PR0305,F0168,76,F,VA,12,2.71,Out-of-Network,Denied,Neurology,Surgery,93000,G40.909,0,299.15,1080.59,0.04,6,2022-05-06,Inpatient,0.0,True
C34254,P2441,PR0177,F0055,57,F,Commercial,6,2.2,In-Network,Denied,OBGYN,Surgery,93010,I50.9,1,3446.97,763.9,0.45,0,2023-07-25,Outpatient,0.331,True
C34292,P1840,PR0443,F0130,14,M,VA,3,0.35,In-Network,Paid,Gastroenterology,Surgery,95250,E11.9,1,4594.78,841.05,0.75,0,2023-12-12,Outpatient,0.104,True
C34299,P6238,PR0056,F0061,83,M,Commercial,9,1.04,In-Network,Paid,Cardiology,Gastroenterology,99285,S83.241A,0,3428.55,1434.8,0.64,0,2022-08-07,Outpatient,0.0,True
C34309,P4286,PR0446,F0157,86,F,Medicare,9,1.98,Out-of-Network,Paid,Orthopedics,Primary Care,27447,E11.65,1,3615.81,864.32,0.54,0,2023-01-15,Outpatient,0.0,True
C34344,P6275,PR0192,F0123,62,F,Medicaid,2,2.22,Out-of-Network,Paid,OBGYN,Surgery,95816,I21.4,0,3835.21,2264.19,3.35,9,2022-01-08,Inpatient,0.0,True
C34347,P7405,PR0342,F0166,45,M,VA,5,1.15,In-Network,Paid,Orthopedics,Surgery,95816,K21.9,0,2377.27,1368.93,0.3,0,2023-03-18,Outpatient,0.0,True
C34356,P7136,PR0297,F0166,44,M,Medicaid,9,1.95,Out-of-Network,Adjusted,Dermatology,Imaging,99213,I50.9,1,633.32,1022.42,0.22,0,2023-05-11,ER,0.331,True
C34363,P6110,PR0226,F0035,68,F,Medicaid,2,2.28,Out-of-Network,Denied,Gastroenterology,Labs,93010,S83.241A,0,842.27,767.19,0.24,6,2022-08-03,Inpatient,0.0,True
C34392,P1580,PR0377,F0090,15,F,Medicare,8,1.79,In-Network,Adjusted,Primary Care,Specialist,95250,S83.241A,0,4158.91,1159.31,1.23,2,2022-10-04,Inpatient,0.0,True
C34402,P7963,PR0058,F0191,90,F,VA,10,1.05,In-Network,Paid,Endocrinology,Labs,99285,S83.241A,0,1899.18,897.85,3.24,0,2023-04-22,ER,0.0,True
C34429,P7029,PR0036,F0031,38,F,Medicaid,10,2.17,Out-of-Network,Paid,Dermatology,Surgery,95816,G40.909,0,2955.53,2256.4,1.07,0,2023-03-16,Outpatient,0.0,True
C34444,P6691,PR0330,F0084,38,F,Medicare,2,0.5,Out-of-Network,Paid,OBGYN,Surgery,73564,S83.241A,0,2406.64,1866.93,1.02,8,2022-10-15,Inpatient,0.0,True
C34452,P1574,PR0063,F0177,47,F,VA,11,2.3,Out-of-Network,Adjusted,Orthopedics,Surgery,95250,I21.4,0,88.0,1447.54,0.22,0,2023-07-03,ER,0.0,True
C34453,P0134,PR0092,F0110,14,M,VA,10,1.84,In-Network,Paid,Neurology,Specialist,93000,E11.65,1,1584.22,793.95,4.6,0,2023-07-04,Outpatient,0.0,True
C34496,P4925,PR0153,F0166,44,F,Medicare,11,2.16,In-Network,Paid,Neurology,Primary Care,95250,I21.4,0,4128.35,957.81,0.69,8,2023-06-13,Inpatient,0.0,True
C34512,P3240,PR0456,F0156,22,M,Commercial,11,0.92,In-Network,Adjusted,Gastroenterology,Surgery,95816,E11.9,1,305.52,915.2,0.13,0,2022-12-13,ER,0.104,True
C34514,P3849,PR0056,F0170,14,M,VA,1,1.0,Out-of-Network,Denied,Cardiology,Surgery,59400,I50.9,1,1966.83,1385.45,1.09,0,2023-08-28,Outpatient,0.331,True
C34517,P4845,PR0115,F0149,18,M,VA,12,1.57,Out-of-Network,Paid,Gastroenterology,Surgery,99214,M17.11,0,3830.41,1787.02,0.73,0,2022-06-18,ER,0.0,True
C34520,P5113,PR0292,F0062,33,F,VA,7,0.36,In-Network,Paid,Orthopedics,Imaging,99285,J45.909,1,4872.4,1851.46,1.53,0,2022-10-14,Outpatient,0.0,True
C34530,P2906,PR0219,F0022,1,F,VA,11,1.03,In-Network,Paid,Primary Care,Imaging,99214,E11.9,1,4540.94,1007.46,0.6,4,2022-07-27,Inpatient,0.104,True
C34535,P0051,PR0257,F0030,13,M,Medicaid,6,1.9,In-Network,Denied,Orthopedics,Surgery,27447,G40.909,0,2865.05,914.16,0.42,9,2022-01-18,Inpatient,0.0,True
C34538,P0772,PR0095,F0155,31,M,Commercial,11,2.46,Out-of-Network,Denied,Cardiology,Labs,95250,K21.9,0,2460.93,851.53,0.34,2,2022-04-24,Inpatient,0.0,True
C34542,P6508,PR0075,F0083,41,M,Medicaid,1,1.48,Out-of-Network,Paid,Neurology,Labs,99214,K21.9,0,1906.22,1923.39,0.65,3,2023-08-28,Inpatient,0.0,True
C34544,P6709,PR0065,F0100,75,M,VA,1,1.25,In-Network,Adjusted,Endocrinology,Surgery,59400,J45.909,1,1733.71,826.87,0.87,0,2023-09-23,Outpatient,0.0,True
C34546,P0837,PR0295,F0167,75,F,VA,1,1.19,Out-of-Network,Denied,Cardiology,Surgery,95250,S83.241A,0,403.74,1402.25,0.11,0,2023-05-21,Outpatient,0.0,True
C34551,P1382,PR0259,F0087,26,F,Medicare,11,1.9,In-Network,Adjusted,Neurology,Specialist,99285,I50.9,1,2104.55,2636.11,1.79,0,2022-09-06,Outpatient,0.331,True
C34558,P0522,PR0042,F0110,83,F,Commercial,7,0.62,In-Network,Denied,Orthopedics,Gastroenterology,99285,G40.909,0,258.86,1266.34,0.03,0,2022-10-20,Outpatient,0.0,True
C34571,P7099,PR0178,F0109,17,F,Commercial,4,0.34,In-Network,Denied,OBGYN,Primary Care,99213,I21.4,0,639.99,909.74,0.11,0,2023-12-03,Outpatient,0.0,True
C34572,P0537,PR0190,F0045,43,M,VA,10,1.32,Out-of-Network,Paid,Orthopedics,Primary Care,95250,I21.4,0,3848.6,856.39,0.73,0,2022-06-24,Outpatient,0.0,True
C34581,P0203,PR0077,F0167,48,M,VA,2,2.45,In-Network,Adjusted,Primary Care,Imaging,59400,K21.9,0,890.42,802.2,0.41,0,2022-03-05,Outpatient,0.0,True
C34586,P7378,PR0340,F0155,20,F,Medicare,7,2.16,In-Network,Denied,Endocrinology,Gastroenterology,99214,G40.909,0,1421.57,28131.31,0.9,0,2022-06-23,ER,0.0,True
C34624,P2338,PR0411,F0144,36,F,VA,4,1.63,In-Network,Adjusted,Orthopedics,Labs,93000,S83.241A,0,4270.67,867.72,2.41,4,2023-07-01,Inpatient,0.0,True
C34641,P2378,PR0428,F0050,34,M,Medicaid,9,1.73,Out-of-Network,Paid,Gastroenterology,Imaging,99285,S83.241A,0,817.88,1230.61,0.11,2,2023-05-09,Inpatient,0.0,True
C34645,P6215,PR0452,F0154,86,F,VA,11,0.61,In-Network,Adjusted,Endocrinology,Primary Care,59400,J45.909,1,2131.58,2475.93,0.81,0,2022-03-06,Outpatient,0.0,True
C34648,P5010,PR0081,F0046,20,F,VA,3,1.48,Out-of-Network,Denied,OBGYN,Labs,93010,I50.9,1,4079.89,3168.9,0.67,0,2023-08-14,ER,0.331,True
C34651,P4204,PR0108,F0185,62,F,VA,8,2.66,Out-of-Network,Denied,OBGYN,Primary Care,99213,M17.11,0,3021.57,1254.26,0.4,0,2023-03-15,Outpatient,0.0,True
C34675,P4489,PR0120,F0096,57,F,VA,11,1.24,In-Network,Adjusted,Neurology,Primary Care,59400,E11.9,1,1442.63,949.48,0.97,0,2022-08-27,ER,0.104,True
C34691,P4560,PR0268,F0143,7,M,Commercial,1,1.35,In-Network,Adjusted,Orthopedics,Imaging,59400,G40.909,0,2099.46,1121.79,1.05,0,2023-06-06,ER,0.0,True
C34702,P5060,PR0222,F0133,12,M,VA,8,2.62,In-Network,Adjusted,Cardiology,Labs,95250,S83.241A,0,1380.75,896.97,6.26,0,2022-04-07,Outpatient,0.0,True
C34712,P5154,PR0086,F0028,49,M,VA,3,2.64,In-Network,Adjusted,Primary Care,Primary Care,93010,E11.65,1,3396.39,2857.02,2.48,0,2023-06-11,Outpatient,0.0,True
C34720,P5866,PR0239,F0036,36,M,Medicare,9,1.91,In-Network,Paid,Neurology,Imaging,59400,I21.4,0,695.14,1234.56,0.14,0,2022-08-31,Outpatient,0.0,True
C34733,P2566,PR0357,F0147,33,M,Medicare,9,0.93,Out-of-Network,Denied,Dermatology,Surgery,27447,M17.11,0,2401.69,924.02,0.43,2,2022-07-06,Inpatient,0.0,True
C34741,P6488,PR0278,F0167,52,M,Medicare,8,2.91,Out-of-Network,Paid,Primary Care,Labs,93000,O80,0,1085.88,800.23,0.69,9,2022-11-16,Inpatient,0.0,True
C34744,P6199,PR0415,F0034,44,F,Medicaid,3,2.7,In-Network,Paid,OBGYN,Imaging,95816,I50.9,1,4964.31,4184.38,11.74,0,2023-03-19,Outpatient,0.331,True
C34745,P3719,PR0464,F0082,82,M,VA,12,0.66,In-Network,Paid,Primary Care,Gastroenterology,27447,E11.65,1,3721.27,26493.58,4.86,0,2022-04-27,ER,0.0,True
C34748,P0901,PR0030,F0073,20,M,Commercial,7,2.67,Out-of-Network,Denied,OBGYN,Surgery,93000,E11.65,1,541.39,1381.44,0.14,5,2022-10-06,Inpatient,0.0,True
C34762,P6331,PR0174,F0101,41,F,Medicaid,3,1.8,In-Network,Paid,Gastroenterology,Imaging,99213,E11.9,1,1800.86,1163.57,0.8,0,2022-01-25,ER,0.104,True
C34779,P4333,PR0486,F0034,37,F,VA,2,1.56,Out-of-Network,Adjusted,Orthopedics,Specialist,99214,E11.9,1,688.42,837.94,0.16,6,2023-04-21,Inpatient,0.104,True
C34786,P6146,PR0050,F0075,37,F,Medicare,10,2.64,In-Network,Denied,Neurology,Surgery,99285,O80,0,1146.94,1234.12,3.94,0,2023-11-08,ER,0.0,True
C34802,P2561,PR0321,F0190,73,M,VA,9,0.42,In-Network,Denied,Primary Care,Imaging,95816,K21.9,0,153.96,876.75,0.14,0,2022-11-01,Outpatient,0.0,True
C34878,P0352,PR0133,F0170,74,F,VA,12,1.72,In-Network,Adjusted,Neurology,Imaging,99213,G40.909,0,1773.46,1105.77,0.51,4,2022-01-02,Inpatient,0.0,True
C34880,P1804,PR0049,F0184,61,F,Commercial,2,0.84,Out-of-Network,Paid,Neurology,Primary Care,73564,O80,0,616.3,1275.2,0.1,0,2022-12-08,Outpatient,0.0,True
C34901,P4140,PR0078,F0153,34,M,Medicaid,11,2.84,Out-of-Network,Paid,Cardiology,Specialist,93000,J45.909,1,643.85,936.39,0.11,4,2022-08-01,Inpatient,0.0,True
C34912,P1434,PR0428,F0097,81,M,Medicaid,11,0.52,In-Network,Adjusted,Gastroenterology,Surgery,99214,K21.9,0,1720.23,859.07,0.92,0,2022-06-14,ER,0.0,True
C34918,P2117,PR0487,F0177,1,M,Medicare,4,1.46,In-Network,Adjusted,Endocrinology,Imaging,99285,K21.9,0,2231.97,863.46,5.56,3,2023-12-19,Inpatient,0.0,True
C34950,P5623,PR0141,F0019,0,F,Medicare,1,1.82,In-Network,Adjusted,Primary Care,Surgery,93010,E11.9,1,1421.31,832.41,0.18,6,2023-01-21,Inpatient,0.104,True
C34957,P6777,PR0159,F0073,27,M,Medicaid,4,1.2,In-Network,Adjusted,Dermatology,Imaging,99285,S83.241A,0,4980.25,1319.84,0.79,0,2023-03-21,Outpatient,0.0,True
C34981,P6726,PR0175,F0078,61,F,Medicare,12,0.57,In-Network,Paid,Cardiology,Primary Care,27447,O80,0,3645.94,951.95,0.94,4,2022-03-05,Inpatient,0.0,True
C34982,P7611,PR0129,F0141,84,F,Medicaid,8,2.72,In-Network,Paid,Gastroenterology,Labs,95250,K21.9,0,4500.22,807.01,2.0,0,2023-07-15,ER,0.0,True
C34989,P5892,PR0239,F0164,30,M,VA,4,2.14,Out-of-Network,Adjusted,Primary Care,Primary Care,99214,E11.9,1,1291.91,1122.3,0.31,7,2023-04-11,Inpatient,0.104,True
C34994,P4895,PR0238,F0170,64,M,Commercial,5,0.58,In-Network,Adjusted,Orthopedics,Specialist,95250,K21.9,0,2358.64,1439.83,0.43,5,2023-11-12,Inpatient,0.0,True
C35002,P1824,PR0468,F0105,79,F,Commercial,12,2.37,Out-of-Network,Denied,Endocrinology,Labs,99214,M17.11,0,203.61,920.1,0.17,0,2022-06-05,Outpatient,0.0,True
C35052,P6542,PR0021,F0160,76,M,Medicaid,2,2.78,In-Network,Paid,Endocrinology,Imaging,59400,I21.4,0,2102.03,887.06,0.81,0,2022-03-08,ER,0.0,True
C35057,P1164,PR0194,F0124,80,M,VA,4,0.34,In-Network,Paid,Endocrinology,Labs,93010,E11.9,1,2031.54,1451.78,0.44,0,2022-10-19,ER,0.104,True
C35072,P0132,PR0362,F0036,53,F,VA,12,2.84,Out-of-Network,Adjusted,OBGYN,Imaging,95816,K21.9,0,1752.64,1379.13,0.78,0,2023-06-10,Outpatient,0.0,True
C35106,P2988,PR0460,F0086,52,F,Commercial,7,0.93,In-Network,Denied,OBGYN,Labs,99213,G40.909,0,2631.16,1034.68,1.16,8,2022-11-28,Inpatient,0.0,True
C35143,P5744,PR0291,F0036,1,M,VA,3,2.63,In-Network,Adjusted,Primary Care,Imaging,93010,J45.909,1,175.17,1497.84,0.04,1,2022-03-29,Inpatient,0.0,True
C35154,P4712,PR0058,F0040,37,F,VA,5,0.96,In-Network,Paid,Dermatology,Primary Care,95816,G40.909,0,3719.09,1244.23,2.06,0,2023-02-18,ER,0.0,True
C35171,P2069,PR0137,F0199,72,F,Medicare,7,1.51,In-Network,Adjusted,Gastroenterology,Specialist,93000,J45.909,1,1320.62,776.23,0.39,5,2023-10-04,Inpatient,0.0,True
C35181,P1539,PR0320,F0169,41,F,Medicare,2,1.98,Out-of-Network,Denied,Endocrinology,Imaging,95816,E11.65,1,4337.48,818.1,1.26,0,2022-07-22,ER,0.0,True
C35202,P0963,PR0088,F0028,12,F,VA,8,1.79,In-Network,Denied,Primary Care,Specialist,59400,J45.909,1,4377.44,1128.5,4.28,5,2023-06-10,Inpatient,0.0,True
C35206,P1168,PR0021,F0142,23,F,Commercial,8,1.45,In-Network,Paid,Neurology,Primary Care,99213,K21.9,0,3991.28,891.52,0.77,0,2022-01-30,ER,0.0,True
C35221,P4286,PR0106,F0017,43,F,Medicare,12,1.82,Out-of-Network,Paid,Dermatology,Labs,95250,I21.4,0,4691.05,1434.47,0.86,8,2022-02-15,Inpatient,0.0,True
C35266,P3998,PR0251,F0176,45,M,Medicaid,7,2.91,Out-of-Network,Paid,Dermatology,Primary Care,99285,E11.9,1,4521.57,1152.83,1.18,0,2023-03-31,Outpatient,0.104,True
C35275,P2936,PR0483,F0080,48,M,VA,9,1.74,In-Network,Denied,OBGYN,Surgery,59400,O80,0,1290.79,1163.11,0.33,0,2022-09-23,Outpatient,0.0,True
C35281,P1816,PR0317,F0100,18,F,Commercial,11,0.75,In-Network,Denied,Dermatology,Primary Care,93010,E11.65,1,1786.72,983.36,0.24,0,2023-11-21,Outpatient,0.0,True
C35298,P4633,PR0414,F0172,11,M,VA,2,2.08,In-Network,Paid,Dermatology,Specialist,59400,I50.9,1,3034.49,754.6,0.57,0,2023-12-22,Outpatient,0.331,True
C35310,P3846,PR0133,F0105,52,M,Medicaid,7,0.87,In-Network,Denied,Primary Care,Imaging,99214,S83.241A,0,383.82,1152.91,0.26,0,2023-04-23,Outpatient,0.0,True
C35326,P4248,PR0193,F0057,28,M,Medicaid,12,0.53,Out-of-Network,Paid,Primary Care,Labs,59400,E11.9,1,1064.35,1036.74,0.17,7,2023-07-20,Inpatient,0.104,True
C35329,P1158,PR0325,F0022,38,M,Medicaid,6,1.5,Out-of-Network,Denied,Orthopedics,Imaging,93010,J45.909,1,2473.62,795.62,2.15,5,2022-05-12,Inpatient,0.0,True
C35371,P4781,PR0473,F0054,84,F,Commercial,12,1.75,Out-of-Network,Denied,Orthopedics,Imaging,95250,E11.65,1,3290.97,790.56,4.6,0,2022-11-02,Outpatient,0.0,True
C35385,P1936,PR0135,F0119,36,M,Commercial,10,1.66,In-Network,Paid,Primary Care,Labs,99285,I21.4,0,600.55,787.84,0.28,0,2022-04-02,Outpatient,0.0,True
C35396,P7379,PR0266,F0034,65,F,Medicare,12,2.95,In-Network,Adjusted,Cardiology,Surgery,93010,E11.65,1,3224.89,1220.84,0.6,0,2023-01-22,Outpatient,0.0,True
C35431,P4084,PR0139,F0073,80,M,Medicaid,6,1.22,In-Network,Denied,Cardiology,Specialist,99214,G40.909,0,1573.06,1023.78,1.89,1,2022-07-28,Inpatient,0.0,True
C35460,P4540,PR0059,F0163,26,F,Commercial,3,2.12,In-Network,Adjusted,Neurology,Primary Care,93010,I50.9,1,741.63,1167.27,0.33,0,2022-04-15,Outpatient,0.331,True
C35462,P0808,PR0255,F0084,81,M,Medicare,12,2.0,Out-of-Network,Denied,Primary Care,Surgery,73564,J45.909,1,843.64,1057.46,0.28,9,2023-04-25,Inpatient,0.0,True
C35469,P4499,PR0457,F0044,82,M,Commercial,6,2.07,In-Network,Denied,Neurology,Surgery,73564,E11.9,1,3912.61,2149.56,3.26,6,2023-08-29,Inpatient,0.104,True
C35504,P7945,PR0488,F0105,87,M,Commercial,8,0.95,In-Network,Adjusted,Orthopedics,Primary Care,27447,O80,0,2549.52,832.77,0.38,0,2022-11-18,Outpatient,0.0,True
C35516,P2042,PR0319,F0058,14,M,Medicare,6,1.47,In-Network,Adjusted,OBGYN,Labs,59400,K21.9,0,2788.28,1650.14,0.66,1,2022-02-09,Inpatient,0.0,True
C35533,P0063,PR0101,F0142,81,F,Medicare,1,2.38,Out-of-Network,Paid,OBGYN,Specialist,99214,O80,0,4933.5,2165.06,4.07,0,2022-07-21,Outpatient,0.0,True
C35541,P1330,PR0196,F0127,2,F,Commercial,5,0.76,In-Network,Denied,Orthopedics,Labs,93010,E11.9,1,4962.27,1413.83,0.64,0,2022-05-06,Outpatient,0.104,True
C35547,P2193,PR0050,F0104,88,F,Commercial,10,2.86,Out-of-Network,Adjusted,Dermatology,Gastroenterology,99285,M17.11,0,1034.87,15083.12,0.38,10,2022-09-10,Inpatient,0.0,True
C35556,P1066,PR0407,F0143,49,F,Commercial,11,0.49,Out-of-Network,Adjusted,Endocrinology,Imaging,93010,K21.9,0,3039.85,1733.08,0.7,7,2023-05-28,Inpatient,0.0,True
C35566,P6181,PR0137,F0159,29,M,Commercial,4,2.41,Out-of-Network,Denied,Gastroenterology,Surgery,95816,I21.4,0,365.65,761.42,0.31,0,2023-12-13,Outpatient,0.0,True
C35567,P6537,PR0228,F0170,62,M,Commercial,3,2.9,In-Network,Paid,Gastroenterology,Primary Care,93000,O80,0,2631.16,2208.93,0.65,5,2023-01-19,Inpatient,0.0,True
C35581,P4939,PR0044,F0035,18,F,Commercial,8,1.41,In-Network,Paid,Orthopedics,Specialist,93010,G40.909,0,2593.84,1157.44,0.33,0,2022-02-11,ER,0.0,True
C35584,P5246,PR0235,F0113,38,M,Medicaid,6,1.44,Out-of-Network,Paid,Primary Care,Labs,59400,O80,0,3616.03,862.67,0.57,2,2023-02-22,Inpatient,0.0,True
C35633,P1583,PR0349,F0119,40,F,VA,7,0.31,Out-of-Network,Denied,Endocrinology,Imaging,99285,G40.909,0,198.37,786.53,0.06,0,2023-07-01,ER,0.0,True
C35634,P7653,PR0347,F0064,65,F,Medicare,1,1.36,In-Network,Paid,Gastroenterology,Labs,99285,E11.65,1,2680.92,1290.53,0.67,0,2022-03-26,Outpatient,0.0,True
C35650,P1135,PR0243,F0189,62,F,Commercial,3,2.11,In-Network,Denied,Orthopedics,Labs,93010,J45.909,1,3832.21,1673.97,0.58,0,2023-09-27,Outpatient,0.0,True
C35654,P1422,PR0065,F0178,6,F,Medicaid,6,1.17,In-Network,Adjusted,OBGYN,Labs,59400,G40.909,0,2357.94,1084.05,0.39,0,2023-04-12,Outpatient,0.0,True
C35670,P6130,PR0206,F0181,72,M,Medicaid,1,1.01,In-Network,Denied,Cardiology,Labs,27447,K21.9,0,3839.55,1183.78,1.46,0,2023-11-11,Outpatient,0.0,True
C35672,P2385,PR0285,F0061,61,M,Medicaid,1,1.17,In-Network,Paid,OBGYN,Primary Care,95250,O80,0,4599.27,767.62,0.98,0,2023-10-18,Outpatient,0.0,True
C35715,P7001,PR0136,F0033,62,M,Commercial,7,1.48,Out-of-Network,Paid,Dermatology,Imaging,95816,M17.11,0,448.57,996.58,0.26,0,2023-09-19,ER,0.0,True
C35716,P7642,PR0104,F0185,7,F,VA,1,2.06,In-Network,Paid,OBGYN,Primary Care,27447,J45.909,1,1735.69,1997.83,0.5,0,2023-12-26,Outpatient,0.0,True
C35720,P2175,PR0445,F0016,50,F,VA,12,1.05,Out-of-Network,Denied,Neurology,Primary Care,93000,S83.241A,0,2613.08,1223.29,0.48,0,2022-09-10,ER,0.0,True
C35735,P5083,PR0203,F0042,4,M,Commercial,8,2.06,In-Network,Adjusted,Primary Care,Labs,99214,O80,0,2181.98,858.35,1.01,0,2022-01-28,Outpatient,0.0,True
C35790,P2562,PR0088,F0113,34,M,Medicare,8,2.71,In-Network,Adjusted,Gastroenterology,Surgery,93000,G40.909,0,4096.61,2092.13,1.31,0,2022-09-20,ER,0.0,True
C35814,P5267,PR0342,F0125,5,F,Medicaid,4,0.46,In-Network,Adjusted,Endocrinology,Surgery,99213,S83.241A,0,1940.86,1108.07,0.31,0,2023-02-27,ER,0.0,True
C35848,P3462,PR0225,F0091,83,F,Commercial,5,2.1,Out-of-Network,Denied,Orthopedics,Specialist,93010,I50.9,1,3428.04,789.42,4.05,3,2023-09-23,Inpatient,0.331,True
C35850,P4867,PR0472,F0112,43,M,Medicare,3,2.68,Out-of-Network,Denied,Primary Care,Imaging,95250,E11.9,1,3160.76,1192.4,3.78,9,2023-08-10,Inpatient,0.104,True
C35854,P3463,PR0249,F0185,71,M,Medicaid,7,1.7,Out-of-Network,Denied,Neurology,Primary Care,59400,E11.65,1,2969.86,933.41,0.45,0,2022-03-29,Outpatient,0.0,True
C35871,P4851,PR0123,F0074,25,F,VA,4,2.81,Out-of-Network,Paid,Endocrinology,Surgery,95816,I50.9,1,795.48,1528.07,0.12,0,2023-05-27,Outpatient,0.331,True
C35872,P4289,PR0431,F0115,34,M,Medicare,5,0.99,Out-of-Network,Paid,Endocrinology,Primary Care,59400,J45.909,1,3928.33,913.15,2.68,9,2022-01-18,Inpatient,0.0,True
C35880,P2015,PR0407,F0181,41,M,Medicare,11,1.62,In-Network,Adjusted,OBGYN,Imaging,59400,S83.241A,0,1231.86,1313.29,0.18,0,2023-01-30,ER,0.0,True
C35901,P1143,PR0127,F0036,17,M,Medicaid,7,1.55,In-Network,Adjusted,Endocrinology,Primary Care,93010,I50.9,1,4010.89,1631.5,8.92,0,2022-03-06,ER,0.331,True
C35912,P1126,PR0311,F0169,32,F,Commercial,8,1.32,In-Network,Adjusted,Orthopedics,Labs,95250,O80,0,3126.06,1584.02,0.43,1,2022-01-11,Inpatient,0.0,True
C35931,P4896,PR0185,F0145,26,F,Commercial,9,0.7,Out-of-Network,Adjusted,Neurology,Labs,99213,S83.241A,0,2361.43,1907.61,0.32,0,2023-10-29,ER,0.0,True
C35959,P6745,PR0187,F0075,9,M,VA,2,0.58,Out-of-Network,Adjusted,Primary Care,Labs,95816,I21.4,0,2282.85,1293.88,6.33,0,2023-01-11,Outpatient,0.0,True
C35969,P3728,PR0380,F0098,33,F,Medicaid,3,0.8,In-Network,Denied,Dermatology,Gastroenterology,93000,S83.241A,0,2756.15,3713.21,0.52,0,2023-09-19,Outpatient,0.0,True
C35979,P6668,PR0226,F0014,30,M,Medicare,1,1.75,Out-of-Network,Adjusted,Primary Care,Primary Care,59400,K21.9,0,3702.75,1253.42,1.16,0,2022-10-24,Outpatient,0.0,True
C35981,P2144,PR0156,F0172,50,M,VA,5,1.46,Out-of-Network,Adjusted,OBGYN,Imaging,73564,K21.9,0,1274.16,793.39,0.21,0,2023-09-17,Outpatient,0.0,True
C35982,P5573,PR0028,F0160,52,M,VA,12,1.32,In-Network,Adjusted,Dermatology,Primary Care,95250,I50.9,1,4870.46,873.28,0.76,0,2023-04-01,ER,0.331,True
C36008,P0091,PR0498,F0008,82,F,VA,11,2.99,In-Network,Paid,Primary Care,Labs,93000,K21.9,0,3019.02,1109.97,1.32,0,2023-08-13,ER,0.0,True
C36029,P5504,PR0438,F0061,13,M,Medicare,6,0.71,Out-of-Network,Denied,Gastroenterology,Specialist,99214,I21.4,0,1607.58,796.57,0.23,0,2023-02-06,ER,0.0,True
C36035,P2028,PR0336,F0137,39,M,VA,6,0.54,In-Network,Adjusted,Neurology,Imaging,93010,I50.9,1,4986.3,768.65,0.98,0,2022-07-24,ER,0.331,True
C36040,P0946,PR0170,F0025,19,F,Medicare,7,0.95,Out-of-Network,Paid,Orthopedics,Imaging,73564,I50.9,1,3907.71,1161.77,1.51,0,2023-05-03,Outpatient,0.331,True
C36045,P6579,PR0469,F0175,69,M,Commercial,7,0.65,In-Network,Paid,Endocrinology,Primary Care,95816,G40.909,0,1844.31,1664.26,0.29,0,2023-11-29,Outpatient,0.0,True
C36062,P1827,PR0295,F0153,64,F,Commercial,9,1.39,Out-of-Network,Paid,OBGYN,Gastroenterology,93000,I21.4,0,795.62,897.03,0.3,0,2022-11-04,ER,0.0,True
C36066,P7499,PR0089,F0059,18,F,Medicaid,10,0.97,Out-of-Network,Paid,OBGYN,Imaging,99213,O80,0,1286.91,773.38,0.71,1,2023-08-16,Inpatient,0.0,True
C36089,P0642,PR0211,F0027,25,M,Medicare,12,1.09,In-Network,Denied,Endocrinology,Imaging,95250,M17.11,0,4501.38,753.34,0.73,0,2023-06-20,Outpatient,0.0,True
C36097,P1198,PR0422,F0153,23,M,Commercial,2,2.42,Out-of-Network,Denied,Dermatology,Specialist,59400,E11.9,1,3637.52,1455.12,0.46,0,2022-03-02,Outpatient,0.104,True
C36112,P2685,PR0276,F0109,59,M,Medicaid,9,1.02,Out-of-Network,Paid,Cardiology,Specialist,73564,O80,0,1410.13,848.35,0.18,0,2023-05-15,Outpatient,0.0,True
C36123,P2494,PR0174,F0082,58,M,Commercial,2,0.71,Out-of-Network,Paid,Neurology,Surgery,93000,G40.909,0,3597.32,1453.53,0.54,0,2022-02-05,ER,0.0,True
C36141,P4592,PR0183,F0036,54,M,Commercial,2,2.42,Out-of-Network,Adjusted,OBGYN,Specialist,93010,I21.4,0,1786.88,829.32,0.73,0,2022-06-17,Outpatient,0.0,True
C36166,P1069,PR0238,F0198,31,F,VA,6,1.82,In-Network,Denied,Dermatology,Specialist,93000,J45.909,1,4276.1,780.46,1.04,0,2022-04-27,Outpatient,0.0,True
C36168,P3579,PR0377,F0117,0,M,Medicare,3,1.6,Out-of-Network,Paid,Primary Care,Primary Care,73564,O80,0,2535.83,862.46,1.0,1,2022-02-25,Inpatient,0.0,True
C36173,P1037,PR0383,F0066,68,M,VA,8,1.23,In-Network,Paid,Dermatology,Gastroenterology,93010,S83.241A,0,2501.18,1727.42,1.36,7,2023-05-21,Inpatient,0.0,True
C36191,P7102,PR0087,F0028,58,M,Commercial,6,0.78,Out-of-Network,Adjusted,Neurology,Specialist,73564,S83.241A,0,3342.16,837.66,0.69,2,2022-06-04,Inpatient,0.0,True
C36195,P2531,PR0397,F0158,13,M,Medicare,11,2.81,Out-of-Network,Adjusted,Dermatology,Surgery,73564,G40.909,0,4934.48,941.89,0.78,0,2022-06-28,Outpatient,0.0,True
C36196,P1820,PR0377,F0020,63,F,VA,2,2.02,Out-of-Network,Denied,Neurology,Labs,99213,O80,0,3061.43,857.8,0.82,0,2022-05-08,Outpatient,0.0,True
C36208,P7207,PR0136,F0069,77,M,Medicare,1,1.66,In-Network,Denied,Neurology,Primary Care,99285,O80,0,2516.08,811.98,0.6,0,2022-12-22,Outpatient,0.0,True
C36209,P4933,PR0252,F0183,24,M,Medicare,12,1.2,Out-of-Network,Denied,Endocrinology,Primary Care,99285,I21.4,0,4763.31,1577.75,3.11,4,2023-10-22,Inpatient,0.0,True
C36216,P0596,PR0344,F0074,51,M,Commercial,5,2.58,In-Network,Paid,Endocrinology,Labs,93000,I21.4,0,1521.9,1341.56,0.23,0,2023-06-14,Outpatient,0.0,True
C36222,P1479,PR0476,F0023,48,M,VA,3,1.24,In-Network,Denied,Gastroenterology,Imaging,99285,E11.65,1,1163.51,2784.04,4.25,0,2023-05-03,Outpatient,0.0,True
C36263,P1043,PR0052,F0005,2,F,Commercial,11,2.19,Out-of-Network,Denied,Dermatology,Imaging,93010,G40.909,0,137.08,843.25,0.05,0,2022-11-30,Outpatient,0.0,True
C36270,P4873,PR0478,F0052,54,F,Medicaid,8,0.81,In-Network,Paid,Endocrinology,Surgery,95816,I21.4,0,3722.16,1150.35,0.51,0,2022-05-28,ER,0.0,True
C36288,P5523,PR0413,F0057,37,F,VA,5,2.8,Out-of-Network,Adjusted,Neurology,Primary Care,99285,G40.909,0,3338.08,1252.37,0.5,0,2023-09-04,ER,0.0,True
C36319,P7077,PR0411,F0048,41,F,Medicare,6,2.83,In-Network,Denied,Neurology,Imaging,99214,I21.4,0,2242.55,1114.03,0.92,0,2023-12-26,Outpatient,0.0,True
C36327,P4616,PR0194,F0123,20,F,Commercial,8,2.94,In-Network,Adjusted,Neurology,Imaging,93010,G40.909,0,3848.18,2162.12,0.55,5,2023-07-11,Inpatient,0.0,True
C36331,P0303,PR0405,F0104,42,F,Commercial,10,2.24,In-Network,Adjusted,Endocrinology,Primary Care,93010,E11.9,1,390.15,1691.28,1.21,0,2022-11-06,Outpatient,0.104,True
C36347,P2127,PR0482,F0149,56,F,Medicare,6,2.56,In-Network,Paid,Endocrinology,Primary Care,95816,I50.9,1,1142.9,1101.83,0.16,0,2022-12-02,Outpatient,0.331,True
C36356,P0704,PR0045,F0194,28,M,Commercial,6,1.03,Out-of-Network,Paid,Primary Care,Surgery,99285,M17.11,0,3451.0,784.61,0.77,10,2022-06-02,Inpatient,0.0,True
C36367,P3261,PR0499,F0017,14,M,Medicare,5,2.04,Out-of-Network,Denied,Primary Care,Surgery,27447,E11.65,1,3127.72,1491.53,0.94,0,2023-06-14,Outpatient,0.0,True
C36368,P2745,PR0267,F0063,82,M,Commercial,6,0.99,In-Network,Adjusted,Cardiology,Imaging,59400,E11.9,1,1973.28,1061.61,1.12,0,2023-03-21,Outpatient,0.104,True
C36370,P1171,PR0109,F0121,29,M,Medicare,11,2.08,In-Network,Adjusted,Orthopedics,Labs,99214,I21.4,0,4375.87,1091.23,0.77,0,2023-11-26,ER,0.0,True
C36395,P0451,PR0172,F0124,17,M,Medicaid,2,1.56,In-Network,Adjusted,Orthopedics,Labs,99213,G40.909,0,434.57,2289.95,0.26,0,2023-07-11,ER,0.0,True
C36409,P1831,PR0036,F0193,74,M,Commercial,3,0.34,Out-of-Network,Paid,OBGYN,Surgery,59400,J45.909,1,2689.05,2131.76,0.65,0,2023-11-18,Outpatient,0.0,True
C36413,P2722,PR0274,F0053,26,M,VA,7,1.94,In-Network,Denied,Endocrinology,Labs,99285,O80,0,4557.27,1084.66,1.11,4,2023-03-04,Inpatient,0.0,True
C36424,P1301,PR0380,F0089,32,M,Medicare,12,2.63,In-Network,Denied,Cardiology,Imaging,73564,E11.65,1,1884.35,2035.82,0.68,0,2023-06-25,Outpatient,0.0,True
C36432,P3029,PR0161,F0015,36,M,Commercial,9,1.18,Out-of-Network,Denied,Endocrinology,Labs,95816,S83.241A,0,1290.62,3079.55,2.27,0,2022-11-13,Outpatient,0.0,True
C36457,P2479,PR0252,F0074,42,M,Medicaid,2,1.29,In-Network,Paid,Orthopedics,Labs,95816,J45.909,1,4758.43,920.89,0.79,0,2022-05-02,ER,0.0,True
C36465,P7779,PR0259,F0021,11,M,Medicaid,8,0.45,In-Network,Paid,Orthopedics,Gastroenterology,73564,M17.11,0,77.46,22895.99,0.01,0,2023-10-06,Outpatient,0.0,True
C36472,P7785,PR0037,F0153,68,F,Medicaid,1,2.44,Out-of-Network,Denied,Orthopedics,Surgery,27447,I21.4,0,4093.05,1918.79,0.85,0,2023-02-24,ER,0.0,True
C36512,P2560,PR0222,F0049,7,F,Medicare,6,0.89,Out-of-Network,Adjusted,Primary Care,Specialist,93000,J45.909,1,4092.6,2679.13,0.87,7,2023-02-19,Inpatient,0.0,True
C36523,P7613,PR0301,F0152,18,M,Medicaid,8,0.55,Out-of-Network,Denied,Neurology,Primary Care,27447,K21.9,0,3418.83,835.09,0.73,0,2022-10-25,Outpatient,0.0,True
C36539,P2195,PR0461,F0174,79,M,Commercial,12,1.53,Out-of-Network,Adjusted,Cardiology,Surgery,27447,K21.9,0,483.25,1025.55,0.18,0,2022-12-21,ER,0.0,True
C36543,P6343,PR0229,F0176,87,F,Medicaid,9,1.98,In-Network,Paid,Endocrinology,Surgery,59400,E11.9,1,1480.16,1682.39,1.8,1,2022-03-12,Inpatient,0.104,True
C36548,P2183,PR0100,F0089,0,M,Medicare,1,1.28,In-Network,Adjusted,Cardiology,Surgery,93000,E11.65,1,1441.65,937.47,0.93,0,2022-12-24,Outpatient,0.0,True
C36582,P7398,PR0046,F0025,73,F,Medicaid,6,1.04,Out-of-Network,Paid,Gastroenterology,Primary Care,73564,I21.4,0,4214.47,1472.0,0.55,0,2022-08-26,ER,0.0,True
C36587,P7357,PR0327,F0161,58,M,Commercial,12,2.05,Out-of-Network,Paid,Neurology,Labs,73564,M17.11,0,1115.51,771.98,0.16,0,2022-11-11,Outpatient,0.0,True
C36594,P7249,PR0491,F0032,42,F,Medicare,4,1.53,In-Network,Paid,Gastroenterology,Specialist,93000,M17.11,0,2717.91,2490.77,0.34,0,2023-11-07,Outpatient,0.0,True
C36601,P0287,PR0246,F0133,45,F,Medicare,12,0.79,In-Network,Adjusted,Endocrinology,Imaging,59400,I21.4,0,1848.22,811.63,0.29,6,2022-07-08,Inpatient,0.0,True
C36611,P0574,PR0043,F0019,81,F,Medicaid,6,1.03,Out-of-Network,Adjusted,Gastroenterology,Imaging,93010,O80,0,4171.53,785.99,0.67,2,2022-04-21,Inpatient,0.0,True
C36618,P6093,PR0096,F0042,73,F,Commercial,2,0.96,In-Network,Adjusted,Primary Care,Labs,99285,I21.4,0,1882.78,1716.9,0.78,0,2022-09-07,Outpatient,0.0,True
C36643,P2705,PR0338,F0011,64,M,VA,7,0.4,In-Network,Adjusted,OBGYN,Imaging,95816,K21.9,0,2374.35,760.71,0.53,7,2022-12-24,Inpatient,0.0,True
C36656,P6474,PR0293,F0186,9,F,Medicare,7,1.73,Out-of-Network,Denied,Primary Care,Primary Care,93010,I50.9,1,1816.74,977.42,1.31,0,2023-11-01,Outpatient,0.331,True
C36678,P1462,PR0358,F0043,29,F,Medicaid,11,2.61,In-Network,Paid,Gastroenterology,Imaging,93010,O80,0,1814.42,1100.61,0.24,0,2022-04-21,ER,0.0,True
C36699,P3914,PR0484,F0099,36,M,Medicare,2,1.52,Out-of-Network,Denied,Primary Care,Labs,59400,K21.9,0,2908.39,776.05,0.75,0,2022-09-05,Outpatient,0.0,True
C36702,P1147,PR0144,F0095,68,F,VA,3,0.9,Out-of-Network,Adjusted,Cardiology,Surgery,95816,I50.9,1,1934.63,793.11,0.87,5,2023-07-13,Inpatient,0.331,True
C36761,P2726,PR0262,F0072,33,F,Commercial,5,2.18,In-Network,Paid,Gastroenterology,Imaging,93000,K21.9,0,855.62,1404.32,0.19,6,2022-11-17,Inpatient,0.0,True
C36770,P5586,PR0349,F0138,18,F,Medicaid,5,1.9,In-Network,Paid,Dermatology,Surgery,59400,I50.9,1,4868.54,3124.36,6.8,4,2023-03-07,Inpatient,0.331,True
C36800,P0586,PR0491,F0111,87,F,Commercial,11,0.82,In-Network,Paid,Gastroenterology,Imaging,27447,E11.65,1,4450.57,801.02,1.2,0,2023-10-14,ER,0.0,True
C36804,P3707,PR0037,F0020,6,F,Medicaid,9,0.56,Out-of-Network,Paid,OBGYN,Surgery,93010,E11.9,1,4565.31,2218.68,0.75,0,2022-10-18,ER,0.104,True
C36821,P2842,PR0362,F0009,20,F,Commercial,6,1.99,In-Network,Paid,Neurology,Primary Care,99213,G40.909,0,3330.84,860.12,2.05,3,2022-12-17,Inpatient,0.0,True
C36828,P1140,PR0238,F0076,87,M,VA,4,2.59,In-Network,Paid,Neurology,Primary Care,27447,I21.4,0,309.94,774.94,0.41,0,2023-01-24,Outpatient,0.0,True
C36835,P7055,PR0266,F0150,39,M,Medicaid,12,0.53,Out-of-Network,Paid,Gastroenterology,Surgery,93000,E11.65,1,4619.82,1123.7,1.35,0,2023-08-12,ER,0.0,True
C36850,P7071,PR0198,F0161,3,M,Commercial,6,1.34,In-Network,Paid,Primary Care,Primary Care,59400,J45.909,1,3966.31,827.2,0.83,0,2023-04-25,ER,0.0,True
C36857,P1950,PR0444,F0168,59,F,Medicaid,4,2.92,In-Network,Denied,Primary Care,Specialist,99214,M17.11,0,4289.53,1103.66,14.75,0,2022-09-20,Outpatient,0.0,True
C36876,P6927,PR0086,F0075,34,M,Commercial,3,0.75,Out-of-Network,Adjusted,Neurology,Imaging,99214,I21.4,0,2522.21,768.86,8.42,3,2023-01-08,Inpatient,0.0,True
C36878,P3667,PR0193,F0055,82,M,Medicaid,2,0.45,Out-of-Network,Paid,Orthopedics,Gastroenterology,27447,J45.909,1,3364.3,1302.96,2.14,0,2023-11-07,Outpatient,0.0,True
C36892,P4364,PR0333,F0129,68,F,Commercial,12,2.75,In-Network,Paid,Endocrinology,Imaging,59400,E11.9,1,1337.08,1660.69,2.11,0,2022-07-12,Outpatient,0.104,True
C36902,P6980,PR0154,F0187,16,M,VA,3,1.04,In-Network,Adjusted,Endocrinology,Specialist,73564,E11.9,1,2136.5,990.96,0.48,1,2022-10-27,Inpatient,0.104,True
C36907,P3851,PR0414,F0151,17,M,VA,5,0.32,In-Network,Adjusted,OBGYN,Primary Care,99214,E11.9,1,4170.08,1622.68,1.73,0,2023-10-21,ER,0.104,True
C36914,P3473,PR0365,F0091,8,F,Medicare,3,2.25,Out-of-Network,Denied,OBGYN,Labs,59400,K21.9,0,2541.22,1281.17,1.05,0,2022-08-17,Outpatient,0.0,True
C36922,P3581,PR0050,F0055,13,F,Commercial,10,2.54,Out-of-Network,Denied,Dermatology,Primary Care,95250,I21.4,0,213.56,1018.37,0.1,0,2023-02-25,Outpatient,0.0,True
C36931,P4397,PR0153,F0121,21,F,Medicaid,10,2.68,In-Network,Paid,Dermatology,Labs,95250,J45.909,1,3388.41,861.15,2.33,0,2022-09-16,Outpatient,0.0,True
C36933,P4484,PR0243,F0024,8,M,Medicaid,9,1.79,In-Network,Paid,Gastroenterology,Primary Care,27447,S83.241A,0,4764.16,797.29,0.96,6,2022-02-19,Inpatient,0.0,True
C36970,P6492,PR0183,F0177,26,M,VA,4,0.35,In-Network,Adjusted,Dermatology,Specialist,59400,E11.9,1,1209.34,785.08,0.19,0,2022-04-19,ER,0.104,True
C36972,P7072,PR0046,F0009,71,F,Medicaid,11,0.41,Out-of-Network,Adjusted,Endocrinology,Gastroenterology,99285,M17.11,0,4808.88,1501.73,0.62,0,2022-03-21,Outpatient,0.0,True
C36995,P4209,PR0132,F0190,61,F,Commercial,11,2.23,In-Network,Paid,Orthopedics,Imaging,93000,E11.65,1,164.76,845.03,0.02,0,2022-03-12,ER,0.0,True
C37015,P4206,PR0117,F0088,87,M,Commercial,7,0.44,Out-of-Network,Paid,Endocrinology,Labs,59400,J45.909,1,2663.37,1015.46,1.83,0,2023-08-12,ER,0.0,True
C37023,P5108,PR0423,F0181,29,F,Commercial,9,1.17,In-Network,Denied,Gastroenterology,Labs,99285,I50.9,1,2868.36,836.43,0.47,9,2022-04-05,Inpatient,0.331,True
C37050,P2412,PR0274,F0144,48,F,VA,1,2.85,Out-of-Network,Paid,Cardiology,Labs,93000,E11.9,1,755.73,943.11,0.16,8,2022-10-03,Inpatient,0.104,True
C37052,P4606,PR0495,F0013,82,M,Medicaid,1,2.7,In-Network,Adjusted,Gastroenterology,Imaging,27447,E11.9,1,1991.31,1183.39,0.49,0,2022-04-20,Outpatient,0.104,True
C37082,P2956,PR0032,F0174,12,M,Commercial,5,2.71,Out-of-Network,Adjusted,Cardiology,Specialist,93000,K21.9,0,2216.69,1026.39,0.3,0,2022-11-09,Outpatient,0.0,True
C37083,P1951,PR0268,F0186,72,M,VA,6,2.98,In-Network,Denied,OBGYN,Surgery,27447,G40.909,0,2019.44,1033.24,0.28,0,2023-05-11,Outpatient,0.0,True
C37087,P5956,PR0187,F0153,4,M,Medicare,4,1.2,Out-of-Network,Paid,Gastroenterology,Imaging,95816,I21.4,0,2006.89,4818.89,9.14,9,2022-11-23,Inpatient,0.0,True
C37122,P4884,PR0041,F0050,29,F,Commercial,5,2.78,Out-of-Network,Adjusted,Primary Care,Primary Care,99214,G40.909,0,1025.94,1189.45,0.4,0,2022-11-04,ER,0.0,True
C37153,P5411,PR0394,F0065,24,M,VA,6,2.94,In-Network,Denied,Dermatology,Gastroenterology,73564,M17.11,0,2271.2,42825.41,0.3,8,2022-03-24,Inpatient,0.0,True
C37161,P1912,PR0442,F0077,78,M,VA,2,1.29,In-Network,Adjusted,Dermatology,Imaging,99214,M17.11,0,1951.69,795.93,0.26,0,2022-08-29,ER,0.0,True
C37165,P1860,PR0290,F0076,90,M,Commercial,7,2.88,Out-of-Network,Adjusted,Endocrinology,Surgery,99285,S83.241A,0,4772.71,879.48,1.61,0,2023-07-16,ER,0.0,True
C37171,P2945,PR0017,F0192,74,M,Commercial,3,0.66,Out-of-Network,Adjusted,Orthopedics,Labs,99285,E11.65,1,3607.67,770.78,0.62,0,2023-09-25,ER,0.0,True
C37192,P6319,PR0099,F0043,9,F,Medicaid,1,1.78,Out-of-Network,Adjusted,OBGYN,Surgery,95816,O80,0,2454.6,1076.52,1.83,0,2023-11-18,Outpatient,0.0,True
C37193,P7148,PR0065,F0012,3,M,Commercial,3,2.92,In-Network,Paid,Dermatology,Imaging,95816,M17.11,0,4978.89,1661.57,0.7,3,2022-09-01,Inpatient,0.0,True
C37235,P7098,PR0451,F0005,28,M,Medicaid,3,2.98,In-Network,Denied,Neurology,Primary Care,99213,O80,0,3276.68,963.29,0.45,2,2022-07-04,Inpatient,0.0,True
C37251,P2517,PR0117,F0188,67,F,Medicaid,7,0.33,Out-of-Network,Paid,Gastroenterology,Labs,93000,S83.241A,0,243.17,888.89,0.14,0,2022-12-25,Outpatient,0.0,True
C37272,P1612,PR0345,F0060,51,F,Medicaid,7,0.59,In-Network,Paid,Primary Care,Imaging,27447,I50.9,1,737.41,1819.22,0.28,0,2023-09-23,ER,0.331,True
C37294,P0078,PR0418,F0096,35,F,Medicare,1,1.76,In-Network,Paid,Primary Care,Primary Care,95250,G40.909,0,1598.64,833.27,0.37,0,2022-08-24,Outpatient,0.0,True
C37303,P7805,PR0380,F0093,48,F,Commercial,9,2.12,In-Network,Paid,Neurology,Primary Care,73564,M17.11,0,3193.85,970.18,0.48,0,2023-06-12,ER,0.0,True
C37326,P4275,PR0146,F0190,54,F,Medicare,7,0.51,In-Network,Denied,Dermatology,Surgery,99285,S83.241A,0,291.5,1617.13,0.06,7,2023-04-24,Inpatient,0.0,True
C37328,P5280,PR0173,F0080,42,F,Medicare,2,1.97,In-Network,Denied,Primary Care,Specialist,27447,O80,0,1437.13,963.56,2.29,0,2022-01-04,Outpatient,0.0,True
C37360,P3652,PR0216,F0017,53,M,Commercial,6,1.26,Out-of-Network,Denied,OBGYN,Specialist,95816,O80,0,512.05,848.03,0.11,0,2023-02-11,Outpatient,0.0,True
C37372,P7620,PR0362,F0197,8,M,Commercial,11,1.2,Out-of-Network,Adjusted,Gastroenterology,Primary Care,99214,J45.909,1,2708.77,1951.61,0.53,0,2022-04-05,Outpatient,0.0,True
C37378,P0558,PR0266,F0084,21,F,Medicare,6,2.62,Out-of-Network,Denied,Gastroenterology,Imaging,95250,O80,0,1925.6,1208.3,0.26,0,2022-09-28,Outpatient,0.0,True
C37436,P6907,PR0043,F0045,73,M,Commercial,11,2.89,In-Network,Adjusted,OBGYN,Gastroenterology,95250,J45.909,1,4108.69,1622.91,2.15,1,2022-07-13,Inpatient,0.0,True
C37476,P6234,PR0481,F0100,58,F,Medicare,12,2.1,Out-of-Network,Denied,OBGYN,Specialist,59400,K21.9,0,1464.06,1424.27,1.04,0,2023-10-21,Outpatient,0.0,True
C37493,P0728,PR0410,F0049,45,M,Medicaid,1,2.22,In-Network,Paid,Gastroenterology,Primary Care,59400,O80,0,148.73,2174.56,0.04,4,2022-11-13,Inpatient,0.0,True
C37522,P4971,PR0136,F0047,25,M,Medicare,3,2.95,Out-of-Network,Paid,Neurology,Primary Care,93010,I21.4,0,634.7,771.64,0.11,0,2022-07-07,Outpatient,0.0,True
C37544,P2968,PR0021,F0020,37,F,VA,11,0.94,In-Network,Denied,Primary Care,Specialist,99213,I21.4,0,3212.98,1619.88,2.16,0,2022-06-09,ER,0.0,True
C37561,P6302,PR0415,F0194,13,F,Commercial,1,0.78,In-Network,Denied,Orthopedics,Labs,27447,J45.909,1,3353.08,1009.18,3.8,0,2023-05-08,ER,0.0,True
C37567,P0096,PR0115,F0164,39,F,VA,2,0.86,Out-of-Network,Paid,Orthopedics,Surgery,99214,J45.909,1,4749.52,1196.57,3.11,0,2023-01-11,Outpatient,0.0,True
C37574,P2530,PR0438,F0192,59,M,Commercial,6,0.98,Out-of-Network,Adjusted,Primary Care,Primary Care,95816,E11.9,1,4380.09,1052.32,0.62,0,2023-10-25,Outpatient,0.104,True
C37607,P3012,PR0339,F0158,36,M,Medicare,7,1.46,Out-of-Network,Adjusted,Neurology,Specialist,93000,I21.4,0,402.67,1109.38,0.16,0,2022-12-14,Outpatient,0.0,True
C37633,P3309,PR0021,F0075,20,F,Commercial,7,1.47,In-Network,Paid,Orthopedics,Surgery,93010,I50.9,1,2951.25,954.26,0.52,0,2022-07-04,ER,0.331,True
C37634,P7584,PR0205,F0134,86,F,VA,10,2.72,In-Network,Paid,OBGYN,Imaging,93000,E11.65,1,3695.21,756.81,0.47,0,2022-04-09,Outpatient,0.0,True
C37644,P6998,PR0284,F0111,74,M,VA,3,0.45,Out-of-Network,Adjusted,Orthopedics,Specialist,59400,J45.909,1,4372.99,959.55,1.05,0,2022-03-04,ER,0.0,True
C37646,P6354,PR0170,F0093,26,F,Medicaid,2,0.99,Out-of-Network,Paid,Neurology,Imaging,93010,E11.9,1,3294.14,842.58,3.93,6,2023-01-10,Inpatient,0.104,True
C37680,P1761,PR0026,F0193,15,M,Medicaid,2,2.58,In-Network,Adjusted,Orthopedics,Labs,99285,I50.9,1,3046.44,997.04,0.44,0,2022-02-18,ER,0.331,True
C37682,P4318,PR0035,F0176,39,F,Medicaid,1,2.74,Out-of-Network,Denied,Dermatology,Gastroenterology,95816,S83.241A,0,1871.59,16218.36,0.23,0,2022-10-13,Outpatient,0.0,True
C37700,P7208,PR0179,F0041,38,F,Medicaid,7,1.21,Out-of-Network,Denied,Endocrinology,Primary Care,95250,J45.909,1,4122.8,1068.73,1.02,6,2023-05-07,Inpatient,0.0,True
C37720,P3732,PR0174,F0036,21,F,VA,8,2.68,In-Network,Paid,Gastroenterology,Gastroenterology,95250,E11.65,1,3676.33,22248.46,4.27,0,2023-11-30,ER,0.0,True
C37722,P1291,PR0140,F0140,69,F,Medicaid,4,2.98,Out-of-Network,Denied,Cardiology,Labs,99214,E11.9,1,1056.29,780.56,0.95,0,2022-12-09,Outpatient,0.104,True
C37754,P2209,PR0204,F0025,75,F,Medicaid,9,2.5,Out-of-Network,Denied,Endocrinology,Gastroenterology,99285,I21.4,0,3926.28,28329.73,1.3,3,2022-10-26,Inpatient,0.0,True
C37765,P7027,PR0381,F0124,75,F,Commercial,4,1.02,Out-of-Network,Denied,Endocrinology,Gastroenterology,27447,O80,0,1384.86,1919.33,0.2,0,2023-07-31,Outpatient,0.0,True
C37766,P3533,PR0134,F0047,61,F,Commercial,10,0.8,In-Network,Adjusted,Neurology,Imaging,95816,J45.909,1,2882.54,864.0,0.7,0,2023-07-30,ER,0.0,True
C37832,P3926,PR0320,F0145,66,M,VA,6,2.24,In-Network,Paid,Endocrinology,Labs,99213,O80,0,784.1,1859.09,0.13,0,2023-03-11,Outpatient,0.0,True
C37881,P7828,PR0144,F0141,88,F,Medicare,10,2.88,Out-of-Network,Paid,Dermatology,Specialist,99214,J45.909,1,2835.56,803.12,0.68,0,2023-08-12,ER,0.0,True
C37882,P7308,PR0123,F0075,84,M,Medicaid,9,1.55,Out-of-Network,Denied,Neurology,Labs,93000,G40.909,0,3582.38,834.64,1.06,0,2022-04-27,Outpatient,0.0,True
C37912,P0874,PR0222,F0006,71,F,Medicaid,1,2.7,Out-of-Network,Paid,Endocrinology,Gastroenterology,95816,K21.9,0,3521.62,33263.09,3.01,0,2023-09-09,Outpatient,0.0,True
C37917,P7001,PR0310,F0180,33,M,Commercial,12,0.82,Out-of-Network,Denied,OBGYN,Labs,93010,J45.909,1,2977.32,953.5,0.6,0,2022-02-25,ER,0.0,True
C37920,P2868,PR0292,F0133,46,M,Commercial,12,2.29,In-Network,Denied,OBGYN,Labs,59400,E11.9,1,2574.99,1090.97,0.36,0,2022-12-14,ER,0.104,True
C37973,P6163,PR0368,F0131,43,M,Commercial,5,0.87,Out-of-Network,Paid,Cardiology,Specialist,99285,O80,0,3739.59,1280.1,0.94,0,2023-03-10,ER,0.0,True
C37988,P7719,PR0040,F0163,70,F,VA,6,2.03,Out-of-Network,Adjusted,Orthopedics,Imaging,93010,I21.4,0,1702.08,2034.25,0.31,0,2022-08-31,ER,0.0,True
C38082,P1967,PR0075,F0130,55,M,Medicaid,2,0.53,Out-of-Network,Denied,Primary Care,Specialist,73564,S83.241A,0,1233.22,1304.45,0.16,0,2022-06-25,Outpatient,0.0,True
C38084,P6568,PR0344,F0068,38,F,VA,6,2.13,In-Network,Paid,Gastroenterology,Specialist,73564,I50.9,1,4037.1,799.09,7.39,0,2022-01-02,Outpatient,0.331,True
C38089,P7968,PR0443,F0106,70,M,Commercial,6,2.81,In-Network,Adjusted,OBGYN,Surgery,95816,S83.241A,0,708.0,772.76,0.22,6,2023-10-27,Inpatient,0.0,True
C38101,P2019,PR0310,F0073,28,F,Medicare,6,0.69,Out-of-Network,Adjusted,Neurology,Specialist,73564,O80,0,1450.05,984.28,0.68,0,2023-01-12,ER,0.0,True
C38119,P0518,PR0461,F0131,72,M,Commercial,5,1.4,In-Network,Paid,Gastroenterology,Surgery,99285,S83.241A,0,296.29,929.76,0.19,0,2023-11-17,ER,0.0,True
C38125,P3523,PR0166,F0005,35,M,VA,7,1.61,In-Network,Denied,Orthopedics,Labs,95250,E11.9,1,2470.46,819.17,0.38,0,2022-01-09,ER,0.104,True
C38151,P5744,PR0183,F0144,0,M,Medicare,2,2.74,Out-of-Network,Adjusted,Gastroenterology,Gastroenterology,99285,M17.11,0,4270.44,890.09,0.75,0,2023-12-28,Outpatient,0.0,True
C38155,P4203,PR0265,F0159,34,M,Commercial,2,2.94,Out-of-Network,Paid,Orthopedics,Surgery,95250,I21.4,0,611.57,1523.6,0.1,0,2023-05-22,ER,0.0,True
C38172,P0484,PR0257,F0083,16,F,VA,10,1.95,Out-of-Network,Paid,Dermatology,Primary Care,95250,I21.4,0,1968.61,802.02,0.5,0,2023-12-01,Outpatient,0.0,True
C38198,P3450,PR0176,F0104,11,F,Medicaid,3,2.61,In-Network,Denied,Primary Care,Surgery,95816,I21.4,0,1967.52,2413.43,0.35,0,2022-08-22,ER,0.0,True
C38225,P3619,PR0303,F0032,33,M,Medicare,2,1.49,Out-of-Network,Adjusted,Endocrinology,Surgery,95816,O80,0,2732.1,842.62,5.07,1,2023-10-12,Inpatient,0.0,True
C38236,P4940,PR0125,F0119,79,F,VA,1,2.77,In-Network,Denied,Neurology,Primary Care,95250,O80,0,4704.68,919.36,2.02,0,2023-02-21,ER,0.0,True
C38247,P4476,PR0218,F0038,8,F,Medicare,11,0.53,Out-of-Network,Adjusted,Endocrinology,Imaging,99285,O80,0,4782.85,1217.35,1.99,0,2022-06-19,ER,0.0,True
C38258,P4917,PR0129,F0083,86,M,Commercial,8,0.53,Out-of-Network,Paid,Neurology,Labs,59400,K21.9,0,2333.16,2210.93,0.45,0,2023-07-01,ER,0.0,True
C38277,P3567,PR0167,F0057,40,M,Commercial,6,2.38,Out-of-Network,Paid,Dermatology,Primary Care,73564,S83.241A,0,2670.64,1924.96,0.56,0,2022-01-15,Outpatient,0.0,True
C38287,P5335,PR0338,F0049,24,M,Medicaid,9,2.87,Out-of-Network,Adjusted,Orthopedics,Specialist,73564,G40.909,0,4052.76,1063.15,2.59,0,2022-09-29,ER,0.0,True
C38308,P5274,PR0231,F0106,7,F,Commercial,2,1.06,Out-of-Network,Paid,Gastroenterology,Imaging,93010,S83.241A,0,4349.46,848.8,2.51,0,2023-08-09,ER,0.0,True
C38317,P1345,PR0311,F0055,59,F,Commercial,6,1.59,In-Network,Denied,Primary Care,Imaging,95816,S83.241A,0,364.42,1109.84,0.16,0,2023-12-20,ER,0.0,True
C38326,P5245,PR0380,F0196,31,F,Medicare,12,1.44,Out-of-Network,Adjusted,Neurology,Imaging,99213,O80,0,1648.54,921.08,0.23,0,2022-10-04,ER,0.0,True
C38336,P0913,PR0371,F0099,22,M,Medicaid,10,1.76,Out-of-Network,Adjusted,Cardiology,Surgery,93010,J45.909,1,3592.63,1333.46,0.58,10,2022-10-28,Inpatient,0.0,True
C38353,P0563,PR0157,F0003,44,F,Commercial,8,1.02,Out-of-Network,Adjusted,Orthopedics,Primary Care,95250,I50.9,1,370.34,1412.35,0.82,1,2022-07-01,Inpatient,0.331,True
C38358,P0492,PR0227,F0090,6,F,Medicare,12,2.97,Out-of-Network,Adjusted,Primary Care,Imaging,99285,E11.9,1,99.66,3621.11,0.03,0,2023-01-20,ER,0.104,True
C38364,P5052,PR0214,F0111,27,F,Medicaid,4,1.78,In-Network,Adjusted,OBGYN,Primary Care,93010,E11.65,1,2731.04,812.58,0.92,0,2023-10-27,Outpatient,0.0,True
C38390,P1691,PR0122,F0089,74,M,Commercial,6,1.84,In-Network,Denied,Cardiology,Primary Care,95250,I21.4,0,588.55,827.93,0.25,0,2023-02-28,ER,0.0,True
C38404,P7744,PR0019,F0191,63,M,Medicaid,12,1.34,Out-of-Network,Adjusted,Dermatology,Surgery,99285,J45.909,1,4768.93,869.71,14.69,0,2023-01-22,ER,0.0,True
C38426,P3639,PR0113,F0093,6,M,Medicare,3,2.38,Out-of-Network,Denied,OBGYN,Labs,93010,I50.9,1,696.95,840.88,0.21,10,2023-08-17,Inpatient,0.331,True
C38430,P1018,PR0338,F0008,36,M,Medicare,3,1.92,Out-of-Network,Adjusted,Endocrinology,Primary Care,93010,K21.9,0,1075.16,1286.51,0.21,3,2023-02-04,Inpatient,0.0,True
C38439,P4768,PR0277,F0064,11,F,Medicare,12,2.88,In-Network,Adjusted,Endocrinology,Primary Care,99214,I50.9,1,1512.97,911.35,1.12,0,2023-11-08,Outpatient,0.331,True
C38492,P3067,PR0139,F0135,43,M,Medicaid,2,0.84,Out-of-Network,Adjusted,Orthopedics,Imaging,95250,I50.9,1,1370.01,958.64,0.26,0,2022-02-19,ER,0.331,True
C38504,P3699,PR0355,F0084,72,M,VA,4,0.73,Out-of-Network,Denied,Cardiology,Specialist,93000,E11.65,1,2345.12,1386.02,0.29,0,2022-02-07,ER,0.0,True
C38509,P7598,PR0024,F0024,36,F,Medicaid,7,2.54,In-Network,Adjusted,OBGYN,Surgery,95816,J45.909,1,4654.78,1103.27,0.93,0,2022-12-03,Outpatient,0.0,True
C38513,P4267,PR0472,F0098,51,M,Medicaid,3,1.43,In-Network,Adjusted,Orthopedics,Gastroenterology,95816,O80,0,372.94,2816.37,0.05,0,2023-04-11,Outpatient,0.0,True
C38524,P1977,PR0291,F0054,81,M,Medicare,12,2.24,Out-of-Network,Paid,Neurology,Specialist,59400,J45.909,1,4819.42,1080.87,0.84,4,2022-10-13,Inpatient,0.0,True
C38532,P7163,PR0444,F0127,76,F,VA,9,0.41,In-Network,Adjusted,Neurology,Imaging,99285,E11.9,1,592.06,969.73,0.19,0,2023-04-08,Outpatient,0.104,True
C38550,P1945,PR0242,F0028,71,F,VA,3,0.89,Out-of-Network,Paid,Cardiology,Labs,73564,I50.9,1,171.17,1103.3,0.04,0,2023-10-11,Outpatient,0.331,True
C38553,P0194,PR0286,F0151,60,M,Medicare,10,2.35,Out-of-Network,Paid,Orthopedics,Labs,27447,G40.909,0,561.69,1254.0,0.16,0,2022-03-11,Outpatient,0.0,True
C38555,P7670,PR0303,F0067,31,M,Medicare,4,0.62,In-Network,Denied,Endocrinology,Specialist,99214,I50.9,1,3120.0,1178.21,0.47,0,2023-05-28,Outpatient,0.331,True
C38561,P3919,PR0348,F0007,51,F,Medicare,2,1.75,In-Network,Adjusted,Endocrinology,Labs,93010,I21.4,0,1558.88,1252.11,0.23,7,2022-11-17,Inpatient,0.0,True
C38587,P4835,PR0433,F0124,35,F,Medicaid,9,1.93,In-Network,Paid,Cardiology,Surgery,99214,M17.11,0,192.51,796.7,0.11,0,2022-08-05,ER,0.0,True
C38596,P3880,PR0254,F0120,7,M,Medicaid,7,2.84,Out-of-Network,Paid,Endocrinology,Primary Care,99214,O80,0,2136.47,1112.99,0.33,5,2022-01-21,Inpatient,0.0,True
C38604,P5700,PR0095,F0020,16,F,VA,2,0.48,Out-of-Network,Paid,Dermatology,Specialist,95250,E11.65,1,157.98,1257.26,0.1,10,2022-02-09,Inpatient,0.0,True
C38634,P6548,PR0413,F0195,33,M,Medicare,12,1.84,In-Network,Denied,Primary Care,Gastroenterology,59400,I50.9,1,1073.74,1367.27,0.15,0,2022-10-24,Outpatient,0.331,True
C38637,P7278,PR0354,F0058,57,F,VA,1,0.3,Out-of-Network,Denied,Dermatology,Surgery,95250,M17.11,0,1631.49,814.81,0.46,0,2023-07-05,ER,0.0,True
C38643,P5491,PR0090,F0184,28,F,Medicare,5,1.64,In-Network,Denied,Orthopedics,Specialist,93010,K21.9,0,4015.82,782.27,0.69,5,2023-02-28,Inpatient,0.0,True
C38646,P4882,PR0265,F0081,67,M,Medicare,10,2.83,Out-of-Network,Adjusted,Orthopedics,Imaging,99214,M17.11,0,4584.56,802.94,22.88,0,2023-05-27,Outpatient,0.0,True
C38650,P2354,PR0196,F0182,22,M,Medicaid,2,1.56,Out-of-Network,Paid,Orthopedics,Specialist,93010,J45.909,1,3269.6,2720.32,1.95,0,2023-09-06,ER,0.0,True
C38655,P4970,PR0423,F0192,29,M,Medicaid,1,0.61,Out-of-Network,Denied,Endocrinology,Primary Care,99213,E11.9,1,3777.17,1522.36,0.55,0,2023-03-20,ER,0.104,True
C38658,P5083,PR0304,F0142,70,F,Commercial,2,2.33,In-Network,Paid,Dermatology,Specialist,95816,M17.11,0,4571.11,856.01,4.6,8,2022-06-10,Inpatient,0.0,True
C38689,P1966,PR0498,F0063,19,M,VA,9,2.24,Out-of-Network,Paid,Endocrinology,Specialist,95816,M17.11,0,4002.07,1044.39,0.9,0,2022-10-01,Outpatient,0.0,True
C38692,P1575,PR0492,F0126,42,M,Medicaid,10,2.06,Out-of-Network,Adjusted,Primary Care,Primary Care,95250,I21.4,0,3526.4,1376.07,7.64,0,2023-01-15,Outpatient,0.0,True
C38702,P3389,PR0022,F0102,30,M,VA,7,1.69,In-Network,Adjusted,Cardiology,Primary Care,93010,K21.9,0,3283.05,759.03,0.57,0,2023-01-08,Outpatient,0.0,True
C38711,P7186,PR0430,F0126,38,M,Medicare,4,2.3,Out-of-Network,Adjusted,Gastroenterology,Specialist,73564,I21.4,0,4972.08,1192.15,2.58,0,2023-08-28,Outpatient,0.0,True
C38727,P2740,PR0021,F0155,40,M,VA,6,2.47,Out-of-Network,Paid,Dermatology,Imaging,95250,G40.909,0,4426.4,1896.28,2.4,0,2023-08-03,ER,0.0,True
C38731,P1209,PR0153,F0182,87,M,Commercial,4,0.73,Out-of-Network,Denied,Cardiology,Primary Care,95250,O80,0,2965.43,1223.15,0.38,0,2022-05-18,ER,0.0,True
C38737,P2272,PR0101,F0073,88,F,Medicare,10,2.71,In-Network,Adjusted,Primary Care,Primary Care,99213,M17.11,0,2151.66,822.25,0.35,0,2023-12-11,Outpatient,0.0,True
C38746,P0964,PR0267,F0171,9,F,Medicare,7,2.83,Out-of-Network,Denied,Neurology,Specialist,95250,E11.9,1,3257.08,1005.51,0.99,0,2023-01-15,ER,0.104,True
C38762,P7746,PR0333,F0185,26,M,Medicare,5,2.08,In-Network,Paid,Endocrinology,Primary Care,99214,J45.909,1,1843.31,824.87,0.96,0,2023-02-06,Outpatient,0.0,True
C38773,P6147,PR0430,F0157,16,M,VA,7,1.52,In-Network,Denied,Primary Care,Primary Care,99285,I50.9,1,4365.39,1842.25,1.15,4,2023-05-24,Inpatient,0.331,True
C38777,P2975,PR0039,F0023,67,M,Medicare,8,1.81,Out-of-Network,Paid,Endocrinology,Surgery,27447,G40.909,0,1678.95,813.7,0.6,7,2022-10-05,Inpatient,0.0,True
C38778,P1232,PR0340,F0124,73,M,Medicare,11,2.48,Out-of-Network,Denied,Endocrinology,Primary Care,93010,O80,0,1896.5,874.01,0.75,0,2023-05-31,ER,0.0,True
C38779,P7350,PR0020,F0021,54,M,Commercial,8,2.75,Out-of-Network,Paid,Neurology,Imaging,95816,G40.909,0,1582.24,1272.96,0.2,0,2023-12-05,ER,0.0,True
C38797,P4277,PR0477,F0164,30,M,Commercial,6,2.58,Out-of-Network,Adjusted,Primary Care,Surgery,95816,I50.9,1,2685.14,1339.2,8.54,0,2022-02-15,ER,0.331,True
C38815,P6089,PR0127,F0017,79,M,Medicaid,4,1.84,Out-of-Network,Paid,Cardiology,Gastroenterology,73564,K21.9,0,504.46,2513.01,0.07,0,2022-03-09,ER,0.0,True
C38821,P4823,PR0145,F0047,52,M,Commercial,6,2.36,Out-of-Network,Denied,Orthopedics,Labs,59400,I21.4,0,4047.01,2500.84,0.58,7,2023-11-10,Inpatient,0.0,True
C38831,P2961,PR0132,F0061,62,F,Commercial,8,0.39,In-Network,Paid,Dermatology,Primary Care,73564,E11.9,1,1109.01,1482.35,2.2,0,2022-07-12,ER,0.104,True
C38852,P3360,PR0433,F0008,83,M,Medicaid,9,2.65,Out-of-Network,Adjusted,Dermatology,Surgery,73564,S83.241A,0,4286.64,1365.63,0.54,9,2022-03-29,Inpatient,0.0,True
C38861,P0221,PR0034,F0130,27,M,Medicare,12,1.5,Out-of-Network,Adjusted,Cardiology,Imaging,95250,I21.4,0,2294.37,789.71,0.86,0,2023-04-17,ER,0.0,True
C38868,P4163,PR0294,F0132,21,F,Medicaid,8,0.58,In-Network,Denied,Primary Care,Labs,99213,G40.909,0,940.98,867.21,0.22,0,2022-09-12,ER,0.0,True
C38872,P4254,PR0325,F0025,23,M,Medicaid,6,2.15,Out-of-Network,Adjusted,Endocrinology,Surgery,73564,I50.9,1,2645.19,1567.94,0.35,0,2023-08-13,ER,0.331,True
C38892,P6544,PR0433,F0128,2,F,Commercial,5,0.43,Out-of-Network,Adjusted,OBGYN,Imaging,73564,I50.9,1,1388.78,1037.28,0.24,0,2023-10-13,ER,0.331,True
C38895,P3028,PR0192,F0200,62,F,Medicare,5,2.47,In-Network,Denied,Neurology,Surgery,99213,E11.9,1,1427.49,1841.26,0.22,3,2022-07-20,Inpatient,0.104,True
C38903,P5270,PR0471,F0168,12,F,VA,1,0.98,In-Network,Adjusted,Gastroenterology,Specialist,59400,E11.65,1,907.42,1213.37,0.28,0,2022-03-04,Outpatient,0.0,True
C38917,P1951,PR0243,F0177,12,M,Commercial,11,1.71,In-Network,Denied,Gastroenterology,Primary Care,99213,M17.11,0,3727.81,1140.79,0.69,9,2023-06-30,Inpatient,0.0,True
C38919,P4550,PR0175,F0023,53,M,Medicaid,2,1.06,Out-of-Network,Adjusted,Dermatology,Surgery,95816,G40.909,0,2951.97,877.19,0.54,0,2022-06-28,ER,0.0,True
C38929,P2101,PR0455,F0167,72,M,Medicare,12,2.26,Out-of-Network,Adjusted,Neurology,Labs,99285,J45.909,1,1930.08,1137.16,0.25,0,2022-10-06,Outpatient,0.0,True
C38946,P4980,PR0001,F0061,3,M,Medicaid,10,1.11,Out-of-Network,Denied,Dermatology,Primary Care,95250,I50.9,1,1285.17,805.35,0.2,1,2022-11-22,Inpatient,0.331,True
C38957,P0795,PR0478,F0081,67,M,Medicare,3,2.31,Out-of-Network,Adjusted,Gastroenterology,Primary Care,73564,E11.9,1,672.48,2056.62,0.41,6,2022-11-29,Inpatient,0.104,True
C38976,P6709,PR0359,F0066,55,F,VA,11,1.5,In-Network,Adjusted,Gastroenterology,Specialist,27447,G40.909,0,181.17,1665.63,0.14,9,2022-09-29,Inpatient,0.0,True
C38987,P1404,PR0296,F0099,8,F,Medicare,1,3.0,In-Network,Paid,Gastroenterology,Imaging,59400,K21.9,0,1849.58,769.91,0.57,0,2022-12-29,Outpatient,0.0,True
C39025,P6458,PR0410,F0177,48,M,Commercial,6,0.71,Out-of-Network,Adjusted,Dermatology,Imaging,59400,I50.9,1,4900.19,1900.36,0.77,0,2022-08-14,Outpatient,0.331,True
C39044,P5314,PR0149,F0026,78,F,Commercial,12,0.51,Out-of-Network,Adjusted,Endocrinology,Imaging,99214,O80,0,3834.77,853.12,1.87,0,2022-11-30,Outpatient,0.0,True
C39069,P1462,PR0041,F0032,66,M,Medicaid,12,0.59,In-Network,Denied,Endocrinology,Primary Care,99285,G40.909,0,1641.1,1177.57,0.31,0,2022-04-08,ER,0.0,True
C39097,P4751,PR0159,F0148,14,F,Medicare,10,1.04,Out-of-Network,Adjusted,Orthopedics,Primary Care,93010,M17.11,0,4627.96,4036.77,0.58,7,2023-04-26,Inpatient,0.0,True
C39100,P1665,PR0301,F0111,58,M,Commercial,3,1.35,Out-of-Network,Denied,Dermatology,Labs,99213,I21.4,0,1134.03,803.53,0.19,0,2023-12-11,Outpatient,0.0,True
C39102,P1847,PR0252,F0064,77,M,Medicare,12,1.48,In-Network,Adjusted,OBGYN,Primary Care,93010,I21.4,0,3607.0,1496.86,0.6,0,2022-06-16,ER,0.0,True
C39106,P3563,PR0399,F0168,13,F,Commercial,6,2.87,Out-of-Network,Denied,Orthopedics,Primary Care,59400,J45.909,1,1026.82,2583.06,0.31,0,2023-07-10,ER,0.0,True
C39108,P7501,PR0251,F0070,62,F,Commercial,6,2.4,In-Network,Adjusted,Neurology,Labs,59400,E11.65,1,4816.01,3647.03,7.06,9,2022-03-14,Inpatient,0.0,True
C39111,P0809,PR0158,F0145,72,M,Medicaid,12,1.49,In-Network,Adjusted,Endocrinology,Specialist,99285,G40.909,0,2581.07,992.6,1.47,10,2023-11-13,Inpatient,0.0,True
C39123,P6146,PR0476,F0030,28,F,Medicare,4,0.6,In-Network,Adjusted,Orthopedics,Labs,99285,I21.4,0,616.95,986.28,0.56,0,2022-09-09,Outpatient,0.0,True
C39161,P1204,PR0178,F0087,9,F,Commercial,6,2.17,Out-of-Network,Denied,Endocrinology,Surgery,99285,E11.9,1,1723.33,782.3,4.8,0,2023-11-05,Outpatient,0.104,True
C39170,P0588,PR0413,F0088,10,M,VA,2,1.81,In-Network,Adjusted,Neurology,Surgery,95816,I50.9,1,1657.25,1866.81,0.4,0,2022-12-14,Outpatient,0.331,True
C39183,P1680,PR0130,F0126,57,F,VA,12,0.36,In-Network,Denied,OBGYN,Primary Care,73564,I50.9,1,4411.93,1555.1,0.73,10,2022-04-17,Inpatient,0.331,True
C39185,P6946,PR0222,F0025,17,M,VA,2,1.03,In-Network,Denied,Neurology,Specialist,93010,I21.4,0,4953.66,1700.57,1.57,0,2022-03-15,Outpatient,0.0,True
C39207,P1887,PR0231,F0156,46,F,Medicaid,11,1.59,Out-of-Network,Paid,Gastroenterology,Imaging,99285,O80,0,1168.39,1876.2,0.31,6,2023-01-09,Inpatient,0.0,True
C39222,P4218,PR0487,F0066,30,M,Commercial,6,0.39,Out-of-Network,Adjusted,Endocrinology,Labs,99214,I50.9,1,2617.19,1243.8,0.67,0,2023-01-10,ER,0.331,True
C39262,P7452,PR0358,F0150,67,M,Medicaid,3,1.89,In-Network,Denied,OBGYN,Labs,27447,I50.9,1,3590.87,1064.46,0.99,0,2023-06-16,ER,0.331,True
C39266,P6252,PR0320,F0006,2,M,Medicare,12,2.13,Out-of-Network,Adjusted,Gastroenterology,Imaging,95816,I50.9,1,4251.29,1358.89,0.95,0,2022-03-18,Outpatient,0.331,True
C39277,P3608,PR0006,F0039,81,F,Medicaid,5,2.22,In-Network,Paid,Primary Care,Primary Care,59400,G40.909,0,3999.13,960.37,0.52,5,2023-09-10,Inpatient,0.0,True
C39284,P5681,PR0448,F0157,23,F,Medicaid,12,1.8,Out-of-Network,Adjusted,Primary Care,Surgery,59400,K21.9,0,2083.14,1471.14,0.31,4,2023-01-28,Inpatient,0.0,True
C39286,P7981,PR0268,F0055,52,M,Commercial,8,1.57,Out-of-Network,Adjusted,OBGYN,Primary Care,95250,G40.909,0,3970.77,2162.39,2.16,0,2022-03-19,Outpatient,0.0,True
C39293,P7042,PR0012,F0162,43,M,VA,2,1.54,Out-of-Network,Denied,Cardiology,Specialist,93000,J45.909,1,4812.82,1253.42,0.84,0,2023-08-15,ER,0.0,True
C39303,P3178,PR0034,F0106,71,F,Medicaid,4,0.72,In-Network,Adjusted,Neurology,Surgery,95250,E11.9,1,147.37,1082.59,0.06,2,2022-08-09,Inpatient,0.104,True
C39312,P1106,PR0177,F0025,69,M,Commercial,11,0.53,In-Network,Denied,Dermatology,Imaging,27447,G40.909,0,2097.44,793.17,0.38,0,2022-08-24,ER,0.0,True
C39321,P6352,PR0045,F0023,37,M,Commercial,7,1.1,In-Network,Denied,OBGYN,Primary Care,99213,J45.909,1,1389.6,1287.97,0.3,0,2023-06-27,ER,0.0,True
C39341,P0614,PR0173,F0177,20,F,Medicaid,11,1.95,In-Network,Denied,Endocrinology,Primary Care,99285,I21.4,0,3292.31,3385.88,0.97,0,2023-11-19,ER,0.0,True
C39347,P1645,PR0133,F0102,7,M,VA,4,1.59,Out-of-Network,Paid,OBGYN,Labs,99213,E11.65,1,1873.68,855.58,0.6,0,2023-03-09,ER,0.0,True
C39366,P2637,PR0241,F0002,76,F,Medicare,1,2.32,In-Network,Adjusted,Neurology,Specialist,95816,E11.65,1,4381.09,760.87,1.52,6,2022-05-08,Inpatient,0.0,True
C39379,P0802,PR0193,F0143,4,M,Medicare,1,2.97,Out-of-Network,Paid,Primary Care,Imaging,99285,K21.9,0,3678.23,855.46,11.96,10,2023-05-18,Inpatient,0.0,True
C39406,P3677,PR0082,F0005,13,F,Medicaid,8,1.39,In-Network,Denied,Orthopedics,Surgery,73564,I21.4,0,148.3,937.52,0.08,0,2022-12-21,ER,0.0,True
C39412,P0575,PR0323,F0066,78,M,Commercial,11,0.97,In-Network,Adjusted,Endocrinology,Labs,73564,E11.65,1,2504.28,891.31,0.42,10,2023-06-19,Inpatient,0.0,True
C39438,P2982,PR0306,F0006,61,M,Medicare,2,2.84,In-Network,Paid,Neurology,Imaging,99213,S83.241A,0,1080.32,850.74,0.2,0,2022-08-08,Outpatient,0.0,True
C39442,P1506,PR0370,F0148,50,F,Medicaid,9,0.77,In-Network,Adjusted,Endocrinology,Primary Care,73564,S83.241A,0,1301.72,1447.99,0.22,0,2023-05-08,Outpatient,0.0,True
C39446,P0935,PR0448,F0062,9,M,VA,7,1.17,In-Network,Adjusted,Endocrinology,Labs,59400,S83.241A,0,2421.85,809.25,1.2,8,2022-08-07,Inpatient,0.0,True
C39464,P5196,PR0022,F0037,77,F,Medicaid,7,1.81,In-Network,Paid,Endocrinology,Surgery,59400,I21.4,0,1603.64,972.69,2.34,0,2023-06-09,Outpatient,0.0,True
C39487,P4074,PR0211,F0193,71,F,Medicaid,1,2.29,In-Network,Paid,Primary Care,Primary Care,99214,M17.11,0,333.2,879.08,0.05,6,2023-02-06,Inpatient,0.0,True
C39497,P0494,PR0387,F0058,24,M,Commercial,4,2.28,Out-of-Network,Adjusted,Dermatology,Specialist,59400,M17.11,0,582.25,817.81,0.1,0,2023-07-29,Outpatient,0.0,True
C39511,P5756,PR0490,F0179,63,F,VA,9,2.63,Out-of-Network,Paid,Cardiology,Primary Care,99214,G40.909,0,511.66,1082.23,0.29,8,2023-12-12,Inpatient,0.0,True
C39571,P7883,PR0405,F0153,75,F,VA,11,2.52,In-Network,Denied,Gastroenterology,Surgery,95816,M17.11,0,3923.31,917.32,0.78,0,2023-09-07,Outpatient,0.0,True
C39576,P0258,PR0360,F0133,58,M,Medicare,7,1.17,Out-of-Network,Denied,OBGYN,Surgery,73564,I21.4,0,3466.23,3139.95,0.5,2,2023-07-24,Inpatient,0.0,True
C39579,P3630,PR0497,F0052,36,F,Medicare,1,2.66,In-Network,Paid,Neurology,Imaging,95250,I50.9,1,2215.19,1774.12,1.2,0,2022-09-10,Outpatient,0.331,True
C39609,P7067,PR0068,F0076,79,M,VA,5,1.74,Out-of-Network,Denied,Primary Care,Imaging,59400,G40.909,0,4806.5,852.92,2.88,0,2023-02-06,Outpatient,0.0,True
C39613,P1187,PR0262,F0057,68,F,Medicaid,8,0.73,In-Network,Paid,OBGYN,Imaging,27447,O80,0,1612.56,941.66,1.0,10,2023-01-07,Inpatient,0.0,True
C39621,P1642,PR0452,F0040,68,M,Medicare,3,2.75,In-Network,Adjusted,Orthopedics,Primary Care,99214,J45.909,1,2921.72,1186.6,3.19,0,2022-02-07,Outpatient,0.0,True
C39625,P5285,PR0123,F0128,89,F,VA,1,0.87,Out-of-Network,Denied,Primary Care,Primary Care,93000,E11.9,1,1358.22,2437.05,3.07,0,2023-12-28,Outpatient,0.104,True
C39630,P4657,PR0014,F0036,53,M,VA,6,0.6,In-Network,Adjusted,Orthopedics,Primary Care,95250,E11.65,1,1178.61,839.36,0.86,0,2022-02-26,Outpatient,0.0,True
C39633,P3066,PR0355,F0125,26,F,VA,6,1.57,In-Network,Adjusted,Neurology,Primary Care,59400,K21.9,0,3986.47,1053.77,1.26,0,2023-09-17,Outpatient,0.0,True
C39645,P4519,PR0375,F0191,26,F,Commercial,5,1.26,In-Network,Denied,Dermatology,Surgery,95816,S83.241A,0,2815.65,892.81,1.53,0,2023-05-08,Outpatient,0.0,True
C39658,P4772,PR0061,F0151,9,M,VA,8,1.77,Out-of-Network,Paid,Gastroenterology,Specialist,99214,I50.9,1,4954.56,847.01,0.69,0,2023-06-22,ER,0.331,True
C39661,P6771,PR0364,F0073,85,M,Medicare,11,2.53,Out-of-Network,Paid,Cardiology,Imaging,95816,E11.9,1,1372.48,2405.19,0.25,0,2023-12-04,Outpatient,0.104,True
C39665,P1537,PR0226,F0094,32,F,Medicaid,10,1.03,Out-of-Network,Adjusted,Endocrinology,Surgery,59400,G40.909,0,3839.79,1323.22,2.52,0,2022-02-24,ER,0.0,True
C39684,P6182,PR0211,F0140,56,M,Commercial,11,2.25,In-Network,Adjusted,Primary Care,Primary Care,73564,M17.11,0,2679.88,1211.66,3.29,0,2022-01-23,Outpatient,0.0,True
C39693,P1966,PR0245,F0138,11,F,Medicare,3,2.63,In-Network,Denied,Orthopedics,Gastroenterology,95816,M17.11,0,2694.93,41537.35,0.93,0,2022-09-01,Outpatient,0.0,True
C39698,P2685,PR0229,F0091,21,F,Medicaid,3,0.48,Out-of-Network,Denied,Neurology,Surgery,99285,J45.909,1,4493.53,1020.32,7.17,10,2022-09-02,Inpatient,0.0,True
C39702,P4617,PR0024,F0039,69,M,Medicare,1,0.63,In-Network,Paid,OBGYN,Imaging,99213,G40.909,0,4601.5,750.41,0.74,0,2022-02-03,ER,0.0,True
C39749,P3580,PR0385,F0072,64,M,Medicaid,10,2.89,Out-of-Network,Paid,OBGYN,Primary Care,93000,I21.4,0,1178.92,1242.62,0.78,0,2023-05-29,Outpatient,0.0,True
C39757,P2910,PR0050,F0162,35,M,VA,8,0.32,Out-of-Network,Adjusted,Endocrinology,Imaging,27447,J45.909,1,374.72,998.77,0.09,0,2023-11-11,Outpatient,0.0,True
C39777,P1138,PR0328,F0012,3,M,Medicare,1,1.13,In-Network,Paid,Gastroenterology,Primary Care,95816,G40.909,0,612.05,1189.45,0.22,0,2022-06-18,ER,0.0,True
C39799,P2472,PR0343,F0048,88,F,VA,10,0.75,In-Network,Denied,OBGYN,Imaging,73564,K21.9,0,1079.38,1229.5,0.4,0,2022-11-15,ER,0.0,True
C39839,P6114,PR0428,F0067,44,F,Commercial,5,3.0,In-Network,Adjusted,Gastroenterology,Gastroenterology,27447,E11.65,1,1624.29,31203.38,0.43,5,2023-02-27,Inpatient,0.0,True
C39842,P4800,PR0085,F0145,41,F,VA,12,2.57,Out-of-Network,Adjusted,Cardiology,Primary Care,93010,E11.9,1,246.8,1051.19,0.13,0,2022-01-06,Outpatient,0.104,True
C39848,P5674,PR0394,F0167,70,M,Medicare,7,1.29,In-Network,Paid,Cardiology,Labs,95250,K21.9,0,442.9,1053.24,0.2,7,2023-10-16,Inpatient,0.0,True
C39851,P7492,PR0163,F0160,27,F,Medicaid,5,0.48,In-Network,Denied,Neurology,Primary Care,99285,E11.65,1,2429.83,825.12,0.37,4,2022-03-07,Inpatient,0.0,True
C39865,P7700,PR0169,F0156,54,F,Medicare,4,1.07,In-Network,Paid,Endocrinology,Labs,59400,S83.241A,0,3221.02,948.71,0.52,8,2022-02-10,Inpatient,0.0,True
C39871,P3642,PR0290,F0152,55,M,VA,5,0.69,In-Network,Denied,Gastroenterology,Labs,99214,J45.909,1,3019.35,1470.35,0.8,9,2023-04-01,Inpatient,0.0,True
C39883,P7940,PR0083,F0022,54,F,Commercial,7,1.0,Out-of-Network,Paid,Gastroenterology,Labs,95250,S83.241A,0,200.02,1316.73,0.05,0,2023-04-15,ER,0.0,True
C39891,P3562,PR0122,F0054,50,M,Commercial,1,1.78,Out-of-Network,Denied,Cardiology,Surgery,59400,J45.909,1,4244.34,757.95,1.01,3,2023-04-03,Inpatient,0.0,True
C39919,P6555,PR0197,F0016,40,M,Medicare,6,2.8,In-Network,Paid,Dermatology,Specialist,95816,K21.9,0,2373.23,761.98,0.37,6,2022-06-28,Inpatient,0.0,True
C39933,P5456,PR0453,F0078,48,M,Medicare,5,1.18,In-Network,Adjusted,Dermatology,Labs,99285,E11.9,1,2037.39,1552.51,0.33,0,2023-04-16,ER,0.104,True
C39939,P1932,PR0395,F0121,86,M,Commercial,12,0.3,Out-of-Network,Denied,Neurology,Imaging,95250,G40.909,0,2109.38,1121.0,0.34,0,2022-06-24,Outpatient,0.0,True
C39940,P7583,PR0436,F0006,0,M,VA,9,2.69,Out-of-Network,Paid,Primary Care,Imaging,93010,S83.241A,0,1441.05,1500.92,1.14,0,2022-10-07,Outpatient,0.0,True
C39957,P0956,PR0084,F0046,14,M,Commercial,11,1.24,In-Network,Adjusted,Orthopedics,Labs,99213,I50.9,1,61.4,940.57,0.01,4,2022-04-26,Inpatient,0.331,True
C39967,P4941,PR0007,F0026,71,F,Commercial,8,1.24,Out-of-Network,Paid,OBGYN,Surgery,99214,I50.9,1,4760.88,1196.14,1.35,0,2023-04-25,Outpatient,0.331,True
C39971,P0149,PR0444,F0066,12,M,Medicaid,8,1.11,Out-of-Network,Paid,Cardiology,Imaging,93010,K21.9,0,3749.66,792.21,0.84,1,2023-08-26,Inpatient,0.0,True
C39972,P3357,PR0496,F0176,27,F,Medicaid,6,0.38,Out-of-Network,Adjusted,Cardiology,Labs,93010,E11.9,1,4329.18,956.13,2.1,0,2022-08-30,Outpatient,0.104,True
C39987,P6107,PR0310,F0076,71,M,VA,5,0.8,In-Network,Adjusted,Primary Care,Primary Care,99285,O80,0,4090.24,926.61,1.54,0,2023-04-01,Outpatient,0.0,True
C39989,P7585,PR0293,F0020,84,M,Medicare,10,1.58,In-Network,Denied,Endocrinology,Labs,73564,E11.65,1,4830.68,2725.73,2.15,8,2022-01-28,Inpatient,0.0,True
C39991,P7859,PR0419,F0126,1,M,Medicaid,7,0.68,Out-of-Network,Denied,Primary Care,Surgery,95250,S83.241A,0,4514.44,1129.19,0.64,0,2023-10-06,Outpatient,0.0,True
C40012,P3727,PR0393,F0115,71,F,Medicare,4,1.11,In-Network,Paid,Neurology,Imaging,27447,I50.9,1,1755.16,1371.8,0.22,8,2022-02-18,Inpatient,0.331,True
C40021,P6500,PR0427,F0083,0,M,Commercial,9,0.81,In-Network,Adjusted,Gastroenterology,Gastroenterology,99285,K21.9,0,1933.39,1059.66,1.19,0,2022-01-05,ER,0.0,True
C40027,P4123,PR0422,F0120,67,F,Medicaid,9,2.94,In-Network,Paid,Endocrinology,Imaging,99214,O80,0,376.29,1178.89,0.19,0,2022-02-02,Outpatient,0.0,True
C40031,P4060,PR0495,F0137,76,M,Commercial,1,0.92,In-Network,Adjusted,Neurology,Specialist,99213,G40.909,0,2319.14,1096.18,0.9,0,2022-04-14,ER,0.0,True
C40043,P4664,PR0377,F0166,72,M,Medicaid,4,1.32,Out-of-Network,Adjusted,Endocrinology,Specialist,93000,G40.909,0,2066.04,2300.75,0.28,6,2023-09-20,Inpatient,0.0,True
C40050,P0395,PR0424,F0100,25,M,VA,5,2.27,In-Network,Denied,Orthopedics,Labs,99285,I50.9,1,4432.89,1625.08,3.06,0,2022-07-19,Outpatient,0.331,True
C40051,P6562,PR0021,F0197,82,F,VA,2,1.24,Out-of-Network,Denied,Endocrinology,Imaging,59400,S83.241A,0,2936.09,2486.74,0.87,0,2023-02-10,Outpatient,0.0,True
C40057,P5178,PR0135,F0068,3,F,Medicaid,5,2.63,Out-of-Network,Denied,Neurology,Specialist,99214,I50.9,1,3845.97,1260.73,0.5,0,2022-11-19,ER,0.331,True
C40070,P7018,PR0002,F0059,64,M,Medicare,12,0.46,Out-of-Network,Paid,Neurology,Imaging,99285,S83.241A,0,474.22,797.57,0.06,2,2023-01-25,Inpatient,0.0,True
C40078,P4821,PR0460,F0014,18,M,VA,1,1.77,Out-of-Network,Denied,Endocrinology,Labs,59400,E11.65,1,4059.61,2571.49,1.35,0,2022-07-24,ER,0.0,True
C40082,P0118,PR0438,F0045,26,M,VA,3,0.69,In-Network,Adjusted,OBGYN,Gastroenterology,59400,I21.4,0,4846.9,35280.55,0.64,5,2022-08-27,Inpatient,0.0,True
C40158,P6824,PR0176,F0168,69,M,Medicare,6,2.27,In-Network,Paid,Dermatology,Specialist,93010,E11.65,1,1016.39,1478.23,0.6,2,2023-07-02,Inpatient,0.0,True
C40164,P2462,PR0316,F0056,21,M,Commercial,7,0.74,Out-of-Network,Paid,Orthopedics,Surgery,73564,K21.9,0,1621.8,1809.47,0.27,0,2022-01-12,Outpatient,0.0,True
C40193,P4560,PR0004,F0162,4,F,VA,12,2.88,Out-of-Network,Adjusted,Cardiology,Labs,59400,E11.65,1,3051.78,1959.27,0.4,0,2023-09-25,ER,0.0,True
C40197,P1104,PR0117,F0191,44,M,Commercial,11,0.8,Out-of-Network,Denied,Gastroenterology,Specialist,95250,E11.9,1,2825.95,1072.55,0.39,10,2022-03-06,Inpatient,0.104,True
C40211,P5356,PR0206,F0091,33,M,VA,9,1.11,Out-of-Network,Paid,OBGYN,Surgery,93010,G40.909,0,4698.5,1285.18,7.23,10,2022-01-16,Inpatient,0.0,True
C40232,P4768,PR0081,F0060,16,F,Medicare,2,1.05,Out-of-Network,Denied,OBGYN,Primary Care,99285,E11.65,1,1606.47,1296.37,0.36,0,2023-11-27,Outpatient,0.0,True
C40252,P4465,PR0301,F0115,64,F,Commercial,10,2.09,In-Network,Adjusted,Orthopedics,Labs,99214,K21.9,0,2948.41,814.56,0.65,10,2022-09-26,Inpatient,0.0,True
C40277,P1242,PR0135,F0164,45,M,Medicaid,9,2.48,In-Network,Adjusted,Orthopedics,Imaging,93000,S83.241A,0,2060.59,860.18,8.76,0,2023-02-08,Outpatient,0.0,True
C40292,P2874,PR0244,F0082,28,F,Medicaid,11,2.84,Out-of-Network,Paid,Orthopedics,Specialist,73564,I21.4,0,324.49,1432.39,0.07,3,2023-08-02,Inpatient,0.0,True
C40308,P2284,PR0421,F0133,12,F,Commercial,6,1.2,Out-of-Network,Paid,Endocrinology,Surgery,95250,K21.9,0,490.35,2372.49,0.23,0,2023-03-14,ER,0.0,True
C40332,P2895,PR0132,F0048,56,M,VA,5,1.5,In-Network,Adjusted,Cardiology,Primary Care,73564,E11.9,1,3068.73,869.22,0.99,10,2023-11-10,Inpatient,0.104,True
C40338,P0886,PR0294,F0117,32,F,Commercial,4,2.03,In-Network,Paid,Primary Care,Specialist,99285,I50.9,1,4679.07,1077.4,1.36,0,2023-11-12,ER,0.331,True
C40365,P4678,PR0193,F0063,7,M,Medicaid,4,0.58,Out-of-Network,Denied,Orthopedics,Gastroenterology,27447,S83.241A,0,2532.95,19511.95,0.32,0,2023-11-29,ER,0.0,True
C40403,P4317,PR0160,F0157,87,M,Commercial,7,1.39,Out-of-Network,Denied,Primary Care,Surgery,93010,K21.9,0,1910.8,1262.91,1.3,0,2022-08-02,Outpatient,0.0,True
C40421,P5942,PR0491,F0150,39,M,Medicaid,8,0.85,In-Network,Adjusted,Orthopedics,Surgery,99214,J45.909,1,2887.44,873.56,4.19,0,2023-11-24,Outpatient,0.0,True
C40425,P3024,PR0420,F0149,48,M,Medicare,7,2.22,In-Network,Denied,Neurology,Surgery,73564,E11.9,1,553.87,768.87,0.24,0,2022-02-12,ER,0.104,True
C40426,P4878,PR0165,F0180,34,M,VA,9,1.84,Out-of-Network,Denied,Gastroenterology,Primary Care,59400,G40.909,0,2416.96,1295.78,0.48,0,2023-10-02,ER,0.0,True
C40428,P5939,PR0322,F0092,4,F,Medicaid,11,2.28,In-Network,Paid,Orthopedics,Surgery,73564,S83.241A,0,4792.42,941.83,2.22,0,2023-09-10,ER,0.0,True
C40452,P3642,PR0389,F0012,6,F,VA,2,0.85,In-Network,Denied,Dermatology,Specialist,27447,S83.241A,0,2671.95,1484.7,0.83,0,2023-03-03,Outpatient,0.0,True
C40461,P7345,PR0165,F0157,34,M,Medicare,2,1.12,In-Network,Adjusted,OBGYN,Specialist,95250,I21.4,0,3062.15,1529.35,0.48,0,2023-08-25,Outpatient,0.0,True
C40465,P1251,PR0464,F0015,18,M,Medicaid,5,0.66,In-Network,Denied,OBGYN,Imaging,95250,I21.4,0,444.05,1311.98,0.09,4,2023-08-10,Inpatient,0.0,True
C40473,P3360,PR0246,F0163,2,F,Medicaid,7,2.64,Out-of-Network,Adjusted,Endocrinology,Imaging,59400,J45.909,1,706.84,1027.91,0.76,0,2023-06-17,ER,0.0,True
C40478,P2529,PR0448,F0121,77,F,VA,11,2.62,Out-of-Network,Adjusted,Neurology,Labs,93000,E11.65,1,288.49,880.9,0.04,0,2022-02-09,ER,0.0,True
C40491,P2207,PR0434,F0094,31,M,Medicaid,5,2.63,Out-of-Network,Denied,Dermatology,Imaging,93010,I21.4,0,1242.12,998.29,0.23,0,2023-01-13,ER,0.0,True
C40499,P2929,PR0250,F0098,32,F,VA,4,1.05,Out-of-Network,Paid,Endocrinology,Primary Care,99214,I21.4,0,4093.77,1150.06,1.16,0,2022-08-16,Outpatient,0.0,True
C40567,P5098,PR0194,F0069,5,F,VA,2,1.88,In-Network,Denied,Orthopedics,Labs,99285,J45.909,1,3570.19,2909.17,0.73,0,2022-10-16,Outpatient,0.0,True
C40585,P6191,PR0231,F0175,17,F,VA,10,2.32,Out-of-Network,Adjusted,Primary Care,Surgery,27447,S83.241A,0,3149.41,835.19,0.49,0,2022-01-29,Outpatient,0.0,True
C40601,P7806,PR0247,F0069,50,M,Commercial,6,1.57,Out-of-Network,Paid,Primary Care,Surgery,95816,O80,0,845.05,1582.47,0.52,0,2022-10-17,ER,0.0,True
C40631,P7653,PR0472,F0084,43,M,Medicare,11,0.88,Out-of-Network,Paid,Dermatology,Imaging,27447,E11.65,1,2530.86,1148.85,1.16,0,2023-03-19,ER,0.0,True
C40634,P7198,PR0346,F0063,90,M,Commercial,10,0.49,In-Network,Denied,Primary Care,Specialist,27447,I50.9,1,122.27,2922.01,0.02,0,2023-01-25,Outpatient,0.331,True
C40647,P2424,PR0078,F0058,36,F,Medicaid,5,1.84,In-Network,Adjusted,Cardiology,Labs,95250,S83.241A,0,4386.74,1553.78,1.02,0,2023-06-10,Outpatient,0.0,True
C40662,P7590,PR0221,F0171,70,M,Commercial,9,2.89,Out-of-Network,Adjusted,OBGYN,Surgery,99285,M17.11,0,3738.56,1575.11,1.55,0,2023-06-15,ER,0.0,True
C40668,P0211,PR0361,F0194,62,M,Medicaid,4,1.6,In-Network,Denied,Gastroenterology,Surgery,59400,J45.909,1,435.04,791.22,0.16,8,2022-02-24,Inpatient,0.0,True
C40670,P0450,PR0002,F0089,83,F,Commercial,4,1.37,Out-of-Network,Adjusted,Cardiology,Imaging,95816,I50.9,1,2854.72,966.29,0.77,0,2023-09-01,Outpatient,0.331,True
C40682,P2287,PR0057,F0085,45,F,Medicaid,4,0.77,In-Network,Denied,OBGYN,Specialist,93000,K21.9,0,4546.9,948.4,1.08,0,2022-06-10,ER,0.0,True
C40687,P1709,PR0414,F0011,61,M,Medicare,10,2.07,Out-of-Network,Adjusted,Endocrinology,Specialist,99214,E11.65,1,4544.43,1172.72,1.97,0,2022-04-18,Outpatient,0.0,True
C40694,P3525,PR0181,F0055,70,M,Medicaid,12,1.66,Out-of-Network,Denied,Endocrinology,Primary Care,93000,M17.11,0,3423.38,1306.8,0.64,0,2022-12-21,ER,0.0,True
C40740,P2585,PR0356,F0139,41,M,Medicare,12,2.34,Out-of-Network,Paid,OBGYN,Labs,93000,K21.9,0,4542.5,899.27,1.76,0,2023-07-18,ER,0.0,True
C40756,P4240,PR0324,F0006,76,M,VA,10,2.3,In-Network,Paid,OBGYN,Primary Care,27447,I50.9,1,4037.35,925.44,0.71,8,2022-06-07,Inpatient,0.331,True
C40773,P4248,PR0235,F0174,23,M,VA,9,2.29,In-Network,Adjusted,Orthopedics,Primary Care,59400,J45.909,1,3058.25,912.73,1.22,0,2022-09-26,ER,0.0,True
C40792,P4571,PR0133,F0109,66,F,Medicare,5,1.24,In-Network,Paid,OBGYN,Surgery,99285,O80,0,3488.22,3052.54,0.74,0,2023-06-15,Outpatient,0.0,True
C40799,P2110,PR0019,F0148,57,M,VA,8,0.71,Out-of-Network,Paid,Endocrinology,Surgery,27447,S83.241A,0,4122.59,1794.56,0.61,0,2023-05-31,Outpatient,0.0,True
C40827,P7651,PR0237,F0099,72,F,Commercial,11,0.87,In-Network,Adjusted,Primary Care,Primary Care,99213,E11.65,1,1069.91,814.76,0.38,10,2022-11-28,Inpatient,0.0,True
C40831,P6942,PR0375,F0038,20,M,VA,2,0.85,In-Network,Adjusted,Dermatology,Primary Care,73564,I21.4,0,4596.01,889.66,0.85,0,2023-12-02,Outpatient,0.0,True
C40834,P5375,PR0076,F0008,29,F,Medicare,4,2.54,Out-of-Network,Denied,Dermatology,Imaging,93000,M17.11,0,3125.71,759.78,0.64,0,2023-10-22,Outpatient,0.0,True
C40837,P2546,PR0079,F0021,28,F,VA,10,2.78,Out-of-Network,Paid,Dermatology,Surgery,59400,K21.9,0,3280.73,822.24,3.36,0,2022-01-02,ER,0.0,True
C40845,P0312,PR0272,F0200,51,M,Medicare,6,2.17,In-Network,Adjusted,Cardiology,Labs,99285,I50.9,1,2738.15,1098.88,1.34,0,2022-01-14,Outpatient,0.331,True
C40847,P3154,PR0116,F0046,63,F,Commercial,12,0.42,Out-of-Network,Denied,Cardiology,Specialist,99285,S83.241A,0,3111.51,923.15,0.91,0,2023-12-06,Outpatient,0.0,True
C40854,P7285,PR0292,F0178,25,M,Medicare,3,1.63,In-Network,Denied,Gastroenterology,Imaging,59400,E11.65,1,2052.84,1206.56,0.47,10,2022-12-24,Inpatient,0.0,True
C40867,P4560,PR0497,F0193,88,M,Commercial,10,2.33,In-Network,Adjusted,OBGYN,Specialist,99285,S83.241A,0,4324.68,1625.56,2.4,0,2023-08-28,Outpatient,0.0,True
C40875,P5717,PR0394,F0066,54,F,VA,6,2.61,In-Network,Denied,Orthopedics,Specialist,99285,E11.65,1,2337.09,907.57,0.48,10,2022-05-25,Inpatient,0.0,True
C40878,P0373,PR0337,F0194,45,F,Medicaid,2,0.52,In-Network,Paid,Dermatology,Surgery,59400,E11.65,1,4416.08,925.26,2.92,0,2023-12-07,ER,0.0,True
C40883,P5999,PR0420,F0094,72,F,Commercial,10,1.79,In-Network,Denied,OBGYN,Specialist,99213,M17.11,0,3881.92,1306.56,1.0,9,2022-04-02,Inpatient,0.0,True
C40889,P2596,PR0454,F0034,86,F,VA,5,2.72,In-Network,Adjusted,Dermatology,Primary Care,99213,E11.9,1,1982.38,981.9,0.37,0,2022-01-18,Outpatient,0.104,True
C40893,P0178,PR0416,F0079,72,M,Medicaid,3,2.7,In-Network,Denied,Dermatology,Imaging,93000,O80,0,556.09,764.36,0.11,8,2022-10-26,Inpatient,0.0,True
C40915,P5647,PR0454,F0112,53,M,VA,4,0.8,In-Network,Paid,Endocrinology,Surgery,99285,E11.9,1,712.38,757.24,0.11,0,2023-04-19,ER,0.104,True
C40920,P0996,PR0196,F0110,37,M,Medicare,11,2.15,Out-of-Network,Adjusted,Dermatology,Labs,93000,S83.241A,0,843.32,987.55,0.14,3,2022-07-29,Inpatient,0.0,True
C40921,P5447,PR0031,F0165,84,M,Medicare,10,2.9,In-Network,Denied,Gastroenterology,Labs,95250,M17.11,0,1039.71,853.36,0.34,0,2022-06-11,Outpatient,0.0,True
C40947,P1318,PR0083,F0078,59,M,Medicare,9,2.73,Out-of-Network,Denied,Gastroenterology,Surgery,99285,O80,0,2510.38,827.64,2.28,0,2023-06-18,Outpatient,0.0,True
C40954,P2092,PR0393,F0084,69,M,Medicare,7,0.74,Out-of-Network,Adjusted,Dermatology,Specialist,27447,G40.909,0,459.15,1155.16,0.79,0,2023-05-27,ER,0.0,True
C40979,P5474,PR0354,F0029,23,M,Medicare,5,1.58,Out-of-Network,Denied,Orthopedics,Imaging,73564,E11.65,1,4585.92,959.4,0.9,0,2023-02-12,ER,0.0,True
C40980,P4848,PR0437,F0179,41,M,Medicaid,11,1.18,Out-of-Network,Adjusted,Neurology,Imaging,95250,G40.909,0,1871.9,980.3,0.49,5,2022-03-26,Inpatient,0.0,True
C41016,P3129,PR0024,F0120,42,M,Medicare,4,2.94,In-Network,Paid,Dermatology,Surgery,73564,E11.9,1,2067.73,892.09,1.17,0,2023-04-29,ER,0.104,True
C41022,P4009,PR0071,F0073,20,M,Medicaid,10,2.29,In-Network,Paid,Dermatology,Labs,99213,S83.241A,0,144.33,1157.01,0.02,4,2022-06-15,Inpatient,0.0,True
C41039,P5539,PR0265,F0121,20,M,Medicare,10,0.62,In-Network,Adjusted,OBGYN,Surgery,59400,M17.11,0,274.21,840.4,0.11,0,2022-08-16,ER,0.0,True
C41043,P5333,PR0328,F0170,51,F,Medicaid,10,2.86,In-Network,Paid,Endocrinology,Surgery,99213,G40.909,0,4873.31,1014.44,2.62,0,2023-09-24,Outpatient,0.0,True
C41046,P3561,PR0225,F0162,5,M,Medicare,8,2.03,In-Network,Adjusted,Primary Care,Surgery,93010,K21.9,0,1716.64,862.18,0.4,0,2022-08-04,ER,0.0,True
C41050,P4274,PR0486,F0023,43,M,Medicaid,9,2.35,In-Network,Denied,Endocrinology,Primary Care,99285,K21.9,0,4249.02,1860.06,10.71,0,2023-11-04,ER,0.0,True
C41056,P5144,PR0207,F0115,53,M,Commercial,12,0.79,In-Network,Adjusted,Endocrinology,Primary Care,99285,J45.909,1,4540.93,1096.28,1.53,8,2023-02-15,Inpatient,0.0,True
C41072,P7064,PR0284,F0186,78,M,Commercial,12,1.84,Out-of-Network,Adjusted,Orthopedics,Labs,93010,I21.4,0,905.41,1183.88,0.76,0,2023-06-05,Outpatient,0.0,True
C41078,P1183,PR0104,F0057,17,F,VA,5,2.59,In-Network,Adjusted,Endocrinology,Imaging,59400,E11.9,1,3144.04,1628.62,0.6,0,2022-07-17,ER,0.104,True
C41079,P3323,PR0483,F0035,47,F,Medicaid,5,2.74,In-Network,Adjusted,Gastroenterology,Primary Care,73564,I21.4,0,436.27,796.56,0.29,0,2022-01-07,Outpatient,0.0,True
C41087,P1037,PR0147,F0152,31,F,Medicaid,3,1.11,In-Network,Adjusted,Endocrinology,Surgery,99214,E11.9,1,1280.52,3677.04,0.38,0,2023-02-12,Outpatient,0.104,True
C41088,P4802,PR0300,F0131,59,M,Medicare,5,0.36,In-Network,Paid,Orthopedics,Specialist,93000,E11.65,1,3038.14,884.8,0.86,7,2023-04-22,Inpatient,0.0,True
C41112,P5966,PR0394,F0195,29,F,Commercial,5,0.59,In-Network,Adjusted,Neurology,Labs,95250,E11.9,1,3489.76,931.55,1.41,0,2023-04-07,Outpatient,0.104,True
C41143,P2586,PR0170,F0109,18,F,Medicare,7,1.28,In-Network,Paid,Dermatology,Primary Care,99213,E11.9,1,1639.67,804.89,0.35,9,2023-03-15,Inpatient,0.104,True
C41151,P4713,PR0079,F0147,81,M,Commercial,9,1.69,In-Network,Paid,Endocrinology,Imaging,95250,I21.4,0,3682.12,1011.78,0.52,9,2023-12-09,Inpatient,0.0,True
C41188,P2215,PR0160,F0174,4,M,Commercial,7,2.16,In-Network,Paid,Endocrinology,Imaging,99214,J45.909,1,3980.79,817.05,2.55,0,2023-08-08,Outpatient,0.0,True
C41223,P1352,PR0010,F0176,7,M,Commercial,8,0.34,In-Network,Denied,Gastroenterology,Primary Care,95250,M17.11,0,2066.6,1639.51,0.49,0,2022-10-30,Outpatient,0.0,True
C41234,P5557,PR0178,F0005,64,F,Medicaid,12,2.49,Out-of-Network,Adjusted,Gastroenterology,Primary Care,73564,M17.11,0,2499.34,831.77,0.34,5,2023-07-28,Inpatient,0.0,True
C41249,P3330,PR0003,F0127,85,F,Medicaid,1,0.76,Out-of-Network,Denied,Dermatology,Primary Care,99214,J45.909,1,3931.66,1952.57,3.0,0,2022-01-18,Outpatient,0.0,True
C41256,P2009,PR0353,F0022,67,F,Medicaid,11,1.44,In-Network,Paid,Endocrinology,Labs,99214,I50.9,1,2283.95,1431.52,0.72,8,2023-09-14,Inpatient,0.331,True
C41259,P1249,PR0477,F0005,67,F,Commercial,10,0.87,In-Network,Denied,Neurology,Specialist,59400,G40.909,0,4224.88,1268.01,0.95,8,2022-05-19,Inpatient,0.0,True
C41271,P0312,PR0266,F0132,3,M,Medicaid,1,1.76,In-Network,Denied,Neurology,Primary Care,95816,E11.65,1,2399.91,1288.6,1.27,9,2023-01-01,Inpatient,0.0,True
C41288,P5266,PR0174,F0117,14,M,Medicare,4,0.46,Out-of-Network,Denied,Orthopedics,Labs,59400,I50.9,1,1095.56,933.02,2.52,6,2023-06-05,Inpatient,0.331,True
C41290,P2992,PR0435,F0002,88,F,Commercial,12,0.9,Out-of-Network,Denied,Primary Care,Specialist,27447,E11.9,1,4475.02,2252.88,3.21,0,2022-11-25,ER,0.104,True
C41295,P3813,PR0382,F0024,55,F,Medicare,9,2.16,Out-of-Network,Denied,Primary Care,Imaging,93010,J45.909,1,4431.52,1291.85,0.66,0,2023-08-10,ER,0.0,True
C41344,P1084,PR0327,F0096,72,M,Medicare,11,2.31,In-Network,Paid,Gastroenterology,Primary Care,99214,K21.9,0,877.01,908.32,0.16,0,2023-02-01,ER,0.0,True
C41362,P5503,PR0498,F0046,26,F,Medicare,6,1.11,In-Network,Denied,Neurology,Labs,93000,O80,0,205.14,950.07,0.05,0,2022-08-12,Outpatient,0.0,True
C41364,P7421,PR0396,F0127,79,M,Medicare,6,2.69,In-Network,Adjusted,Gastroenterology,Labs,93000,O80,0,3066.25,951.77,0.58,0,2022-02-08,ER,0.0,True
C41369,P7497,PR0191,F0150,63,F,Commercial,8,2.53,Out-of-Network,Denied,Cardiology,Surgery,93010,E11.65,1,1975.88,1138.15,0.31,0,2022-02-04,ER,0.0,True
C41421,P4124,PR0070,F0034,10,F,Medicaid,3,2.51,Out-of-Network,Adjusted,Cardiology,Imaging,73564,M17.11,0,1514.45,793.43,1.25,0,2022-03-18,ER,0.0,True
C41426,P1683,PR0411,F0112,86,M,Medicaid,8,1.99,Out-of-Network,Denied,Cardiology,Specialist,99285,M17.11,0,2575.24,1038.67,1.22,4,2023-05-12,Inpatient,0.0,True
C41439,P3855,PR0235,F0127,51,F,Medicaid,9,1.88,Out-of-Network,Adjusted,Orthopedics,Specialist,93010,K21.9,0,3209.05,1025.31,1.15,9,2022-11-12,Inpatient,0.0,True
C41443,P7338,PR0108,F0086,57,F,VA,7,1.59,Out-of-Network,Adjusted,Endocrinology,Labs,99214,J45.909,1,85.86,803.57,0.04,0,2023-09-20,ER,0.0,True
C41453,P5586,PR0034,F0165,43,M,Medicare,2,0.86,In-Network,Adjusted,Dermatology,Primary Care,99285,G40.909,0,2362.56,1982.92,1.87,0,2022-09-03,Outpatient,0.0,True
C41457,P0136,PR0148,F0110,73,F,Medicare,12,2.94,In-Network,Paid,Neurology,Surgery,99214,O80,0,802.41,1787.19,0.12,0,2023-10-01,Outpatient,0.0,True
C41463,P0915,PR0225,F0103,8,F,Commercial,8,2.78,In-Network,Denied,Neurology,Primary Care,99214,E11.9,1,3973.48,827.93,1.04,0,2023-04-26,Outpatient,0.104,True
C41469,P5848,PR0032,F0033,0,F,Commercial,6,0.9,In-Network,Adjusted,Neurology,Imaging,99285,J45.909,1,2000.51,791.12,0.28,0,2023-08-24,ER,0.0,True
C41470,P3737,PR0385,F0047,25,M,VA,9,1.59,Out-of-Network,Paid,Primary Care,Primary Care,93000,E11.9,1,2629.87,1558.89,0.53,0,2023-04-28,Outpatient,0.104,True
C41484,P4569,PR0447,F0199,58,M,Medicare,2,2.74,In-Network,Paid,Gastroenterology,Imaging,27447,M17.11,0,4414.19,1238.3,0.71,0,2022-10-15,Outpatient,0.0,True
C41513,P6341,PR0180,F0041,85,F,Commercial,7,2.66,Out-of-Network,Adjusted,Endocrinology,Surgery,93010,O80,0,731.22,1210.92,0.32,0,2022-04-16,Outpatient,0.0,True
C41515,P7865,PR0267,F0147,47,M,VA,10,0.45,Out-of-Network,Denied,Cardiology,Imaging,99214,O80,0,4781.8,999.45,5.55,10,2022-07-31,Inpatient,0.0,True
C41529,P5471,PR0027,F0142,81,M,Commercial,1,1.55,Out-of-Network,Paid,Endocrinology,Labs,99214,I50.9,1,255.64,1570.09,0.05,9,2023-03-12,Inpatient,0.331,True
C41535,P0177,PR0046,F0139,53,F,Medicaid,7,1.07,Out-of-Network,Denied,Primary Care,Labs,99285,I21.4,0,2572.43,1308.88,0.57,3,2022-07-20,Inpatient,0.0,True
C41536,P7322,PR0447,F0116,16,M,VA,8,2.83,In-Network,Paid,Neurology,Specialist,73564,S83.241A,0,4863.02,1228.14,1.12,0,2023-03-07,ER,0.0,True
C41548,P3903,PR0080,F0112,38,F,Medicare,6,0.66,In-Network,Denied,Gastroenterology,Surgery,95250,K21.9,0,1455.68,936.85,0.34,10,2022-12-06,Inpatient,0.0,True
C41549,P2524,PR0125,F0093,40,F,VA,2,0.97,Out-of-Network,Denied,Primary Care,Surgery,73564,K21.9,0,2447.03,1503.84,0.35,0,2022-01-18,Outpatient,0.0,True
C41571,P4401,PR0416,F0002,47,F,Medicaid,8,0.46,In-Network,Denied,Neurology,Surgery,99213,G40.909,0,80.8,1317.62,0.02,0,2022-10-02,Outpatient,0.0,True
C41578,P1432,PR0234,F0028,0,F,Medicare,7,0.86,In-Network,Denied,Dermatology,Imaging,27447,K21.9,0,4353.54,790.44,1.62,0,2023-12-12,Outpatient,0.0,True
C41591,P7590,PR0371,F0095,88,M,VA,3,0.5,Out-of-Network,Adjusted,Dermatology,Primary Care,95250,I21.4,0,1150.06,802.49,0.29,0,2023-07-21,ER,0.0,True
C41599,P2012,PR0222,F0195,22,M,Commercial,6,1.9,Out-of-Network,Denied,Dermatology,Surgery,99285,E11.65,1,4025.69,1034.03,0.73,9,2023-04-18,Inpatient,0.0,True
C41601,P2949,PR0130,F0106,67,M,VA,6,2.27,Out-of-Network,Paid,OBGYN,Primary Care,93010,M17.11,0,3240.72,1840.55,0.47,0,2022-02-16,Outpatient,0.0,True
C41607,P2811,PR0243,F0108,69,M,VA,7,1.76,Out-of-Network,Paid,Dermatology,Imaging,93010,O80,0,4444.55,1555.95,8.4,0,2022-08-27,ER,0.0,True
C41620,P2453,PR0155,F0064,53,F,Commercial,5,2.99,Out-of-Network,Paid,OBGYN,Imaging,95816,E11.9,1,2411.47,1208.99,1.03,0,2022-12-04,Outpatient,0.104,True
C41629,P7372,PR0206,F0094,52,F,Medicaid,7,1.18,Out-of-Network,Adjusted,Neurology,Surgery,95816,M17.11,0,3445.66,1578.37,1.61,0,2022-06-27,Outpatient,0.0,True
C41634,P6209,PR0019,F0023,50,F,Commercial,6,0.31,In-Network,Adjusted,Orthopedics,Surgery,93010,G40.909,0,4667.46,1140.54,5.65,7,2023-01-05,Inpatient,0.0,True
C41642,P3825,PR0187,F0004,21,F,Medicaid,7,1.22,Out-of-Network,Paid,Primary Care,Primary Care,95816,G40.909,0,2724.48,1056.31,3.5,0,2023-05-27,ER,0.0,True
C41645,P3403,PR0427,F0142,66,F,Medicaid,12,1.51,In-Network,Adjusted,Gastroenterology,Specialist,93010,I21.4,0,4162.28,1214.64,3.47,0,2022-06-25,Outpatient,0.0,True
C41666,P2217,PR0436,F0058,34,M,Medicaid,5,1.64,Out-of-Network,Denied,Dermatology,Surgery,99285,G40.909,0,1202.53,854.38,0.77,4,2022-03-01,Inpatient,0.0,True
C41671,P4796,PR0480,F0164,14,M,Medicare,8,1.25,Out-of-Network,Adjusted,OBGYN,Labs,27447,K21.9,0,2898.25,6226.26,0.37,0,2022-08-24,Outpatient,0.0,True
C41672,P7117,PR0049,F0160,43,M,VA,5,1.43,Out-of-Network,Adjusted,Dermatology,Imaging,95816,E11.65,1,196.37,3386.82,0.04,0,2022-02-17,Outpatient,0.0,True
C41675,P4117,PR0227,F0100,50,M,Medicare,6,2.61,Out-of-Network,Adjusted,Cardiology,Primary Care,95250,S83.241A,0,1743.85,759.73,0.25,0,2022-11-02,ER,0.0,True
C41690,P4503,PR0067,F0064,33,M,Commercial,1,2.48,In-Network,Denied,OBGYN,Labs,93010,K21.9,0,4408.91,828.53,2.47,5,2022-04-11,Inpatient,0.0,True
C41697,P2650,PR0113,F0136,89,F,Commercial,12,2.37,Out-of-Network,Paid,OBGYN,Imaging,59400,S83.241A,0,270.36,1058.26,0.06,0,2022-06-15,Outpatient,0.0,True
C41702,P1711,PR0133,F0189,30,M,Commercial,9,2.06,In-Network,Paid,Cardiology,Labs,93010,E11.65,1,2358.53,1547.15,23.47,0,2022-02-09,ER,0.0,True
C41704,P6052,PR0314,F0097,14,F,Commercial,4,2.66,Out-of-Network,Paid,Primary Care,Primary Care,99285,E11.9,1,4654.44,2033.92,0.72,8,2022-10-08,Inpatient,0.104,True
C41731,P1881,PR0298,F0020,24,F,Medicare,12,1.85,In-Network,Denied,Primary Care,Imaging,59400,G40.909,0,490.19,785.79,0.08,0,2022-03-21,ER,0.0,True
C41738,P0272,PR0229,F0115,24,M,VA,3,1.82,Out-of-Network,Paid,Endocrinology,Labs,99213,I50.9,1,4566.93,1509.26,0.58,0,2023-11-06,ER,0.331,True
C41761,P1508,PR0142,F0107,33,F,Medicare,8,2.25,In-Network,Paid,Primary Care,Surgery,99285,M17.11,0,4908.46,1195.17,0.7,8,2022-09-19,Inpatient,0.0,True
C41767,P0645,PR0387,F0021,66,M,Medicaid,12,2.11,In-Network,Paid,Primary Care,Specialist,99213,S83.241A,0,1623.56,952.51,0.48,3,2023-10-08,Inpatient,0.0,True
C41771,P6020,PR0188,F0002,73,F,Commercial,1,1.68,Out-of-Network,Denied,Neurology,Primary Care,27447,M17.11,0,3534.22,1155.29,0.57,3,2023-04-09,Inpatient,0.0,True
C41777,P1622,PR0170,F0186,76,F,Medicaid,11,1.87,Out-of-Network,Paid,Cardiology,Labs,93000,E11.65,1,1313.24,769.4,0.32,7,2022-04-21,Inpatient,0.0,True
C41781,P6210,PR0014,F0193,23,M,VA,5,1.43,In-Network,Adjusted,Orthopedics,Surgery,93000,M17.11,0,2355.18,2244.81,1.64,5,2023-01-21,Inpatient,0.0,True
C41807,P3957,PR0022,F0169,89,M,Medicaid,12,1.31,Out-of-Network,Paid,Endocrinology,Specialist,99214,M17.11,0,2953.84,807.7,1.32,0,2022-04-11,ER,0.0,True
C41818,P7650,PR0134,F0182,29,M,VA,6,1.65,In-Network,Denied,Primary Care,Surgery,59400,I50.9,1,2779.65,885.91,0.87,0,2023-10-03,Outpatient,0.331,True
C41851,P1884,PR0474,F0010,46,M,Commercial,11,1.52,In-Network,Paid,Gastroenterology,Surgery,27447,E11.65,1,2071.95,914.12,1.0,0,2022-11-20,Outpatient,0.0,True
C41872,P1736,PR0222,F0108,67,F,Medicare,1,1.14,In-Network,Adjusted,Endocrinology,Gastroenterology,27447,J45.909,1,1413.04,42421.48,0.31,0,2022-08-08,ER,0.0,True
C41898,P3999,PR0078,F0104,9,F,VA,6,2.68,In-Network,Paid,Cardiology,Primary Care,93000,M17.11,0,1382.36,1049.65,0.19,0,2023-06-01,ER,0.0,True
C41899,P7498,PR0301,F0118,55,F,Medicaid,2,1.67,Out-of-Network,Adjusted,Cardiology,Imaging,93000,E11.65,1,3072.65,1712.01,0.62,0,2022-09-14,ER,0.0,True
C41909,P0389,PR0403,F0161,75,M,Medicaid,10,2.41,In-Network,Adjusted,Endocrinology,Gastroenterology,95816,K21.9,0,4057.31,1162.81,0.51,0,2022-05-13,ER,0.0,True
C41912,P6407,PR0347,F0028,56,M,Medicaid,11,1.25,In-Network,Paid,Cardiology,Primary Care,27447,E11.65,1,106.44,2447.77,0.5,0,2022-07-15,Outpatient,0.0,True
C41927,P0137,PR0251,F0132,47,F,Medicaid,3,1.24,In-Network,Denied,Neurology,Primary Care,73564,I50.9,1,381.9,1079.37,0.4,0,2023-05-03,Outpatient,0.331,True
C41934,P6747,PR0462,F0045,61,F,Commercial,2,2.92,In-Network,Adjusted,Neurology,Specialist,27447,S83.241A,0,1481.95,877.24,0.24,0,2022-10-05,Outpatient,0.0,True
C41946,P7269,PR0398,F0197,68,F,Medicaid,12,1.7,Out-of-Network,Paid,Endocrinology,Surgery,95816,J45.909,1,3270.87,765.85,0.57,8,2023-03-20,Inpatient,0.0,True
C41979,P5935,PR0475,F0015,14,M,Medicaid,1,1.11,In-Network,Paid,Neurology,Imaging,95816,J45.909,1,127.83,1038.12,0.03,0,2022-01-07,ER,0.0,True
C41986,P7559,PR0372,F0185,51,F,VA,10,2.86,Out-of-Network,Paid,Endocrinology,Specialist,99214,J45.909,1,579.27,874.77,0.18,0,2022-12-15,ER,0.0,True
C41992,P7794,PR0313,F0190,58,F,Medicare,11,1.8,Out-of-Network,Denied,Gastroenterology,Specialist,99214,S83.241A,0,4161.96,927.39,7.52,0,2023-07-24,ER,0.0,True
C41993,P0252,PR0143,F0140,41,F,Medicare,8,1.15,Out-of-Network,Denied,Orthopedics,Imaging,93000,J45.909,1,3302.46,1144.47,0.95,6,2023-10-01,Inpatient,0.0,True
C41994,P6060,PR0060,F0011,12,F,Medicaid,9,2.28,In-Network,Denied,Dermatology,Primary Care,59400,I21.4,0,2942.28,959.65,1.59,0,2022-11-19,ER,0.0,True
C42015,P7895,PR0193,F0121,48,M,Commercial,4,2.78,In-Network,Paid,Gastroenterology,Imaging,95816,I21.4,0,2352.63,903.62,0.63,3,2022-10-12,Inpatient,0.0,True
C42021,P3243,PR0290,F0146,22,M,Medicare,12,2.0,In-Network,Adjusted,Endocrinology,Imaging,93010,E11.65,1,2965.64,1013.76,5.63,0,2023-05-07,Outpatient,0.0,True
C42063,P1658,PR0319,F0112,88,F,Medicaid,4,2.13,Out-of-Network,Adjusted,Orthopedics,Imaging,93000,M17.11,0,1031.27,1698.13,0.44,3,2023-11-21,Inpatient,0.0,True
C42082,P5708,PR0080,F0178,24,M,Medicare,11,1.94,Out-of-Network,Denied,Primary Care,Specialist,99213,K21.9,0,572.15,874.35,0.23,0,2022-02-04,Outpatient,0.0,True
C42089,P2869,PR0183,F0059,57,M,Medicare,4,0.62,Out-of-Network,Adjusted,Dermatology,Specialist,95816,M17.11,0,4745.72,1288.16,0.88,0,2023-02-23,Outpatient,0.0,True
C42113,P7996,PR0330,F0041,7,M,Medicaid,10,2.2,In-Network,Paid,Primary Care,Specialist,99285,E11.65,1,4901.24,985.24,0.78,0,2023-04-16,Outpatient,0.0,True
C42132,P4512,PR0398,F0129,56,M,Commercial,9,1.09,Out-of-Network,Denied,Primary Care,Surgery,99285,M17.11,0,67.82,1564.73,0.02,0,2023-04-09,ER,0.0,True
C42139,P0581,PR0324,F0044,82,F,Commercial,10,2.37,In-Network,Paid,Primary Care,Gastroenterology,99213,E11.9,1,4402.97,15146.11,0.92,0,2022-03-03,Outpatient,0.104,True
C42140,P0564,PR0245,F0169,49,F,Medicare,11,2.29,In-Network,Denied,OBGYN,Specialist,59400,G40.909,0,4014.79,789.1,0.52,0,2022-05-08,ER,0.0,True
C42157,P0659,PR0262,F0022,40,F,Medicaid,6,0.6,In-Network,Paid,Dermatology,Imaging,99213,E11.65,1,1982.84,1167.1,0.92,4,2023-09-29,Inpatient,0.0,True
C42168,P3809,PR0418,F0184,51,F,Medicaid,2,1.98,In-Network,Paid,Neurology,Surgery,73564,E11.65,1,62.36,865.26,0.01,0,2022-12-26,ER,0.0,True
C42181,P7698,PR0083,F0078,77,F,Medicare,7,2.7,Out-of-Network,Adjusted,Endocrinology,Primary Care,27447,E11.9,1,3727.34,1620.63,0.51,0,2023-09-21,ER,0.104,True
C42201,P3282,PR0482,F0079,60,F,Medicare,11,1.23,In-Network,Denied,Endocrinology,Gastroenterology,95250,M17.11,0,1934.04,1633.37,0.63,5,2022-09-08,Inpatient,0.0,True
C42202,P6808,PR0265,F0061,82,M,Medicaid,2,0.81,Out-of-Network,Adjusted,Primary Care,Imaging,59400,G40.909,0,3906.74,862.35,7.13,0,2023-05-21,Outpatient,0.0,True
C42203,P5047,PR0152,F0091,87,M,Commercial,2,2.77,In-Network,Adjusted,Orthopedics,Gastroenterology,95816,I21.4,0,1539.45,1441.94,0.24,0,2022-01-19,ER,0.0,True
C42204,P1115,PR0319,F0084,27,M,VA,12,1.09,Out-of-Network,Adjusted,Endocrinology,Primary Care,99285,I50.9,1,87.93,1620.56,0.04,0,2023-12-23,Outpatient,0.331,True
C42207,P2510,PR0435,F0047,67,M,Commercial,6,2.97,Out-of-Network,Adjusted,OBGYN,Labs,27447,E11.9,1,2072.18,1374.9,0.3,0,2022-10-09,ER,0.104,True
C42222,P6596,PR0152,F0183,68,M,Medicare,7,2.68,In-Network,Paid,Dermatology,Surgery,95816,K21.9,0,4227.28,2691.15,0.86,9,2023-06-10,Inpatient,0.0,True
C42225,P1232,PR0321,F0133,27,F,Medicare,3,0.75,In-Network,Paid,Neurology,Labs,93000,G40.909,0,3479.26,1267.36,0.62,0,2022-01-24,Outpatient,0.0,True
C42227,P3112,PR0302,F0148,10,M,VA,9,2.61,In-Network,Paid,Neurology,Specialist,99213,J45.909,1,1690.4,1254.2,0.97,0,2023-06-15,ER,0.0,True
C42238,P6869,PR0237,F0141,8,M,Medicaid,2,1.69,Out-of-Network,Paid,Gastroenterology,Surgery,99213,O80,0,1137.39,2627.54,1.46,2,2023-07-04,Inpatient,0.0,True
C42239,P0051,PR0064,F0106,54,M,Medicare,4,1.43,In-Network,Paid,Endocrinology,Imaging,99214,I21.4,0,1884.66,808.05,0.25,0,2022-07-07,ER,0.0,True
C42243,P7207,PR0396,F0065,85,M,VA,7,1.74,In-Network,Paid,Primary Care,Surgery,99213,K21.9,0,3172.03,901.15,0.55,0,2023-06-30,ER,0.0,True
C42250,P5833,PR0145,F0130,12,M,Commercial,5,2.82,Out-of-Network,Denied,Neurology,Surgery,99285,E11.65,1,996.66,1139.4,0.6,0,2023-01-27,Outpatient,0.0,True
C42277,P6245,PR0343,F0003,51,M,VA,2,0.84,Out-of-Network,Paid,Neurology,Imaging,73564,E11.65,1,3704.3,1210.23,19.55,0,2022-05-24,Outpatient,0.0,True
C42280,P7801,PR0462,F0069,84,F,Medicaid,5,2.88,In-Network,Paid,Endocrinology,Surgery,99213,E11.9,1,3809.44,1512.55,1.62,0,2022-11-01,ER,0.104,True
C42282,P1035,PR0261,F0029,32,F,Medicare,7,0.56,In-Network,Adjusted,Orthopedics,Surgery,27447,O80,0,821.17,2306.53,0.18,8,2022-05-14,Inpatient,0.0,True
C42293,P0099,PR0351,F0172,51,M,Medicaid,12,0.81,Out-of-Network,Denied,OBGYN,Primary Care,95250,G40.909,0,4365.01,767.26,0.61,0,2022-07-25,ER,0.0,True
C42308,P6484,PR0302,F0178,85,F,Commercial,5,2.77,Out-of-Network,Denied,Orthopedics,Surgery,95250,E11.9,1,797.88,990.36,0.11,0,2022-12-26,ER,0.104,True
C42318,P4850,PR0492,F0132,40,M,VA,5,0.7,In-Network,Adjusted,Neurology,Specialist,27447,I21.4,0,2050.94,1204.11,0.75,6,2022-08-11,Inpatient,0.0,True
C42323,P2310,PR0068,F0091,50,M,VA,7,1.52,In-Network,Denied,Cardiology,Imaging,99285,J45.909,1,2121.44,923.97,2.02,0,2023-11-21,ER,0.0,True
C42336,P2091,PR0371,F0034,32,F,VA,10,2.21,In-Network,Paid,OBGYN,Labs,95816,G40.909,0,1583.8,1212.92,0.24,0,2023-12-25,ER,0.0,True
C42359,P0132,PR0377,F0159,54,M,Medicaid,10,1.99,In-Network,Adjusted,Orthopedics,Imaging,93000,I50.9,1,74.13,805.31,0.03,0,2023-09-11,ER,0.331,True
C42389,P1169,PR0110,F0154,65,F,Medicaid,9,0.61,In-Network,Paid,Neurology,Labs,73564,I50.9,1,3220.01,1194.43,0.66,5,2022-04-04,Inpatient,0.331,True
C42390,P1106,PR0029,F0105,58,M,VA,4,0.63,Out-of-Network,Denied,Orthopedics,Imaging,95250,J45.909,1,2778.54,818.14,19.39,0,2022-03-20,ER,0.0,True
C42398,P0529,PR0249,F0159,24,M,Commercial,7,2.86,Out-of-Network,Denied,OBGYN,Surgery,95816,M17.11,0,3065.0,881.07,0.62,0,2022-11-19,Outpatient,0.0,True
C42413,P7150,PR0183,F0126,20,F,Commercial,5,1.79,Out-of-Network,Paid,Primary Care,Surgery,93000,I50.9,1,960.16,2465.0,2.19,0,2022-05-15,ER,0.331,True
C42414,P1082,PR0140,F0080,9,F,Medicare,4,2.98,In-Network,Adjusted,OBGYN,Labs,59400,I21.4,0,4412.19,1249.52,2.16,2,2023-08-23,Inpatient,0.0,True
C42444,P2714,PR0355,F0126,24,F,Medicare,8,1.69,In-Network,Paid,Cardiology,Labs,95250,I21.4,0,583.68,874.53,0.57,0,2023-07-23,ER,0.0,True
C42447,P1642,PR0259,F0089,36,F,Medicare,8,1.95,Out-of-Network,Adjusted,OBGYN,Imaging,99285,G40.909,0,305.98,1079.82,0.06,2,2022-09-30,Inpatient,0.0,True
C42449,P1372,PR0116,F0049,26,F,Medicare,11,2.92,Out-of-Network,Paid,Orthopedics,Specialist,93000,S83.241A,0,3815.54,1959.49,1.52,5,2023-02-05,Inpatient,0.0,True
C42452,P4317,PR0263,F0045,74,F,Medicare,7,2.74,Out-of-Network,Paid,Endocrinology,Surgery,59400,E11.9,1,4207.28,768.8,2.36,0,2022-12-25,ER,0.104,True
C42456,P5100,PR0348,F0059,66,M,Medicare,3,2.18,In-Network,Denied,OBGYN,Primary Care,93000,S83.241A,0,3205.35,1030.4,0.49,0,2023-09-04,ER,0.0,True
C42494,P6110,PR0308,F0159,53,F,Commercial,3,0.99,In-Network,Paid,Neurology,Labs,95250,E11.65,1,2466.54,801.77,0.31,9,2022-03-18,Inpatient,0.0,True
C42510,P2122,PR0474,F0124,84,M,Medicaid,3,0.67,In-Network,Adjusted,Orthopedics,Surgery,99213,G40.909,0,123.78,1421.4,0.08,0,2023-10-05,Outpatient,0.0,True
C42518,P6325,PR0409,F0081,43,M,Medicare,7,1.37,Out-of-Network,Paid,OBGYN,Labs,95250,E11.65,1,2652.62,863.33,0.39,0,2023-07-28,Outpatient,0.0,True
C42519,P7599,PR0219,F0110,29,M,Commercial,1,1.37,Out-of-Network,Paid,Orthopedics,Imaging,73564,E11.9,1,647.41,829.97,0.12,0,2022-12-08,Outpatient,0.104,True
C42535,P3272,PR0306,F0046,68,M,Commercial,5,2.63,Out-of-Network,Adjusted,Endocrinology,Imaging,95816,K21.9,0,459.98,1452.27,0.55,2,2023-10-29,Inpatient,0.0,True
C42541,P4283,PR0316,F0060,56,F,Medicaid,8,2.22,In-Network,Adjusted,Endocrinology,Primary Care,93010,E11.65,1,2747.85,787.8,1.19,0,2023-03-22,ER,0.0,True
C42544,P0913,PR0162,F0100,8,F,Medicaid,10,2.9,In-Network,Paid,Cardiology,Primary Care,99214,E11.9,1,1364.63,1306.24,0.29,6,2022-05-29,Inpatient,0.104,True
C42547,P7558,PR0098,F0024,48,M,Medicare,2,2.59,In-Network,Paid,Cardiology,Primary Care,27447,S83.241A,0,558.85,1167.1,0.24,8,2023-09-30,Inpatient,0.0,True
C42549,P0355,PR0416,F0031,32,F,Medicaid,6,1.45,In-Network,Paid,OBGYN,Imaging,93010,M17.11,0,1539.83,899.05,0.29,4,2023-03-01,Inpatient,0.0,True
C42551,P3138,PR0297,F0132,4,F,Medicare,5,0.62,In-Network,Paid,Endocrinology,Gastroenterology,99214,I50.9,1,4695.32,2552.91,1.05,10,2023-11-30,Inpatient,0.331,True
C42576,P5339,PR0115,F0136,46,F,VA,2,2.5,In-Network,Denied,OBGYN,Gastroenterology,95250,S83.241A,0,4954.89,2124.07,1.21,0,2023-05-24,Outpatient,0.0,True
C42593,P3049,PR0186,F0120,75,M,VA,1,0.3,In-Network,Denied,Neurology,Primary Care,93010,M17.11,0,3756.5,833.91,1.31,0,2022-07-25,ER,0.0,True
C42595,P7107,PR0099,F0058,30,F,Commercial,11,0.67,In-Network,Paid,OBGYN,Labs,99213,E11.65,1,4251.08,1878.39,1.72,5,2022-08-25,Inpatient,0.0,True
C42601,P5156,PR0386,F0040,4,F,Medicare,4,1.04,Out-of-Network,Denied,Primary Care,Imaging,99214,I21.4,0,3490.21,1334.3,0.65,0,2022-01-07,Outpatient,0.0,True
C42605,P4665,PR0277,F0069,90,F,VA,7,1.19,Out-of-Network,Paid,Neurology,Primary Care,99285,G40.909,0,2551.06,790.47,0.39,10,2022-04-18,Inpatient,0.0,True
C42614,P3998,PR0460,F0045,5,F,VA,5,2.71,Out-of-Network,Paid,Neurology,Primary Care,99285,K21.9,0,1818.89,939.88,0.23,0,2022-08-09,Outpatient,0.0,True
C42623,P6150,PR0170,F0068,80,F,Commercial,6,0.52,In-Network,Paid,OBGYN,Primary Care,73564,K21.9,0,3287.9,1176.01,0.62,0,2022-01-07,ER,0.0,True
C42626,P1728,PR0107,F0029,80,F,VA,12,2.37,Out-of-Network,Paid,Dermatology,Gastroenterology,73564,O80,0,497.69,1244.68,0.11,1,2023-10-23,Inpatient,0.0,True
C42643,P5181,PR0140,F0105,0,F,Commercial,11,0.71,In-Network,Adjusted,Dermatology,Specialist,99214,I50.9,1,689.86,777.53,0.09,0,2022-02-28,Outpatient,0.331,True
C42644,P0828,PR0162,F0004,50,M,Medicare,3,1.34,Out-of-Network,Adjusted,Endocrinology,Primary Care,99214,G40.909,0,1624.56,1444.38,0.76,0,2023-11-13,Outpatient,0.0,True
C42661,P3932,PR0494,F0156,84,F,Medicare,6,2.55,Out-of-Network,Denied,Dermatology,Primary Care,99285,E11.65,1,1557.38,976.15,0.24,6,2023-11-29,Inpatient,0.0,True
C42696,P5198,PR0458,F0114,82,M,Medicaid,7,0.53,Out-of-Network,Adjusted,Dermatology,Surgery,93000,I50.9,1,1346.38,998.26,0.2,4,2022-04-23,Inpatient,0.331,True
C42706,P4960,PR0134,F0117,3,F,Medicare,1,1.54,Out-of-Network,Denied,Dermatology,Labs,99214,J45.909,1,584.85,976.25,1.09,4,2023-08-06,Inpatient,0.0,True
C42726,P4718,PR0228,F0187,69,F,Commercial,11,2.72,Out-of-Network,Adjusted,OBGYN,Primary Care,27447,S83.241A,0,4978.1,1271.19,1.14,0,2023-07-19,ER,0.0,True
C42730,P2307,PR0006,F0015,47,F,VA,1,2.72,Out-of-Network,Adjusted,Endocrinology,Specialist,59400,S83.241A,0,1104.33,752.53,0.37,1,2022-04-02,Inpatient,0.0,True
C42761,P0096,PR0177,F0136,19,M,Medicaid,1,0.53,In-Network,Paid,Cardiology,Specialist,27447,J45.909,1,2560.22,1227.58,0.61,0,2023-08-24,ER,0.0,True
C42775,P1364,PR0328,F0115,39,M,Commercial,5,1.1,Out-of-Network,Denied,Cardiology,Primary Care,93000,E11.65,1,2590.03,1338.34,1.3,0,2022-02-12,ER,0.0,True
C42783,P6681,PR0487,F0081,65,M,Medicaid,5,2.37,In-Network,Paid,Cardiology,Specialist,99285,I50.9,1,4343.17,778.47,0.99,0,2023-06-29,Outpatient,0.331,True
C42784,P3674,PR0303,F0033,49,M,Commercial,10,0.66,Out-of-Network,Denied,Primary Care,Labs,95816,I50.9,1,4203.66,2699.25,0.84,0,2023-03-26,ER,0.331,True
C42791,P0442,PR0315,F0099,43,F,Medicare,10,0.82,In-Network,Paid,Endocrinology,Primary Care,99214,I21.4,0,3203.72,4416.08,2.8,0,2023-04-03,ER,0.0,True
C42814,P0086,PR0223,F0124,36,F,Medicare,9,2.03,Out-of-Network,Paid,Cardiology,Imaging,93010,E11.65,1,3771.78,1908.6,5.11,0,2023-01-14,ER,0.0,True
C42824,P1458,PR0360,F0151,14,M,Commercial,10,0.72,Out-of-Network,Adjusted,Endocrinology,Gastroenterology,73564,J45.909,1,2130.8,43806.48,0.31,0,2022-07-31,ER,0.0,True
C42834,P1406,PR0030,F0171,2,M,Commercial,4,1.47,Out-of-Network,Adjusted,Neurology,Gastroenterology,93000,E11.65,1,1416.12,17597.21,0.39,6,2022-10-14,Inpatient,0.0,True
C42857,P6824,PR0154,F0057,64,M,Commercial,9,2.58,In-Network,Paid,Dermatology,Labs,99213,S83.241A,0,4733.98,829.76,21.07,2,2023-10-18,Inpatient,0.0,True
C42867,P1270,PR0211,F0105,63,F,Medicaid,1,1.18,In-Network,Denied,Orthopedics,Primary Care,59400,G40.909,0,3740.16,1392.54,0.76,0,2022-08-15,ER,0.0,True
C42898,P1785,PR0043,F0046,75,M,Medicaid,8,1.57,Out-of-Network,Adjusted,Orthopedics,Imaging,99214,I21.4,0,894.76,971.53,0.32,4,2022-08-20,Inpatient,0.0,True
C42905,P4261,PR0447,F0187,88,M,VA,5,1.6,Out-of-Network,Adjusted,Neurology,Primary Care,95250,E11.9,1,3462.15,1763.96,5.08,9,2023-09-26,Inpatient,0.104,True
C42920,P6178,PR0073,F0137,70,F,VA,4,1.63,In-Network,Paid,Endocrinology,Specialist,99214,M17.11,0,2028.63,1049.68,1.63,0,2022-11-30,Outpatient,0.0,True
C42926,P6618,PR0169,F0009,13,F,Medicare,1,2.67,In-Network,Adjusted,OBGYN,Imaging,59400,E11.65,1,1046.0,810.59,0.21,0,2023-12-30,ER,0.0,True
C42930,P5012,PR0262,F0056,11,M,Medicaid,12,1.58,In-Network,Adjusted,Primary Care,Imaging,95250,I21.4,0,3664.96,978.48,0.56,0,2022-08-28,Outpatient,0.0,True
C42937,P0860,PR0056,F0058,44,M,Commercial,8,1.86,In-Network,Adjusted,Cardiology,Labs,99213,E11.9,1,1913.87,790.29,0.35,6,2022-09-16,Inpatient,0.104,True
C42952,P4412,PR0108,F0190,15,M,VA,10,1.69,In-Network,Denied,Endocrinology,Imaging,27447,I50.9,1,67.75,1856.26,0.2,0,2023-10-11,ER,0.331,True
C42975,P1938,PR0331,F0157,65,F,Medicare,12,2.9,Out-of-Network,Denied,Orthopedics,Specialist,99214,S83.241A,0,843.57,4156.53,0.18,2,2022-04-21,Inpatient,0.0,True
C42976,P3524,PR0440,F0181,31,F,VA,2,2.91,Out-of-Network,Paid,Gastroenterology,Surgery,95250,M17.11,0,2708.19,1160.31,1.62,0,2022-01-21,ER,0.0,True
C43021,P3574,PR0387,F0172,42,M,Commercial,11,2.12,Out-of-Network,Paid,Primary Care,Specialist,73564,S83.241A,0,1396.3,1327.0,1.18,10,2023-09-24,Inpatient,0.0,True
C43031,P5308,PR0051,F0127,82,F,Medicare,7,2.7,Out-of-Network,Paid,Primary Care,Surgery,93010,O80,0,1367.73,1368.97,0.37,0,2023-08-17,Outpatient,0.0,True
C43032,P2753,PR0277,F0053,35,F,VA,1,2.39,In-Network,Adjusted,Primary Care,Surgery,99214,E11.65,1,1511.75,1089.2,1.48,8,2023-06-26,Inpatient,0.0,True
C43038,P3146,PR0416,F0163,28,F,Commercial,4,1.54,In-Network,Paid,OBGYN,Primary Care,99214,J45.909,1,2706.07,766.04,0.74,6,2022-04-19,Inpatient,0.0,True
C43062,P4363,PR0012,F0063,8,F,Medicaid,3,0.63,In-Network,Paid,Primary Care,Specialist,95816,E11.65,1,3281.97,1015.18,0.88,0,2022-12-02,ER,0.0,True
C43077,P3553,PR0054,F0085,7,M,Commercial,8,2.65,Out-of-Network,Paid,Dermatology,Primary Care,95816,K21.9,0,2333.36,840.5,0.44,0,2022-09-02,ER,0.0,True
C43078,P4695,PR0228,F0009,38,M,Medicare,3,2.55,Out-of-Network,Adjusted,Gastroenterology,Surgery,95816,K21.9,0,2697.34,832.86,0.8,0,2022-04-23,Outpatient,0.0,True
C43110,P7288,PR0265,F0157,41,F,Commercial,1,1.35,In-Network,Denied,Primary Care,Labs,27447,I50.9,1,653.79,1497.03,0.14,0,2022-01-31,ER,0.331,True
C43120,P3907,PR0342,F0198,25,F,Medicare,5,0.59,In-Network,Denied,OBGYN,Specialist,99214,J45.909,1,1799.96,1431.6,0.29,0,2022-10-07,ER,0.0,True
C43156,P1887,PR0331,F0042,53,F,Commercial,11,1.95,In-Network,Adjusted,Gastroenterology,Imaging,99285,K21.9,0,4528.19,2654.62,19.55,2,2022-07-01,Inpatient,0.0,True
C43171,P1784,PR0492,F0167,76,F,Medicare,3,1.96,In-Network,Paid,Primary Care,Surgery,95250,I21.4,0,1202.65,815.57,0.42,8,2023-03-19,Inpatient,0.0,True
C43179,P6874,PR0488,F0012,78,M,Medicaid,1,1.56,Out-of-Network,Paid,Cardiology,Primary Care,93000,I50.9,1,2948.29,1316.64,0.91,0,2023-03-19,Outpatient,0.331,True
C43192,P3071,PR0430,F0070,0,F,Medicare,10,1.76,Out-of-Network,Adjusted,Dermatology,Labs,27447,G40.909,0,815.83,2080.81,0.3,0,2023-11-18,Outpatient,0.0,True
C43203,P1995,PR0395,F0122,52,M,VA,7,2.06,Out-of-Network,Adjusted,OBGYN,Surgery,73564,I50.9,1,4312.05,852.27,1.46,0,2022-02-06,Outpatient,0.331,True
C43208,P3549,PR0440,F0055,37,M,Medicare,3,2.84,Out-of-Network,Paid,Dermatology,Surgery,59400,I21.4,0,1434.4,1284.46,1.68,0,2022-11-12,Outpatient,0.0,True
C43213,P1304,PR0014,F0172,27,M,Medicaid,11,2.54,Out-of-Network,Adjusted,Endocrinology,Primary Care,73564,M17.11,0,1766.04,1236.56,0.7,1,2023-06-03,Inpatient,0.0,True
C43221,P0150,PR0488,F0054,35,F,Medicare,5,2.16,Out-of-Network,Adjusted,Neurology,Primary Care,27447,J45.909,1,3809.23,2740.15,8.88,0,2023-10-12,ER,0.0,True
C43251,P0418,PR0302,F0130,19,M,Commercial,12,0.37,Out-of-Network,Paid,Cardiology,Imaging,95250,E11.65,1,3492.43,1404.89,1.62,9,2022-03-13,Inpatient,0.0,True
C43328,P3082,PR0039,F0073,17,F,Medicaid,6,0.36,Out-of-Network,Paid,Gastroenterology,Specialist,99214,E11.9,1,4535.18,887.36,2.76,0,2022-06-11,Outpatient,0.104,True
C43329,P6319,PR0219,F0028,25,M,Medicaid,2,2.22,Out-of-Network,Denied,OBGYN,Primary Care,73564,G40.909,0,3038.9,1423.39,0.62,0,2022-07-11,ER,0.0,True
C43333,P4973,PR0002,F0042,65,F,Medicaid,3,2.73,Out-of-Network,Adjusted,Cardiology,Imaging,95250,J45.909,1,273.67,823.54,0.05,0,2022-01-29,Outpatient,0.0,True
C43346,P0838,PR0288,F0142,33,F,Commercial,1,0.39,In-Network,Paid,Primary Care,Labs,99213,M17.11,0,924.01,3406.37,0.45,0,2023-08-19,ER,0.0,True
C43349,P6265,PR0114,F0063,24,F,Medicare,6,1.45,Out-of-Network,Adjusted,OBGYN,Imaging,95816,I21.4,0,4354.54,1222.59,0.62,3,2022-06-23,Inpatient,0.0,True
C43353,P0200,PR0327,F0043,71,M,VA,3,2.28,In-Network,Paid,Gastroenterology,Specialist,59400,I21.4,0,3998.38,1090.87,0.54,0,2022-02-11,ER,0.0,True
C43359,P1011,PR0356,F0068,22,F,Medicare,11,2.24,In-Network,Adjusted,Cardiology,Primary Care,93000,M17.11,0,3709.19,1378.06,0.55,2,2023-06-06,Inpatient,0.0,True
C43374,P0998,PR0147,F0069,41,M,Medicaid,5,2.91,Out-of-Network,Adjusted,Neurology,Gastroenterology,93000,G40.909,0,2834.91,1025.6,0.39,0,2022-07-08,ER,0.0,True
C43394,P0726,PR0251,F0065,48,M,Medicare,4,1.98,In-Network,Paid,OBGYN,Gastroenterology,73564,K21.9,0,2042.5,1048.08,0.54,1,2022-09-09,Inpatient,0.0,True
C43399,P1485,PR0193,F0069,19,F,Commercial,7,2.08,Out-of-Network,Adjusted,Endocrinology,Primary Care,93010,S83.241A,0,3250.57,1728.75,1.5,0,2023-12-10,Outpatient,0.0,True
C43405,P6938,PR0182,F0081,77,F,Commercial,9,1.6,In-Network,Paid,OBGYN,Primary Care,93010,E11.65,1,2472.24,996.34,0.37,0,2023-03-05,ER,0.0,True
C43410,P5777,PR0233,F0011,5,M,Medicaid,2,2.87,In-Network,Paid,Cardiology,Imaging,95250,E11.9,1,2320.86,1226.58,1.97,0,2023-11-26,Outpatient,0.104,True
C43422,P7388,PR0140,F0184,55,M,Commercial,2,0.34,Out-of-Network,Paid,Primary Care,Labs,95816,K21.9,0,3459.9,852.65,1.85,0,2023-04-15,ER,0.0,True
C43423,P1402,PR0400,F0091,10,F,VA,7,1.72,Out-of-Network,Denied,Cardiology,Imaging,59400,I21.4,0,3440.94,1087.68,0.46,1,2023-08-30,Inpatient,0.0,True
C43430,P6264,PR0466,F0143,23,M,VA,12,1.92,In-Network,Paid,Cardiology,Surgery,99213,J45.909,1,1486.69,968.67,0.23,0,2022-11-01,Outpatient,0.0,True
C43452,P0490,PR0285,F0012,76,M,Commercial,12,0.56,Out-of-Network,Paid,Cardiology,Gastroenterology,93010,K21.9,0,1557.97,1063.42,1.05,0,2023-04-04,ER,0.0,True
C43454,P2961,PR0104,F0113,33,F,Medicare,5,2.36,Out-of-Network,Denied,Neurology,Labs,99214,O80,0,3533.39,773.4,0.64,0,2022-05-05,Outpatient,0.0,True
C43461,P6372,PR0143,F0138,48,M,Medicaid,2,1.85,Out-of-Network,Paid,Dermatology,Surgery,59400,M17.11,0,1446.21,769.39,0.24,2,2022-09-28,Inpatient,0.0,True
C43491,P6596,PR0177,F0040,63,F,Commercial,7,0.99,Out-of-Network,Adjusted,Dermatology,Gastroenterology,95250,E11.65,1,1145.92,1115.27,0.18,0,2022-11-11,Outpatient,0.0,True
C43492,P4844,PR0140,F0030,15,M,Commercial,11,1.54,Out-of-Network,Paid,OBGYN,Imaging,99213,G40.909,0,4817.9,906.3,5.72,0,2022-10-21,ER,0.0,True
C43509,P1801,PR0467,F0041,88,M,Medicare,12,0.62,Out-of-Network,Adjusted,Neurology,Labs,95250,I50.9,1,1039.52,785.47,0.14,5,2023-08-16,Inpatient,0.331,True
C43516,P0031,PR0177,F0025,20,F,Medicaid,10,2.69,In-Network,Denied,Orthopedics,Imaging,93000,I21.4,0,1117.38,788.41,0.46,1,2023-03-29,Inpatient,0.0,True
C43517,P7410,PR0403,F0004,47,M,Medicaid,1,2.69,Out-of-Network,Denied,Dermatology,Imaging,93010,E11.9,1,3197.97,774.78,0.49,0,2022-09-03,ER,0.104,True
C43539,P1678,PR0434,F0162,14,M,Medicare,11,2.36,Out-of-Network,Paid,Cardiology,Surgery,27447,I21.4,0,4771.7,1353.01,2.34,0,2023-05-29,Outpatient,0.0,True
C43542,P0775,PR0386,F0016,19,F,Medicare,6,0.38,Out-of-Network,Adjusted,Primary Care,Specialist,95816,K21.9,0,4755.49,1419.5,7.69,6,2022-09-27,Inpatient,0.0,True
C43544,P5620,PR0461,F0064,57,F,Commercial,10,2.96,Out-of-Network,Paid,OBGYN,Surgery,59400,J45.909,1,3691.77,1018.74,27.79,0,2022-04-29,ER,0.0,True
C43549,P6282,PR0468,F0053,8,M,Commercial,5,1.12,In-Network,Adjusted,Orthopedics,Primary Care,59400,J45.909,1,4750.56,1068.48,1.51,0,2023-03-13,Outpatient,0.0,True
C43552,P1057,PR0446,F0001,80,F,Medicaid,8,0.39,Out-of-Network,Adjusted,Primary Care,Imaging,93000,J45.909,1,882.63,1698.03,0.93,0,2023-05-16,ER,0.0,True
C43553,P3603,PR0212,F0020,31,F,Medicaid,5,1.95,Out-of-Network,Paid,Neurology,Surgery,73564,J45.909,1,2065.94,866.76,0.49,0,2022-12-09,ER,0.0,True
C43574,P4366,PR0359,F0082,2,M,VA,2,0.94,Out-of-Network,Denied,OBGYN,Surgery,95816,E11.9,1,141.33,1861.58,0.02,2,2022-07-30,Inpatient,0.104,True
C43580,P5092,PR0157,F0136,81,M,Medicaid,7,0.96,In-Network,Adjusted,Cardiology,Specialist,95816,I50.9,1,3065.98,1000.36,2.12,3,2023-04-30,Inpatient,0.331,True
C43600,P7295,PR0370,F0170,60,M,VA,1,2.05,In-Network,Adjusted,Endocrinology,Primary Care,73564,O80,0,4294.74,4550.21,2.82,0,2023-11-22,ER,0.0,True
C43601,P2212,PR0470,F0154,28,M,Commercial,10,1.62,Out-of-Network,Paid,Primary Care,Imaging,99214,M17.11,0,137.66,749.63,0.07,0,2023-02-10,ER,0.0,True
C43605,P2888,PR0383,F0059,58,M,Medicare,4,2.41,In-Network,Adjusted,Dermatology,Specialist,73564,O80,0,366.92,954.58,0.22,8,2022-06-17,Inpatient,0.0,True
C43624,P5847,PR0417,F0169,54,M,VA,3,1.5,Out-of-Network,Adjusted,Primary Care,Primary Care,73564,I50.9,1,4797.76,2001.02,0.63,8,2022-02-22,Inpatient,0.331,True
C43630,P4265,PR0477,F0162,90,M,Medicaid,5,1.78,In-Network,Denied,Gastroenterology,Primary Care,59400,J45.909,1,463.2,1334.08,0.7,1,2023-07-09,Inpatient,0.0,True
C43635,P3794,PR0026,F0007,18,M,Medicare,5,0.77,Out-of-Network,Adjusted,Gastroenterology,Labs,93010,E11.9,1,4768.69,1004.78,0.88,2,2023-07-15,Inpatient,0.104,True
C43643,P5264,PR0384,F0039,20,M,VA,9,2.54,Out-of-Network,Paid,OBGYN,Gastroenterology,95250,S83.241A,0,3930.89,18618.4,0.82,0,2023-10-09,ER,0.0,True
C43648,P6393,PR0217,F0091,47,M,Medicaid,5,0.7,Out-of-Network,Paid,Cardiology,Imaging,27447,S83.241A,0,1374.54,975.59,0.28,0,2022-07-21,Outpatient,0.0,True
C43671,P5960,PR0262,F0063,9,M,VA,11,2.75,In-Network,Adjusted,Neurology,Primary Care,93000,E11.9,1,4863.12,942.84,1.47,0,2022-01-13,Outpatient,0.104,True
C43691,P7127,PR0446,F0064,7,F,Medicare,4,1.81,In-Network,Denied,OBGYN,Surgery,73564,J45.909,1,521.62,1524.12,0.24,0,2022-08-04,Outpatient,0.0,True
C43711,P7399,PR0296,F0070,12,M,Commercial,11,1.75,In-Network,Paid,Cardiology,Specialist,93000,J45.909,1,3190.74,2129.77,0.59,6,2023-02-10,Inpatient,0.0,True
C43718,P4718,PR0448,F0188,83,M,Medicare,12,1.27,Out-of-Network,Denied,Primary Care,Specialist,73564,I50.9,1,1363.41,774.79,2.12,0,2022-01-11,ER,0.331,True
C43724,P4722,PR0124,F0095,89,F,VA,1,2.12,Out-of-Network,Paid,Gastroenterology,Surgery,27447,I50.9,1,3318.4,975.45,1.86,1,2023-08-13,Inpatient,0.331,True
C43731,P4233,PR0035,F0105,6,M,VA,8,2.76,In-Network,Adjusted,Endocrinology,Labs,95816,K21.9,0,4927.48,1745.9,1.49,4,2023-04-03,Inpatient,0.0,True
C43759,P7283,PR0484,F0110,28,F,Medicare,1,0.53,Out-of-Network,Adjusted,Endocrinology,Primary Care,99285,G40.909,0,3467.08,761.67,0.43,0,2023-06-12,ER,0.0,True
C43760,P4546,PR0326,F0168,18,M,VA,4,2.1,Out-of-Network,Adjusted,Endocrinology,Imaging,73564,E11.65,1,1530.16,827.01,0.22,0,2023-04-27,Outpatient,0.0,True
C43777,P2518,PR0104,F0038,37,M,Medicaid,12,1.67,In-Network,Paid,Primary Care,Surgery,73564,K21.9,0,3806.22,818.39,0.6,0,2023-10-16,ER,0.0,True
C43788,P4765,PR0160,F0082,2,F,VA,4,0.69,In-Network,Denied,OBGYN,Surgery,73564,I21.4,0,319.88,796.34,0.59,9,2022-10-10,Inpatient,0.0,True
C43805,P4762,PR0415,F0177,5,F,Commercial,9,1.07,Out-of-Network,Paid,OBGYN,Gastroenterology,99213,E11.9,1,1024.87,1453.76,0.27,0,2022-07-30,ER,0.104,True
C43827,P4613,PR0188,F0186,28,M,Medicaid,8,1.53,In-Network,Denied,Orthopedics,Gastroenterology,73564,G40.909,0,2139.75,1129.89,0.34,0,2022-02-10,Outpatient,0.0,True
C43840,P7027,PR0353,F0037,43,M,Commercial,12,1.28,Out-of-Network,Adjusted,Dermatology,Specialist,99285,I21.4,0,1161.99,773.13,0.5,0,2023-01-22,ER,0.0,True
C43846,P6255,PR0261,F0078,69,M,Medicare,4,0.63,Out-of-Network,Denied,Neurology,Labs,95816,I50.9,1,4262.44,1104.63,6.96,5,2022-03-10,Inpatient,0.331,True
C43887,P3712,PR0417,F0076,3,M,Commercial,3,1.09,In-Network,Adjusted,Neurology,Primary Care,73564,M17.11,0,1431.61,866.98,0.58,1,2023-11-29,Inpatient,0.0,True
C43918,P3244,PR0070,F0177,47,F,VA,5,1.37,Out-of-Network,Denied,Endocrinology,Surgery,27447,E11.9,1,4188.03,1096.48,4.57,0,2022-12-17,Outpatient,0.104,True
C43922,P5245,PR0492,F0011,47,F,VA,4,1.79,In-Network,Adjusted,Gastroenterology,Primary Care,95816,I50.9,1,3155.27,830.69,0.6,0,2022-08-08,Outpatient,0.331,True
C43944,P3682,PR0326,F0016,13,M,Commercial,4,1.82,Out-of-Network,Denied,Cardiology,Primary Care,93000,G40.909,0,3218.68,841.49,0.7,8,2022-05-16,Inpatient,0.0,True
C43946,P5540,PR0402,F0068,11,F,Commercial,9,1.13,Out-of-Network,Denied,Neurology,Imaging,27447,I50.9,1,2288.89,875.04,0.49,0,2022-02-06,ER,0.331,True
C43951,P2082,PR0235,F0039,51,M,Commercial,11,2.35,In-Network,Adjusted,Gastroenterology,Imaging,59400,S83.241A,0,127.56,1198.0,0.21,0,2022-09-14,ER,0.0,True
C43993,P6866,PR0012,F0077,32,F,Medicaid,6,2.37,In-Network,Denied,Primary Care,Surgery,99213,E11.9,1,2899.69,789.69,5.51,3,2023-10-03,Inpatient,0.104,True
C43995,P6304,PR0443,F0182,57,F,Medicaid,8,2.13,Out-of-Network,Adjusted,OBGYN,Surgery,59400,M17.11,0,2658.35,856.0,0.51,7,2022-05-04,Inpatient,0.0,True
C44018,P1324,PR0134,F0036,23,F,Commercial,12,1.86,Out-of-Network,Paid,Orthopedics,Imaging,93010,S83.241A,0,1548.32,848.07,0.91,3,2023-12-05,Inpatient,0.0,True
C44020,P4057,PR0094,F0179,44,F,Commercial,5,2.45,In-Network,Paid,Gastroenterology,Imaging,73564,I21.4,0,836.38,845.12,0.14,0,2023-06-27,ER,0.0,True
C44021,P3747,PR0375,F0044,18,F,Medicaid,1,1.19,In-Network,Adjusted,Primary Care,Surgery,99285,S83.241A,0,1466.14,1101.07,0.49,0,2022-09-08,ER,0.0,True
C44033,P6024,PR0341,F0179,77,M,VA,1,1.53,In-Network,Paid,OBGYN,Surgery,95816,E11.9,1,3079.58,2296.27,0.39,1,2022-11-12,Inpatient,0.104,True
C44035,P0636,PR0022,F0160,49,M,Commercial,11,1.84,Out-of-Network,Denied,Dermatology,Imaging,99285,M17.11,0,3123.89,949.42,0.45,0,2023-09-14,Outpatient,0.0,True
C44038,P1850,PR0401,F0131,75,F,Commercial,9,2.0,In-Network,Paid,Endocrinology,Primary Care,99214,E11.9,1,2809.83,806.72,0.79,2,2023-01-07,Inpatient,0.104,True
C44045,P3051,PR0340,F0192,64,M,Medicaid,5,2.22,In-Network,Paid,Neurology,Gastroenterology,95816,I21.4,0,4526.59,885.37,3.62,0,2023-07-10,Outpatient,0.0,True
C44070,P4877,PR0481,F0145,26,M,Medicaid,8,0.47,Out-of-Network,Denied,Neurology,Imaging,95816,M17.11,0,3253.96,1228.79,0.67,1,2023-07-28,Inpatient,0.0,True
C44073,P1744,PR0119,F0194,44,M,Medicare,6,2.87,In-Network,Adjusted,OBGYN,Surgery,95250,I21.4,0,453.73,770.27,0.4,0,2022-11-22,ER,0.0,True
C44111,P3553,PR0420,F0024,14,M,Commercial,10,1.23,Out-of-Network,Paid,Neurology,Imaging,27447,I50.9,1,3255.48,1270.3,1.08,7,2023-10-15,Inpatient,0.331,True
C44130,P1649,PR0488,F0124,16,F,Medicare,8,2.34,Out-of-Network,Adjusted,Gastroenterology,Primary Care,93000,I50.9,1,3654.45,935.14,0.51,9,2023-05-21,Inpatient,0.331,True
C44141,P7295,PR0493,F0144,56,M,VA,10,2.88,Out-of-Network,Paid,Orthopedics,Gastroenterology,95250,M17.11,0,3582.05,35740.95,0.7,0,2022-06-01,Outpatient,0.0,True
C44153,P4620,PR0442,F0197,46,F,VA,11,1.53,In-Network,Denied,Cardiology,Primary Care,95816,I21.4,0,1325.26,822.3,0.19,0,2022-09-05,Outpatient,0.0,True
C44154,P1590,PR0306,F0102,28,M,Commercial,5,2.14,Out-of-Network,Adjusted,Dermatology,Imaging,99214,G40.909,0,2937.19,1013.4,4.71,8,2022-08-24,Inpatient,0.0,True
C44183,P0008,PR0010,F0045,75,M,Commercial,3,0.82,In-Network,Paid,Orthopedics,Imaging,93010,G40.909,0,4912.49,1040.14,1.49,3,2022-05-07,Inpatient,0.0,True
C44238,P2612,PR0172,F0060,66,M,Medicare,12,2.96,Out-of-Network,Paid,Orthopedics,Imaging,99214,M17.11,0,4330.88,873.34,0.61,10,2022-09-05,Inpatient,0.0,True
C44297,P2410,PR0090,F0104,38,F,VA,6,2.14,Out-of-Network,Denied,Endocrinology,Imaging,99214,E11.65,1,1450.91,1112.54,0.2,2,2022-07-23,Inpatient,0.0,True
C44316,P2961,PR0032,F0174,9,F,VA,3,1.63,In-Network,Adjusted,Endocrinology,Imaging,95816,I21.4,0,3171.94,999.09,0.51,7,2022-01-27,Inpatient,0.0,True
C44354,P4686,PR0497,F0166,89,F,VA,11,0.93,Out-of-Network,Denied,Cardiology,Surgery,27447,S83.241A,0,1950.2,1059.27,0.6,4,2022-01-26,Inpatient,0.0,True
C44370,P0423,PR0121,F0084,86,F,Medicaid,5,1.95,In-Network,Paid,Endocrinology,Specialist,59400,O80,0,2598.91,1122.72,0.34,0,2022-11-28,Outpatient,0.0,True
C44374,P1678,PR0270,F0086,69,F,Medicaid,6,2.23,Out-of-Network,Paid,Cardiology,Surgery,73564,J45.909,1,3626.76,2449.68,0.59,0,2022-04-25,ER,0.0,True
C44397,P0303,PR0193,F0121,55,F,Medicaid,10,0.33,Out-of-Network,Paid,Dermatology,Specialist,93010,M17.11,0,4029.94,2240.17,1.04,0,2022-10-11,Outpatient,0.0,True
C44400,P6170,PR0169,F0051,63,F,Medicare,10,0.53,Out-of-Network,Denied,Gastroenterology,Labs,99285,E11.9,1,252.14,1321.58,0.21,0,2023-04-23,ER,0.104,True
C44404,P4851,PR0094,F0099,64,F,Commercial,8,1.86,Out-of-Network,Adjusted,OBGYN,Imaging,27447,G40.909,0,1565.17,1395.53,0.3,8,2022-02-12,Inpatient,0.0,True
C44407,P3149,PR0196,F0194,20,F,VA,4,1.89,Out-of-Network,Denied,OBGYN,Primary Care,99213,I50.9,1,2575.52,849.48,0.38,0,2023-07-02,ER,0.331,True
C44415,P4789,PR0487,F0115,58,M,Commercial,11,2.47,In-Network,Denied,Dermatology,Imaging,95816,I21.4,0,3870.29,5327.38,0.56,0,2022-06-08,Outpatient,0.0,True
C44420,P6587,PR0411,F0071,60,F,Medicare,1,0.5,Out-of-Network,Paid,OBGYN,Primary Care,99214,I50.9,1,2041.71,784.1,0.66,9,2022-11-25,Inpatient,0.331,True
C44422,P3946,PR0419,F0050,50,M,VA,11,1.2,In-Network,Paid,Endocrinology,Primary Care,93000,G40.909,0,2434.79,1006.12,0.39,0,2023-06-15,ER,0.0,True
C44433,P4194,PR0074,F0171,70,F,Medicaid,5,0.77,In-Network,Paid,Primary Care,Labs,95816,O80,0,3892.28,881.23,1.82,0,2022-03-10,Outpatient,0.0,True
C44450,P2645,PR0126,F0058,1,M,Medicare,6,2.55,Out-of-Network,Denied,OBGYN,Specialist,95816,J45.909,1,3154.01,1169.17,0.45,0,2022-01-18,Outpatient,0.0,True
C44475,P0620,PR0147,F0158,71,M,Medicare,5,1.17,In-Network,Paid,Gastroenterology,Labs,95250,O80,0,521.43,1074.76,0.22,0,2022-02-26,Outpatient,0.0,True
C44477,P1390,PR0426,F0029,37,F,VA,5,1.33,In-Network,Denied,OBGYN,Surgery,99213,I21.4,0,2363.64,801.71,0.48,0,2023-08-18,ER,0.0,True
C44481,P1187,PR0270,F0161,20,M,Medicare,1,2.83,In-Network,Adjusted,Dermatology,Surgery,99213,O80,0,458.44,1045.65,0.09,3,2023-10-07,Inpatient,0.0,True
C44488,P0377,PR0189,F0180,56,F,Medicare,5,2.17,In-Network,Denied,Orthopedics,Specialist,99285,O80,0,631.28,778.97,0.3,3,2022-03-05,Inpatient,0.0,True
C44501,P3845,PR0362,F0126,63,F,Commercial,7,0.44,In-Network,Paid,Neurology,Specialist,95816,G40.909,0,4022.12,1445.9,0.53,0,2023-01-15,Outpatient,0.0,True
C44508,P5478,PR0128,F0155,17,M,VA,3,1.11,In-Network,Denied,Endocrinology,Labs,93000,E11.9,1,704.47,1019.64,0.33,0,2022-11-29,ER,0.104,True
C44528,P5689,PR0388,F0028,76,M,Commercial,12,2.29,Out-of-Network,Denied,OBGYN,Primary Care,73564,K21.9,0,2981.88,926.3,0.97,0,2022-11-28,Outpatient,0.0,True
C44543,P0239,PR0382,F0127,4,F,Medicare,2,2.05,Out-of-Network,Paid,Cardiology,Labs,95250,S83.241A,0,679.5,868.86,0.09,0,2022-05-19,ER,0.0,True
C44569,P7044,PR0364,F0143,77,F,VA,4,1.93,In-Network,Adjusted,Neurology,Labs,73564,I21.4,0,1981.51,863.76,0.61,0,2022-10-05,ER,0.0,True
C44583,P7530,PR0267,F0026,75,M,Medicare,3,1.61,Out-of-Network,Adjusted,Gastroenterology,Specialist,99213,E11.9,1,4781.11,1389.4,1.73,0,2022-07-02,ER,0.104,True
C44589,P3936,PR0166,F0111,26,M,Medicare,12,1.04,Out-of-Network,Denied,Cardiology,Labs,95816,G40.909,0,2401.05,900.1,6.98,0,2022-09-22,ER,0.0,True
C44595,P2419,PR0199,F0040,9,F,Medicare,1,1.87,Out-of-Network,Paid,OBGYN,Labs,99213,G40.909,0,3151.43,824.79,0.59,0,2022-11-15,ER,0.0,True
C44604,P5607,PR0389,F0068,67,M,Medicare,11,1.59,In-Network,Adjusted,Neurology,Imaging,93010,O80,0,2400.89,1223.09,0.53,10,2022-09-22,Inpatient,0.0,True
C44629,P0193,PR0454,F0191,25,M,Medicaid,3,0.61,In-Network,Adjusted,Gastroenterology,Surgery,99213,G40.909,0,2430.74,836.27,0.36,0,2022-01-14,Outpatient,0.0,True
C44638,P2351,PR0298,F0117,30,M,Medicaid,8,0.84,Out-of-Network,Paid,Dermatology,Imaging,95816,I21.4,0,213.51,1117.34,0.04,0,2023-09-21,ER,0.0,True
C44650,P1655,PR0444,F0131,75,F,Medicaid,5,2.04,In-Network,Denied,Endocrinology,Specialist,99213,I21.4,0,1619.35,1397.53,0.29,0,2023-08-11,Outpatient,0.0,True
C44654,P7647,PR0312,F0088,68,F,Medicaid,3,2.35,In-Network,Paid,Cardiology,Specialist,99285,O80,0,2171.9,908.58,0.29,0,2023-05-28,ER,0.0,True
C44682,P7080,PR0260,F0045,39,M,VA,6,2.44,Out-of-Network,Adjusted,Endocrinology,Specialist,95250,E11.9,1,4634.02,848.31,0.79,8,2023-05-30,Inpatient,0.104,True
C44690,P6723,PR0101,F0043,1,F,VA,3,1.04,In-Network,Paid,Gastroenterology,Primary Care,99285,I21.4,0,912.94,816.69,0.14,1,2022-12-04,Inpatient,0.0,True
C44718,P5125,PR0281,F0076,6,M,Medicaid,2,2.16,Out-of-Network,Adjusted,Dermatology,Gastroenterology,73564,I21.4,0,2564.35,30911.85,0.33,0,2022-08-24,ER,0.0,True
C44756,P3142,PR0394,F0077,76,F,Commercial,9,2.98,In-Network,Adjusted,Orthopedics,Surgery,73564,I21.4,0,3482.73,1237.59,1.01,0,2022-08-05,Outpatient,0.0,True
C44765,P3911,PR0109,F0188,42,F,Medicare,9,1.14,Out-of-Network,Adjusted,OBGYN,Gastroenterology,93010,E11.9,1,1102.93,17844.9,0.2,0,2023-05-14,ER,0.104,True
C44775,P6861,PR0192,F0152,79,F,Medicare,2,0.73,In-Network,Paid,Cardiology,Imaging,99285,M17.11,0,2744.62,1036.32,0.45,0,2023-11-12,ER,0.0,True
C44809,P0048,PR0381,F0023,62,M,VA,12,2.81,Out-of-Network,Denied,Endocrinology,Labs,99213,I50.9,1,395.15,1709.42,0.05,5,2023-05-13,Inpatient,0.331,True
C44818,P5402,PR0276,F0017,89,F,Medicare,2,1.56,Out-of-Network,Denied,Gastroenterology,Primary Care,93010,J45.909,1,3137.97,888.64,0.63,2,2022-03-13,Inpatient,0.0,True
C44845,P0170,PR0386,F0086,74,M,Commercial,6,0.87,In-Network,Adjusted,Primary Care,Labs,59400,S83.241A,0,710.84,1061.17,0.24,0,2023-10-02,ER,0.0,True
C44866,P3539,PR0192,F0029,50,F,Medicaid,9,1.5,In-Network,Denied,Gastroenterology,Primary Care,73564,I21.4,0,1621.07,942.6,0.43,0,2022-03-06,Outpatient,0.0,True
C44874,P5597,PR0285,F0154,37,F,Medicare,11,0.79,Out-of-Network,Denied,Orthopedics,Imaging,93010,E11.65,1,341.71,1491.5,0.25,10,2022-07-23,Inpatient,0.0,True
C44878,P0964,PR0351,F0035,38,F,Medicare,9,2.19,Out-of-Network,Denied,Dermatology,Surgery,99213,I21.4,0,194.16,944.61,0.03,5,2023-02-20,Inpatient,0.0,True
C44879,P0303,PR0261,F0142,32,M,Commercial,2,1.63,Out-of-Network,Paid,Orthopedics,Primary Care,99285,M17.11,0,1340.83,1220.6,0.45,0,2022-04-06,Outpatient,0.0,True
C44887,P7767,PR0458,F0164,60,F,Medicaid,7,1.92,Out-of-Network,Denied,Primary Care,Imaging,99285,K21.9,0,3573.98,842.83,0.68,7,2022-02-03,Inpatient,0.0,True
C44939,P0545,PR0328,F0021,34,M,VA,4,0.95,In-Network,Adjusted,Cardiology,Imaging,99285,I50.9,1,4550.36,1171.57,0.76,0,2023-12-23,ER,0.331,True
C44971,P5017,PR0366,F0124,62,F,Medicaid,7,2.99,In-Network,Adjusted,Cardiology,Surgery,95250,I21.4,0,1299.77,2123.99,1.01,9,2022-06-11,Inpatient,0.0,True
C45009,P3091,PR0293,F0192,77,F,VA,10,0.98,In-Network,Denied,Primary Care,Surgery,59400,I50.9,1,593.97,2214.77,0.25,0,2023-03-02,ER,0.331,True
C45015,P6165,PR0269,F0167,41,M,Medicare,1,1.62,In-Network,Adjusted,Gastroenterology,Labs,95816,K21.9,0,4468.56,3091.5,0.9,0,2022-04-26,ER,0.0,True
C45026,P4480,PR0047,F0042,18,F,Commercial,4,0.64,In-Network,Adjusted,Gastroenterology,Labs,95250,S83.241A,0,774.66,946.2,0.19,0,2023-08-11,Outpatient,0.0,True
C45050,P2302,PR0395,F0092,84,F,Medicare,4,2.56,In-Network,Adjusted,Neurology,Imaging,99214,K21.9,0,778.13,1311.06,0.19,7,2023-05-02,Inpatient,0.0,True
C45062,P3219,PR0150,F0067,9,M,Medicare,8,1.91,Out-of-Network,Denied,Gastroenterology,Primary Care,95816,I21.4,0,3135.47,2664.51,0.75,10,2023-02-22,Inpatient,0.0,True
C45070,P6634,PR0111,F0040,88,F,Medicare,8,1.0,Out-of-Network,Denied,Orthopedics,Surgery,73564,E11.9,1,2798.54,1089.5,1.13,9,2022-03-22,Inpatient,0.104,True
C45083,P5378,PR0429,F0172,68,F,Medicaid,10,1.27,In-Network,Adjusted,Primary Care,Imaging,27447,J45.909,1,1432.98,3467.53,0.19,0,2022-08-18,Outpatient,0.0,True
C45084,P1295,PR0424,F0092,38,M,VA,8,2.67,In-Network,Paid,Gastroenterology,Specialist,27447,I50.9,1,1042.05,2154.07,0.13,6,2022-08-24,Inpatient,0.331,True
C45097,P3244,PR0443,F0160,53,F,Medicare,11,2.8,In-Network,Denied,Orthopedics,Primary Care,99214,J45.909,1,3309.85,1039.25,0.47,0,2023-11-03,Outpatient,0.0,True
C45103,P0860,PR0337,F0112,32,M,VA,3,0.56,Out-of-Network,Denied,Orthopedics,Imaging,99214,I21.4,0,1901.35,2655.6,0.27,6,2022-11-29,Inpatient,0.0,True
C45109,P3170,PR0048,F0062,77,F,Medicare,5,2.69,In-Network,Denied,Orthopedics,Labs,27447,G40.909,0,3281.83,1091.2,1.29,0,2022-11-25,Outpatient,0.0,True
C45113,P2406,PR0472,F0035,86,F,VA,5,2.41,In-Network,Paid,OBGYN,Specialist,99285,E11.65,1,1140.66,1465.79,0.59,0,2023-05-18,Outpatient,0.0,True
C45116,P2450,PR0043,F0067,42,M,Medicare,10,1.79,In-Network,Adjusted,Gastroenterology,Specialist,93000,E11.65,1,1893.76,1095.66,0.48,0,2023-10-19,Outpatient,0.0,True
C45128,P5127,PR0496,F0084,89,M,Medicaid,2,0.53,Out-of-Network,Paid,Orthopedics,Primary Care,99214,S83.241A,0,4121.22,1284.68,0.69,0,2023-11-04,Outpatient,0.0,True
C45130,P2002,PR0453,F0031,17,M,Commercial,12,1.76,Out-of-Network,Denied,Endocrinology,Labs,93010,O80,0,4020.89,1170.63,0.71,5,2023-05-02,Inpatient,0.0,True
C45143,P6033,PR0316,F0193,17,M,Medicare,10,0.45,In-Network,Adjusted,Orthopedics,Specialist,99214,E11.9,1,1880.52,962.06,0.25,0,2022-10-08,Outpatient,0.104,True
C45168,P1342,PR0131,F0019,48,M,VA,4,0.45,Out-of-Network,Paid,Neurology,Surgery,27447,O80,0,3475.78,1032.04,1.02,0,2023-10-05,Outpatient,0.0,True
C45187,P1184,PR0481,F0074,57,F,Commercial,9,0.54,In-Network,Paid,Orthopedics,Primary Care,93010,G40.909,0,2167.45,787.75,0.68,10,2023-02-07,Inpatient,0.0,True
C45197,P6588,PR0453,F0168,84,M,VA,6,0.5,In-Network,Adjusted,Orthopedics,Gastroenterology,99214,K21.9,0,2568.33,29633.56,3.36,0,2022-01-16,Outpatient,0.0,True
C45206,P4080,PR0115,F0141,72,F,Medicaid,10,1.5,Out-of-Network,Paid,Neurology,Primary Care,73564,S83.241A,0,1124.11,818.96,0.42,0,2023-07-12,Outpatient,0.0,True
C45207,P1620,PR0338,F0083,72,F,Medicaid,11,0.55,In-Network,Denied,Primary Care,Surgery,99214,I21.4,0,3355.69,966.44,1.4,5,2022-09-25,Inpatient,0.0,True
C45234,P3690,PR0176,F0039,42,F,Commercial,6,2.69,Out-of-Network,Paid,Gastroenterology,Primary Care,93000,K21.9,0,3609.46,988.36,0.9,0,2022-03-27,ER,0.0,True
C45262,P6458,PR0465,F0053,4,M,VA,10,2.04,Out-of-Network,Paid,Dermatology,Imaging,95816,M17.11,0,1053.79,1128.59,0.19,0,2023-10-30,ER,0.0,True
C45275,P1860,PR0036,F0058,3,F,Medicare,11,2.92,Out-of-Network,Denied,Endocrinology,Specialist,99285,K21.9,0,2549.55,991.55,0.33,1,2023-03-05,Inpatient,0.0,True
C45307,P1082,PR0365,F0051,84,F,Commercial,10,0.55,Out-of-Network,Denied,Orthopedics,Specialist,95250,K21.9,0,3419.37,846.81,0.97,6,2022-07-14,Inpatient,0.0,True
C45319,P0750,PR0049,F0050,21,M,Medicaid,11,0.73,Out-of-Network,Adjusted,Endocrinology,Specialist,73564,I21.4,0,1630.26,881.23,0.37,0,2023-02-02,Outpatient,0.0,True
C45325,P3986,PR0029,F0112,34,F,VA,7,0.4,In-Network,Paid,Primary Care,Gastroenterology,99285,E11.9,1,3373.01,15353.85,0.63,0,2023-02-10,Outpatient,0.104,True
C45328,P4557,PR0064,F0111,27,F,Medicaid,3,2.82,Out-of-Network,Paid,Dermatology,Labs,73564,E11.9,1,359.25,980.38,0.07,8,2023-11-09,Inpatient,0.104,True
C45339,P0129,PR0221,F0028,39,M,Commercial,11,1.06,In-Network,Paid,Orthopedics,Labs,99213,G40.909,0,455.42,1039.54,0.15,0,2022-12-21,ER,0.0,True
C45343,P7302,PR0497,F0179,9,M,VA,12,0.45,Out-of-Network,Denied,Neurology,Surgery,73564,G40.909,0,4366.02,1040.16,6.7,0,2022-03-08,Outpatient,0.0,True
C45349,P0403,PR0478,F0103,80,M,VA,5,2.6,In-Network,Paid,Primary Care,Specialist,93000,E11.9,1,126.67,785.75,0.02,6,2023-03-21,Inpatient,0.104,True
C45355,P7656,PR0465,F0007,9,M,VA,1,2.11,In-Network,Paid,Orthopedics,Specialist,99213,I21.4,0,262.22,954.59,0.12,0,2022-01-18,ER,0.0,True
C45360,P3016,PR0367,F0093,21,F,VA,8,0.61,In-Network,Denied,OBGYN,Surgery,99213,S83.241A,0,3444.26,1230.23,0.71,0,2022-02-18,ER,0.0,True
C45370,P6019,PR0468,F0067,55,M,Commercial,7,1.77,Out-of-Network,Denied,Gastroenterology,Primary Care,27447,E11.9,1,4437.89,2415.36,0.63,9,2022-09-21,Inpatient,0.104,True
C45374,P5001,PR0335,F0151,53,F,Medicare,7,2.19,Out-of-Network,Paid,OBGYN,Specialist,73564,K21.9,0,4977.32,929.83,1.17,0,2023-03-18,ER,0.0,True
C45380,P0401,PR0173,F0005,1,F,Medicare,3,0.64,Out-of-Network,Denied,Dermatology,Primary Care,99285,O80,0,1735.26,796.79,7.58,0,2022-12-21,ER,0.0,True
C45384,P7890,PR0357,F0071,75,F,Commercial,2,1.21,Out-of-Network,Adjusted,Neurology,Surgery,99213,I21.4,0,1318.31,1294.47,0.69,0,2022-06-10,ER,0.0,True
C45419,P0372,PR0107,F0151,88,F,Medicaid,1,0.79,In-Network,Paid,OBGYN,Specialist,73564,I50.9,1,1219.95,899.82,0.41,0,2022-10-05,ER,0.331,True
C45437,P0135,PR0497,F0089,47,F,Medicare,7,2.34,In-Network,Adjusted,Dermatology,Primary Care,27447,J45.909,1,3265.55,1190.49,3.44,5,2023-12-27,Inpatient,0.0,True
C45451,P2682,PR0037,F0191,86,F,Commercial,4,0.4,Out-of-Network,Denied,Endocrinology,Specialist,27447,O80,0,1904.7,1075.17,0.51,0,2023-08-14,ER,0.0,True
C45467,P6337,PR0184,F0051,54,M,Commercial,8,1.24,In-Network,Adjusted,OBGYN,Specialist,95250,E11.9,1,4357.81,1594.4,0.98,0,2022-04-13,ER,0.104,True
C45503,P1019,PR0079,F0147,44,M,Medicaid,7,0.44,Out-of-Network,Paid,Cardiology,Labs,99285,E11.65,1,1398.33,1460.29,7.72,0,2022-06-09,Outpatient,0.0,True
C45550,P6511,PR0040,F0120,86,M,VA,5,1.29,Out-of-Network,Adjusted,Neurology,Surgery,27447,M17.11,0,3287.4,1285.15,0.48,0,2022-05-25,Outpatient,0.0,True
C45567,P5018,PR0415,F0011,16,M,Medicaid,4,2.78,Out-of-Network,Adjusted,Cardiology,Imaging,93010,S83.241A,0,4069.25,792.25,1.0,0,2023-08-04,ER,0.0,True
C45577,P5030,PR0301,F0122,76,F,Medicare,9,2.51,In-Network,Denied,Dermatology,Imaging,93000,M17.11,0,4511.44,1048.85,6.25,7,2023-07-12,Inpatient,0.0,True
C45585,P3305,PR0468,F0044,44,F,Medicaid,7,1.9,In-Network,Denied,Gastroenterology,Gastroenterology,99285,I21.4,0,4013.07,32027.08,1.5,4,2023-03-06,Inpatient,0.0,True
C45590,P5194,PR0222,F0023,41,M,VA,6,1.98,Out-of-Network,Paid,Neurology,Surgery,73564,K21.9,0,3663.32,908.16,3.59,0,2022-01-03,ER,0.0,True
C45619,P1163,PR0194,F0015,84,F,Commercial,11,1.4,Out-of-Network,Adjusted,Dermatology,Labs,99213,I50.9,1,390.49,970.06,0.38,3,2023-01-04,Inpatient,0.331,True
C45636,P3983,PR0387,F0009,38,M,Medicaid,11,0.95,In-Network,Denied,Endocrinology,Surgery,99213,O80,0,3568.32,1102.4,0.96,1,2022-05-18,Inpatient,0.0,True
C45637,P0493,PR0251,F0174,3,M,VA,5,2.48,Out-of-Network,Denied,Neurology,Surgery,99213,G40.909,0,3868.07,853.54,19.81,0,2023-06-25,Outpatient,0.0,True
C45647,P4398,PR0026,F0172,37,M,Medicaid,12,2.35,In-Network,Denied,Orthopedics,Surgery,95250,J45.909,1,3901.19,1384.46,0.75,0,2022-12-23,ER,0.0,True
C45648,P5592,PR0435,F0059,90,M,Commercial,2,2.35,Out-of-Network,Denied,Gastroenterology,Imaging,99214,J45.909,1,3115.53,2004.86,0.45,0,2023-11-07,Outpatient,0.0,True
C45651,P2861,PR0456,F0070,7,F,Commercial,9,0.39,In-Network,Denied,Primary Care,Imaging,99285,E11.9,1,1297.84,1402.09,0.31,2,2023-12-26,Inpatient,0.104,True
C45679,P2854,PR0388,F0055,89,M,Medicare,3,2.72,Out-of-Network,Paid,OBGYN,Imaging,73564,S83.241A,0,3009.33,1220.71,0.92,0,2022-08-29,ER,0.0,True
C45693,P0673,PR0190,F0047,60,M,Medicare,9,2.36,In-Network,Paid,Cardiology,Specialist,27447,E11.65,1,4614.05,1182.04,0.62,0,2023-06-27,Outpatient,0.0,True
C45697,P5496,PR0295,F0127,56,F,VA,6,1.71,In-Network,Denied,Endocrinology,Surgery,99214,I50.9,1,3055.88,1093.51,1.75,8,2022-08-17,Inpatient,0.331,True
C45704,P1706,PR0398,F0018,54,F,Medicare,3,1.33,Out-of-Network,Paid,OBGYN,Surgery,99213,K21.9,0,1221.56,988.37,0.17,0,2022-02-03,ER,0.0,True
C45712,P6085,PR0243,F0001,2,F,VA,12,1.29,In-Network,Paid,Endocrinology,Surgery,95816,M17.11,0,2606.08,1420.75,0.72,9,2023-10-16,Inpatient,0.0,True
C45716,P2545,PR0142,F0061,9,M,VA,5,1.37,In-Network,Denied,Neurology,Labs,73564,E11.9,1,4163.51,1157.13,0.73,0,2022-09-29,Outpatient,0.104,True
C45723,P4281,PR0080,F0113,74,F,Medicaid,10,2.45,Out-of-Network,Paid,Dermatology,Labs,59400,E11.65,1,1683.82,1978.62,0.62,9,2022-04-19,Inpatient,0.0,True
C45734,P6720,PR0435,F0011,87,M,Commercial,1,1.85,Out-of-Network,Adjusted,Neurology,Gastroenterology,95250,I50.9,1,4908.78,1442.86,1.29,0,2022-03-17,Outpatient,0.331,True
C45741,P5488,PR0154,F0195,54,F,Commercial,3,1.2,In-Network,Denied,OBGYN,Imaging,95816,S83.241A,0,4053.64,804.61,1.79,0,2023-08-02,ER,0.0,True
C45754,P7920,PR0500,F0190,42,M,Medicaid,8,2.13,In-Network,Denied,Primary Care,Gastroenterology,93010,M17.11,0,3199.44,1290.93,0.74,2,2023-09-09,Inpatient,0.0,True
C45784,P4930,PR0329,F0174,79,F,Medicaid,8,0.46,In-Network,Denied,OBGYN,Imaging,99214,E11.65,1,354.46,1385.34,0.11,4,2022-03-08,Inpatient,0.0,True
C45791,P3056,PR0141,F0043,58,M,Medicaid,6,0.71,Out-of-Network,Denied,Cardiology,Specialist,99214,I21.4,0,4463.78,1640.82,0.78,0,2022-03-22,ER,0.0,True
C45807,P6912,PR0091,F0157,54,F,Medicare,8,0.89,In-Network,Adjusted,Gastroenterology,Specialist,93010,I50.9,1,3013.68,1584.26,7.06,0,2023-10-05,ER,0.331,True
C45810,P6525,PR0134,F0155,4,F,Commercial,4,0.87,In-Network,Paid,OBGYN,Primary Care,27447,I50.9,1,4686.39,1106.8,0.78,7,2023-10-02,Inpatient,0.331,True
C45815,P0570,PR0193,F0156,18,M,Medicaid,7,1.58,In-Network,Denied,Cardiology,Imaging,95250,M17.11,0,1017.42,1283.05,2.17,0,2023-03-05,Outpatient,0.0,True
C45817,P5803,PR0141,F0145,90,M,Medicaid,9,2.61,In-Network,Paid,Cardiology,Imaging,93000,M17.11,0,1887.42,752.49,0.36,0,2023-07-05,Outpatient,0.0,True
C45819,P5712,PR0044,F0113,19,M,Medicaid,5,1.07,Out-of-Network,Paid,Dermatology,Surgery,99285,I21.4,0,3016.55,1881.26,0.73,0,2022-06-05,ER,0.0,True
C45821,P0823,PR0135,F0082,65,F,Medicaid,2,0.86,Out-of-Network,Adjusted,Orthopedics,Specialist,73564,S83.241A,0,2799.84,1912.12,4.66,9,2022-09-06,Inpatient,0.0,True
C45822,P6883,PR0062,F0147,72,F,Commercial,5,1.86,In-Network,Paid,Endocrinology,Surgery,27447,I50.9,1,572.41,1024.18,0.55,0,2023-04-12,Outpatient,0.331,True
C45830,P5974,PR0417,F0172,63,M,Medicaid,1,0.98,In-Network,Denied,Gastroenterology,Labs,95250,I50.9,1,4618.04,848.3,0.9,0,2022-07-10,ER,0.331,True
C45842,P0028,PR0326,F0025,37,M,Commercial,10,1.74,Out-of-Network,Adjusted,Orthopedics,Specialist,93010,O80,0,3229.0,2160.69,1.77,5,2023-08-30,Inpatient,0.0,True
C45845,P1440,PR0417,F0194,3,M,VA,12,0.73,Out-of-Network,Paid,OBGYN,Imaging,99213,I50.9,1,1283.52,1183.06,0.19,4,2022-05-05,Inpatient,0.331,True
C45864,P1994,PR0337,F0171,76,F,Medicaid,7,2.32,In-Network,Adjusted,Cardiology,Primary Care,93000,J45.909,1,4805.04,1524.8,0.81,0,2023-08-23,ER,0.0,True
C45880,P3370,PR0164,F0135,55,F,Commercial,5,0.79,Out-of-Network,Denied,Primary Care,Surgery,27447,I50.9,1,3837.61,1297.44,0.63,0,2022-03-22,ER,0.331,True
C45914,P4604,PR0159,F0116,72,F,Commercial,5,1.88,In-Network,Denied,Dermatology,Labs,99214,G40.909,0,4186.77,937.68,0.56,3,2022-05-06,Inpatient,0.0,True
C45932,P2946,PR0437,F0128,82,F,Medicare,7,0.73,In-Network,Adjusted,Dermatology,Labs,99285,S83.241A,0,3131.02,881.75,0.4,0,2022-12-28,Outpatient,0.0,True
C45955,P7991,PR0384,F0154,9,F,Commercial,10,2.48,In-Network,Adjusted,Cardiology,Gastroenterology,99285,E11.9,1,2235.27,1680.4,0.4,0,2023-07-14,ER,0.104,True
C45968,P4894,PR0376,F0122,54,M,VA,5,1.12,Out-of-Network,Denied,Gastroenterology,Surgery,27447,I21.4,0,289.4,2120.13,0.31,0,2023-02-13,ER,0.0,True
C45969,P7706,PR0090,F0174,12,F,Commercial,8,2.07,In-Network,Paid,OBGYN,Surgery,59400,M17.11,0,3763.57,960.18,0.55,1,2023-01-17,Inpatient,0.0,True
C45970,P4779,PR0194,F0169,24,M,Medicaid,4,2.8,In-Network,Paid,Endocrinology,Specialist,95816,I21.4,0,3384.9,806.06,0.83,8,2023-07-23,Inpatient,0.0,True
C45974,P7002,PR0430,F0198,90,M,Medicare,11,1.03,Out-of-Network,Paid,Endocrinology,Imaging,99214,M17.11,0,4310.22,1715.66,1.57,6,2023-12-13,Inpatient,0.0,True
C46018,P3563,PR0477,F0198,51,M,Commercial,7,2.04,Out-of-Network,Denied,Gastroenterology,Gastroenterology,93010,E11.9,1,3670.34,21429.27,0.99,9,2022-10-31,Inpatient,0.104,True
C46045,P5238,PR0302,F0197,2,F,VA,12,1.76,Out-of-Network,Adjusted,Dermatology,Surgery,93010,E11.65,1,4120.19,967.13,6.56,2,2023-06-02,Inpatient,0.0,True
C46049,P0462,PR0253,F0004,40,F,Medicaid,8,0.95,In-Network,Adjusted,Primary Care,Surgery,95816,K21.9,0,1761.19,805.62,0.72,6,2022-12-18,Inpatient,0.0,True
C46051,P5781,PR0163,F0054,34,M,VA,2,0.78,Out-of-Network,Adjusted,Cardiology,Labs,73564,E11.65,1,4092.07,1476.28,2.27,7,2023-12-17,Inpatient,0.0,True
C46069,P7812,PR0043,F0164,10,M,Medicare,3,0.79,Out-of-Network,Adjusted,Gastroenterology,Surgery,73564,I50.9,1,521.0,946.92,0.22,0,2022-12-20,Outpatient,0.331,True
C46075,P4502,PR0156,F0117,42,F,Medicare,5,1.21,Out-of-Network,Adjusted,Endocrinology,Primary Care,95816,S83.241A,0,834.81,950.71,0.1,10,2022-03-17,Inpatient,0.0,True
C46083,P3421,PR0062,F0144,52,M,Commercial,6,2.08,Out-of-Network,Paid,Primary Care,Specialist,99213,S83.241A,0,4151.95,913.04,0.61,0,2022-09-04,Outpatient,0.0,True
C46106,P7413,PR0288,F0155,5,M,Medicare,4,2.17,In-Network,Paid,Endocrinology,Gastroenterology,59400,S83.241A,0,861.84,22679.69,0.22,0,2022-06-19,Outpatient,0.0,True
C46121,P7358,PR0130,F0162,61,F,Commercial,2,1.5,Out-of-Network,Paid,Cardiology,Labs,93010,J45.909,1,3955.51,1040.12,1.33,0,2022-10-12,Outpatient,0.0,True
C46134,P5613,PR0499,F0119,84,F,Commercial,11,0.33,In-Network,Paid,Cardiology,Specialist,59400,I21.4,0,1553.22,787.93,1.49,2,2023-07-26,Inpatient,0.0,True
C46143,P7285,PR0004,F0036,14,M,VA,2,2.32,In-Network,Denied,Dermatology,Surgery,99285,S83.241A,0,591.9,784.04,0.08,0,2023-01-30,Outpatient,0.0,True
C46153,P6136,PR0407,F0173,70,M,Medicaid,2,1.56,Out-of-Network,Paid,Gastroenterology,Specialist,73564,G40.909,0,4316.45,810.54,3.12,3,2023-08-29,Inpatient,0.0,True
C46164,P3052,PR0454,F0075,33,M,Medicaid,7,0.39,In-Network,Denied,Cardiology,Primary Care,93000,O80,0,1498.4,1036.44,0.77,0,2023-10-16,ER,0.0,True
C46176,P1631,PR0346,F0068,32,F,Medicaid,12,1.8,In-Network,Adjusted,Primary Care,Imaging,93010,S83.241A,0,1990.56,898.9,1.07,5,2023-10-14,Inpatient,0.0,True
C46192,P0336,PR0066,F0128,47,M,Medicaid,3,2.67,In-Network,Denied,Gastroenterology,Surgery,93000,K21.9,0,4585.92,947.3,0.58,4,2022-09-29,Inpatient,0.0,True
C46220,P0372,PR0318,F0141,49,F,Medicare,2,2.49,Out-of-Network,Adjusted,Gastroenterology,Imaging,73564,O80,0,1617.97,1070.05,1.5,0,2023-05-29,ER,0.0,True
C46222,P7483,PR0368,F0119,58,F,VA,11,2.6,In-Network,Denied,Endocrinology,Specialist,95250,K21.9,0,2996.85,1768.68,15.54,0,2022-09-08,ER,0.0,True
C46224,P1668,PR0189,F0076,25,F,Commercial,11,1.77,Out-of-Network,Paid,Dermatology,Specialist,99214,G40.909,0,1448.68,1079.11,0.56,0,2023-09-18,ER,0.0,True
C46284,P6360,PR0323,F0170,19,F,Medicaid,11,2.99,Out-of-Network,Paid,Dermatology,Imaging,93000,M17.11,0,3980.81,815.38,0.51,3,2023-03-08,Inpatient,0.0,True
C46294,P2015,PR0477,F0005,80,M,Commercial,5,2.66,In-Network,Adjusted,Gastroenterology,Imaging,59400,I50.9,1,4795.71,1175.27,1.09,0,2022-03-13,ER,0.331,True
C46297,P5240,PR0273,F0060,39,M,Commercial,9,0.59,In-Network,Denied,Dermatology,Specialist,95250,I50.9,1,4370.94,1479.38,1.3,0,2023-11-25,ER,0.331,True
C46299,P7753,PR0141,F0185,70,F,Commercial,10,2.37,Out-of-Network,Denied,Gastroenterology,Labs,93000,K21.9,0,3074.67,1867.06,0.43,6,2023-10-01,Inpatient,0.0,True
C46326,P6552,PR0305,F0138,66,M,Commercial,9,1.73,Out-of-Network,Denied,Cardiology,Imaging,59400,I50.9,1,3509.61,968.26,0.54,5,2023-04-26,Inpatient,0.331,True
C46350,P6681,PR0370,F0098,40,M,Medicare,9,2.16,Out-of-Network,Paid,Gastroenterology,Surgery,99213,S83.241A,0,1886.26,2478.15,0.57,0,2022-04-19,ER,0.0,True
C46354,P3915,PR0082,F0065,54,M,Medicare,10,1.5,In-Network,Adjusted,Gastroenterology,Specialist,99285,G40.909,0,899.3,808.22,0.25,6,2022-08-16,Inpatient,0.0,True
C46360,P3334,PR0197,F0155,14,F,VA,10,0.49,In-Network,Adjusted,Gastroenterology,Primary Care,99214,E11.65,1,4433.57,792.58,0.59,9,2022-10-27,Inpatient,0.0,True
C46376,P0497,PR0497,F0072,36,F,VA,8,2.39,Out-of-Network,Denied,Dermatology,Labs,95250,K21.9,0,1018.86,1258.91,0.65,0,2022-03-16,ER,0.0,True
C46393,P7635,PR0304,F0083,24,F,Commercial,9,2.5,In-Network,Adjusted,Cardiology,Imaging,99213,I50.9,1,2837.04,847.93,0.37,1,2023-10-05,Inpatient,0.331,True
C46408,P5870,PR0421,F0037,6,M,VA,5,0.91,Out-of-Network,Adjusted,Orthopedics,Imaging,93010,K21.9,0,3940.13,781.55,0.95,9,2023-04-28,Inpatient,0.0,True
C46411,P5861,PR0125,F0047,68,M,VA,5,2.77,Out-of-Network,Paid,Cardiology,Labs,99214,I21.4,0,2341.11,1235.05,0.61,0,2023-09-24,Outpatient,0.0,True
C46434,P7518,PR0312,F0099,11,M,Medicaid,7,2.44,Out-of-Network,Adjusted,Gastroenterology,Labs,73564,I21.4,0,3229.85,2878.15,1.03,0,2022-03-31,ER,0.0,True
C46437,P0921,PR0072,F0050,30,F,Medicaid,1,1.31,Out-of-Network,Adjusted,OBGYN,Imaging,95250,E11.65,1,4285.84,812.4,1.02,0,2023-03-05,Outpatient,0.0,True
C46451,P1840,PR0151,F0196,56,M,VA,8,0.34,Out-of-Network,Paid,Dermatology,Primary Care,93000,E11.9,1,3018.77,956.03,0.5,0,2023-12-26,ER,0.104,True
C46460,P5000,PR0241,F0103,39,M,Medicare,6,0.93,In-Network,Paid,Primary Care,Surgery,99285,J45.909,1,3900.76,1200.58,20.66,9,2022-11-10,Inpatient,0.0,True
C46466,P6870,PR0279,F0090,26,F,Medicare,2,2.4,In-Network,Adjusted,Orthopedics,Gastroenterology,93010,O80,0,2776.93,16084.5,1.23,0,2022-10-09,Outpatient,0.0,True
C46507,P5385,PR0309,F0024,33,F,Medicaid,3,0.98,In-Network,Paid,Gastroenterology,Imaging,27447,M17.11,0,2446.95,855.76,0.39,3,2022-07-15,Inpatient,0.0,True
C46515,P0140,PR0438,F0097,22,F,Medicaid,8,1.8,In-Network,Adjusted,Cardiology,Specialist,93010,G40.909,0,2369.85,1126.39,0.8,1,2022-02-24,Inpatient,0.0,True
C46521,P1742,PR0155,F0088,1,M,VA,11,2.73,Out-of-Network,Denied,OBGYN,Labs,93000,J45.909,1,131.51,2753.05,0.17,4,2023-02-26,Inpatient,0.0,True
C46528,P1760,PR0113,F0142,81,F,Commercial,8,0.52,In-Network,Denied,Primary Care,Imaging,99285,K21.9,0,2582.77,890.29,0.5,0,2022-08-25,ER,0.0,True
C46541,P1849,PR0255,F0194,1,F,Medicare,11,2.88,In-Network,Paid,OBGYN,Primary Care,27447,O80,0,872.7,1183.35,0.43,0,2023-02-06,ER,0.0,True
C46560,P6930,PR0483,F0018,39,M,VA,4,1.31,In-Network,Denied,Primary Care,Surgery,95250,O80,0,1237.75,1264.6,0.21,0,2023-01-17,Outpatient,0.0,True
C46575,P2466,PR0092,F0013,3,M,Medicaid,12,1.74,In-Network,Denied,Cardiology,Imaging,99214,M17.11,0,541.23,750.53,0.42,7,2022-05-30,Inpatient,0.0,True
C46584,P6224,PR0033,F0178,6,M,Medicare,2,1.21,Out-of-Network,Paid,Orthopedics,Primary Care,99214,E11.65,1,2831.73,1034.75,0.78,0,2022-05-30,ER,0.0,True
C46587,P6233,PR0238,F0059,80,F,VA,2,0.56,In-Network,Denied,Dermatology,Surgery,95816,O80,0,3477.62,1410.59,0.53,8,2023-12-18,Inpatient,0.0,True
C46604,P1684,PR0177,F0177,64,M,Commercial,9,0.46,Out-of-Network,Denied,Cardiology,Surgery,93010,J45.909,1,3384.02,1906.92,1.09,0,2022-02-17,ER,0.0,True
C46606,P1746,PR0293,F0035,78,M,Commercial,11,0.81,In-Network,Paid,Orthopedics,Surgery,27447,M17.11,0,144.85,1999.76,0.03,0,2022-06-03,Outpatient,0.0,True
C46620,P1818,PR0142,F0022,77,F,Commercial,1,1.75,In-Network,Paid,Gastroenterology,Surgery,99214,J45.909,1,2583.48,952.09,5.96,0,2022-09-27,ER,0.0,True
C46624,P6020,PR0454,F0117,43,M,Medicare,9,1.22,Out-of-Network,Denied,Cardiology,Labs,99285,I50.9,1,1994.24,1061.25,2.5,0,2022-08-26,Outpatient,0.331,True
C46634,P5469,PR0243,F0151,33,M,VA,11,1.42,In-Network,Adjusted,Dermatology,Surgery,99214,K21.9,0,705.54,1941.68,0.1,5,2022-10-18,Inpatient,0.0,True
C46638,P1919,PR0151,F0061,6,M,VA,9,0.6,Out-of-Network,Denied,Neurology,Imaging,73564,K21.9,0,1703.04,1655.72,2.28,3,2022-04-09,Inpatient,0.0,True
C46648,P3840,PR0016,F0076,18,M,Medicaid,3,0.47,Out-of-Network,Denied,Cardiology,Labs,95250,E11.65,1,3710.57,805.45,1.41,2,2023-05-21,Inpatient,0.0,True
C46652,P3115,PR0396,F0108,26,F,Medicare,5,1.42,In-Network,Adjusted,Neurology,Labs,93000,E11.9,1,722.19,934.57,0.7,0,2023-07-24,ER,0.104,True
C46654,P0221,PR0129,F0110,43,F,Medicare,2,1.28,In-Network,Adjusted,Orthopedics,Gastroenterology,95816,E11.65,1,2118.96,1121.05,0.84,8,2023-11-25,Inpatient,0.0,True
C46662,P6719,PR0150,F0137,43,M,Commercial,3,2.18,Out-of-Network,Denied,Primary Care,Surgery,27447,K21.9,0,280.63,1253.4,0.04,8,2022-07-02,Inpatient,0.0,True
C46703,P5984,PR0382,F0083,86,F,VA,11,2.2,In-Network,Paid,OBGYN,Primary Care,59400,M17.11,0,3717.39,1106.39,2.15,5,2022-08-13,Inpatient,0.0,True
C46709,P6941,PR0040,F0154,2,F,Medicare,4,0.72,Out-of-Network,Paid,Dermatology,Primary Care,59400,I50.9,1,1077.6,794.75,0.24,10,2023-12-12,Inpatient,0.331,True
C46723,P7134,PR0318,F0124,6,M,VA,10,1.03,In-Network,Paid,Orthopedics,Imaging,93000,K21.9,0,2680.14,982.06,0.97,10,2022-12-21,Inpatient,0.0,True
C46728,P6345,PR0334,F0103,1,M,VA,9,2.04,In-Network,Denied,Dermatology,Imaging,27447,G40.909,0,4441.22,855.12,3.62,0,2023-04-26,Outpatient,0.0,True
C46729,P1238,PR0446,F0024,65,M,VA,1,0.62,Out-of-Network,Adjusted,OBGYN,Surgery,93010,O80,0,2931.94,1077.51,0.39,0,2023-12-28,Outpatient,0.0,True
C46736,P7967,PR0289,F0042,0,M,Medicare,5,2.61,In-Network,Denied,Neurology,Imaging,99213,K21.9,0,3503.29,1152.3,3.0,3,2023-01-24,Inpatient,0.0,True
C46765,P6747,PR0425,F0072,37,F,Medicaid,11,2.79,In-Network,Adjusted,Cardiology,Imaging,99285,E11.65,1,1568.93,2161.47,0.39,6,2022-07-31,Inpatient,0.0,True
C46794,P2916,PR0284,F0052,19,M,Commercial,8,2.99,In-Network,Denied,Primary Care,Primary Care,93010,M17.11,0,3355.52,965.89,0.82,0,2022-10-09,Outpatient,0.0,True
C46796,P1910,PR0210,F0148,77,F,Medicaid,6,0.44,Out-of-Network,Denied,Endocrinology,Primary Care,73564,I50.9,1,3958.4,1035.47,0.8,2,2022-07-04,Inpatient,0.331,True
C46809,P7458,PR0087,F0023,89,M,VA,12,2.72,Out-of-Network,Paid,Primary Care,Imaging,93000,I21.4,0,3427.71,872.35,0.5,0,2022-04-20,Outpatient,0.0,True
C46817,P4185,PR0320,F0119,80,F,Medicaid,7,2.95,In-Network,Paid,OBGYN,Labs,99214,E11.65,1,2027.15,976.02,0.47,0,2023-01-10,Outpatient,0.0,True
C46827,P5235,PR0447,F0075,24,M,Commercial,6,1.77,In-Network,Paid,Gastroenterology,Surgery,27447,E11.9,1,3578.68,1451.06,1.81,10,2023-05-22,Inpatient,0.104,True
C46855,P0327,PR0312,F0075,58,M,VA,12,2.41,Out-of-Network,Denied,OBGYN,Imaging,99285,E11.9,1,3518.9,1290.03,4.93,9,2022-08-30,Inpatient,0.104,True
C46901,P4136,PR0084,F0187,11,M,Commercial,11,2.5,In-Network,Adjusted,Neurology,Gastroenterology,93010,G40.909,0,1981.56,19181.29,0.31,0,2023-12-10,ER,0.0,True
C46927,P4921,PR0239,F0159,15,F,Medicare,4,1.21,In-Network,Denied,Neurology,Specialist,73564,I50.9,1,2951.52,2248.82,2.12,1,2022-05-24,Inpatient,0.331,True
C46935,P5419,PR0272,F0089,47,M,Commercial,1,2.19,In-Network,Adjusted,Primary Care,Primary Care,99213,E11.65,1,3892.97,1006.75,1.11,3,2023-04-15,Inpatient,0.0,True
C46941,P3288,PR0181,F0021,47,M,Commercial,1,2.61,In-Network,Paid,Endocrinology,Surgery,93000,I21.4,0,1443.81,786.46,0.22,0,2022-09-08,Outpatient,0.0,True
C46946,P0357,PR0328,F0168,5,F,Medicaid,6,2.78,In-Network,Denied,Endocrinology,Gastroenterology,59400,I50.9,1,3750.09,1447.11,0.78,0,2023-09-30,ER,0.331,True
C46947,P2342,PR0356,F0165,59,M,Commercial,8,0.96,In-Network,Adjusted,Cardiology,Specialist,99214,O80,0,1340.29,1089.09,2.51,5,2023-02-27,Inpatient,0.0,True
C46948,P5625,PR0080,F0004,47,M,Commercial,2,1.68,Out-of-Network,Denied,Orthopedics,Primary Care,73564,S83.241A,0,3305.56,1287.64,1.23,0,2022-11-24,ER,0.0,True
C46959,P6918,PR0279,F0073,41,F,Medicaid,10,2.36,Out-of-Network,Denied,Orthopedics,Imaging,95816,I50.9,1,2959.61,4374.0,0.46,0,2022-05-05,ER,0.331,True
C46964,P4101,PR0181,F0076,8,M,VA,7,2.04,Out-of-Network,Denied,Dermatology,Imaging,93000,I50.9,1,3134.37,817.5,3.3,0,2023-05-06,ER,0.331,True
C46985,P5578,PR0432,F0039,65,F,Medicaid,6,1.23,Out-of-Network,Paid,Neurology,Labs,73564,E11.9,1,4479.33,947.59,1.32,0,2023-12-09,ER,0.104,True
C47008,P5243,PR0473,F0069,37,M,Medicare,10,0.38,In-Network,Adjusted,OBGYN,Primary Care,27447,E11.9,1,3687.91,1099.86,1.83,0,2022-02-02,Outpatient,0.104,True
C47010,P1927,PR0460,F0008,50,M,VA,11,1.57,In-Network,Paid,Orthopedics,Gastroenterology,93000,E11.9,1,288.23,1338.45,0.32,0,2023-11-14,Outpatient,0.104,True
C47023,P5192,PR0287,F0131,26,M,VA,11,1.48,In-Network,Paid,Primary Care,Surgery,95816,M17.11,0,2810.39,821.08,0.46,5,2023-12-18,Inpatient,0.0,True
C47030,P0267,PR0208,F0197,0,F,Medicare,6,2.84,Out-of-Network,Paid,Cardiology,Imaging,93010,K21.9,0,1289.25,1991.02,0.19,0,2022-10-24,Outpatient,0.0,True
C47033,P1708,PR0432,F0030,37,M,Medicare,11,1.12,In-Network,Denied,Gastroenterology,Specialist,93010,E11.65,1,3068.4,926.55,0.4,0,2022-06-06,Outpatient,0.0,True
C47046,P7293,PR0131,F0175,72,F,VA,10,2.04,In-Network,Paid,Primary Care,Imaging,93010,J45.909,1,1698.11,1394.48,0.3,0,2023-08-24,Outpatient,0.0,True
C47088,P1679,PR0205,F0090,25,M,Commercial,2,1.12,Out-of-Network,Paid,OBGYN,Primary Care,95816,E11.65,1,2211.12,1262.46,0.79,0,2022-02-27,ER,0.0,True
C47098,P0692,PR0022,F0018,90,F,Commercial,9,1.82,In-Network,Adjusted,Cardiology,Surgery,73564,I21.4,0,124.95,1110.81,0.02,0,2022-01-28,ER,0.0,True
C47136,P5595,PR0093,F0068,69,M,Commercial,4,2.24,Out-of-Network,Adjusted,OBGYN,Labs,99214,I50.9,1,121.02,819.65,0.02,9,2022-04-10,Inpatient,0.331,True
C47180,P3858,PR0271,F0151,29,F,Commercial,4,2.62,Out-of-Network,Paid,Gastroenterology,Primary Care,99285,M17.11,0,4823.21,868.07,22.24,1,2023-06-30,Inpatient,0.0,True
C47214,P2500,PR0090,F0056,16,M,Medicaid,11,1.87,In-Network,Adjusted,Dermatology,Labs,99214,O80,0,230.77,2867.1,0.03,0,2022-11-09,Outpatient,0.0,True
C47242,P7539,PR0436,F0082,88,F,Commercial,3,1.84,In-Network,Adjusted,Cardiology,Specialist,27447,O80,0,1590.73,1007.01,1.02,0,2022-12-10,ER,0.0,True
C47285,P6363,PR0455,F0083,72,F,Commercial,4,1.05,In-Network,Adjusted,Primary Care,Primary Care,59400,O80,0,1267.99,1080.27,1.74,0,2022-05-03,ER,0.0,True
C47303,P0101,PR0402,F0048,57,M,Commercial,6,2.08,Out-of-Network,Denied,Endocrinology,Surgery,95816,M17.11,0,1015.95,821.76,0.24,2,2023-11-14,Inpatient,0.0,True
C47330,P1933,PR0108,F0017,0,M,Medicare,10,0.83,Out-of-Network,Paid,Cardiology,Specialist,99214,I21.4,0,2536.16,863.6,0.34,9,2022-08-31,Inpatient,0.0,True
C47332,P4773,PR0022,F0089,74,F,Commercial,5,1.64,Out-of-Network,Adjusted,Dermatology,Labs,93010,E11.65,1,4687.9,871.4,0.67,0,2023-01-01,ER,0.0,True
C47336,P7929,PR0391,F0040,69,M,Medicare,6,0.79,In-Network,Denied,Dermatology,Labs,95816,S83.241A,0,988.2,770.85,0.15,0,2022-06-29,Outpatient,0.0,True
C47337,P7696,PR0370,F0120,77,M,Commercial,1,0.37,Out-of-Network,Denied,Orthopedics,Specialist,95816,I21.4,0,1516.29,865.26,0.63,1,2023-02-21,Inpatient,0.0,True
C47350,P6076,PR0385,F0176,84,M,Commercial,3,0.97,Out-of-Network,Denied,Neurology,Surgery,93000,E11.65,1,537.97,1718.6,0.2,1,2023-02-07,Inpatient,0.0,True
C47395,P1360,PR0234,F0016,26,F,VA,3,1.51,In-Network,Paid,Neurology,Imaging,95250,E11.9,1,4316.46,1355.88,1.5,0,2023-07-05,Outpatient,0.104,True
C47398,P1772,PR0250,F0082,27,M,Medicaid,12,0.64,In-Network,Paid,OBGYN,Surgery,95816,J45.909,1,2264.58,983.02,0.82,0,2023-09-28,ER,0.0,True
C47404,P0135,PR0431,F0006,18,F,Medicaid,7,0.57,Out-of-Network,Adjusted,Gastroenterology,Surgery,27447,J45.909,1,3538.35,1121.25,0.92,0,2023-03-15,Outpatient,0.0,True
C47405,P0109,PR0314,F0135,51,F,Medicare,12,1.2,In-Network,Denied,Neurology,Surgery,27447,J45.909,1,4649.42,823.06,0.93,9,2022-10-02,Inpatient,0.0,True
C47439,P6912,PR0483,F0142,76,F,Commercial,12,2.22,In-Network,Denied,Endocrinology,Labs,99213,E11.9,1,3488.45,1657.76,3.55,5,2023-04-07,Inpatient,0.104,True
C47444,P5788,PR0444,F0170,81,F,VA,3,2.29,In-Network,Paid,Orthopedics,Surgery,59400,I50.9,1,382.66,2984.6,0.08,0,2023-06-03,Outpatient,0.331,True
C47445,P5339,PR0182,F0073,77,M,Medicaid,4,1.77,Out-of-Network,Adjusted,Gastroenterology,Imaging,99213,K21.9,0,3352.59,1145.67,0.51,10,2022-08-21,Inpatient,0.0,True
C47465,P2326,PR0319,F0046,22,M,VA,10,2.01,Out-of-Network,Denied,Gastroenterology,Surgery,95250,E11.9,1,4687.0,955.87,1.29,10,2023-11-04,Inpatient,0.104,True
C47495,P6742,PR0220,F0135,39,M,Commercial,10,0.68,Out-of-Network,Adjusted,Orthopedics,Imaging,99214,G40.909,0,3142.75,856.28,0.82,0,2023-10-17,Outpatient,0.0,True
C47518,P1942,PR0219,F0128,0,F,Commercial,6,0.64,Out-of-Network,Denied,Endocrinology,Surgery,99285,S83.241A,0,3875.61,891.57,1.01,0,2022-01-27,Outpatient,0.0,True
C47527,P5394,PR0292,F0161,33,F,Commercial,6,1.03,In-Network,Paid,Endocrinology,Surgery,99213,I21.4,0,2194.09,1491.82,0.31,0,2022-09-20,ER,0.0,True
C47535,P0152,PR0151,F0016,10,F,VA,3,1.46,In-Network,Denied,Neurology,Surgery,93010,G40.909,0,3279.43,994.76,2.52,0,2022-01-31,ER,0.0,True
C47561,P7652,PR0174,F0072,76,M,Medicare,11,3.0,In-Network,Adjusted,OBGYN,Primary Care,93010,E11.9,1,4826.71,1644.18,3.78,0,2022-01-27,ER,0.104,True
C47567,P6397,PR0107,F0101,43,F,Commercial,4,0.62,In-Network,Paid,Neurology,Primary Care,27447,S83.241A,0,2830.12,797.65,1.01,0,2022-05-06,ER,0.0,True
C47578,P2483,PR0284,F0124,85,F,Medicare,2,1.04,Out-of-Network,Paid,OBGYN,Labs,27447,J45.909,1,230.97,1291.97,0.05,0,2023-05-04,Outpatient,0.0,True
C47580,P2885,PR0029,F0173,75,F,Medicaid,2,2.16,In-Network,Adjusted,Gastroenterology,Imaging,95816,J45.909,1,2856.8,748.92,0.41,0,2023-05-26,ER,0.0,True
C47603,P7455,PR0347,F0153,80,F,Medicare,1,1.34,Out-of-Network,Denied,Neurology,Primary Care,99285,M17.11,0,2974.42,1581.96,3.96,0,2023-01-19,ER,0.0,True
C47608,P4224,PR0355,F0112,37,F,Medicare,1,1.72,Out-of-Network,Denied,Cardiology,Specialist,99214,K21.9,0,3884.25,1246.7,3.45,0,2023-11-04,ER,0.0,True
C47609,P2222,PR0472,F0194,81,F,Commercial,4,1.61,Out-of-Network,Denied,OBGYN,Imaging,59400,I21.4,0,3896.46,1272.56,0.57,9,2022-11-09,Inpatient,0.0,True
C47612,P3870,PR0474,F0037,10,F,VA,2,1.88,In-Network,Adjusted,Gastroenterology,Imaging,93010,J45.909,1,197.53,1551.24,0.04,9,2023-11-25,Inpatient,0.0,True
C47617,P1443,PR0282,F0018,7,F,Commercial,2,2.55,Out-of-Network,Denied,OBGYN,Surgery,27447,E11.9,1,4078.36,1630.66,0.74,7,2022-05-17,Inpatient,0.104,True
C47623,P0983,PR0345,F0090,47,M,Commercial,11,0.3,In-Network,Adjusted,Orthopedics,Primary Care,95816,O80,0,2908.83,1231.88,0.48,0,2023-06-21,Outpatient,0.0,True
C47627,P4301,PR0011,F0042,89,F,Medicare,10,1.41,Out-of-Network,Adjusted,Dermatology,Primary Care,95816,O80,0,2609.23,931.87,0.41,0,2023-03-12,ER,0.0,True
C47639,P6760,PR0465,F0024,74,M,Medicare,10,1.44,In-Network,Denied,Orthopedics,Primary Care,27447,J45.909,1,1146.14,799.12,0.22,3,2023-03-11,Inpatient,0.0,True
C47651,P1884,PR0250,F0083,30,M,Medicaid,7,0.4,Out-of-Network,Paid,Dermatology,Labs,93010,S83.241A,0,136.31,3482.6,0.04,10,2023-08-12,Inpatient,0.0,True
C47663,P1215,PR0008,F0033,46,M,VA,5,1.66,Out-of-Network,Denied,Primary Care,Labs,95816,K21.9,0,4900.33,1235.71,1.34,0,2023-11-16,ER,0.0,True
C47678,P6298,PR0259,F0189,72,M,Medicare,9,1.06,In-Network,Paid,Neurology,Labs,93010,M17.11,0,4449.08,851.7,7.38,0,2023-04-12,Outpatient,0.0,True
C47684,P1022,PR0306,F0011,22,M,Commercial,2,2.11,In-Network,Adjusted,Neurology,Imaging,59400,G40.909,0,1696.27,1009.48,0.33,10,2023-05-27,Inpatient,0.0,True
C47695,P7589,PR0467,F0110,30,F,Medicare,3,0.41,Out-of-Network,Denied,OBGYN,Labs,93000,I50.9,1,4016.06,808.88,3.08,0,2022-01-26,Outpatient,0.331,True
C47699,P3960,PR0442,F0122,66,M,VA,5,2.47,In-Network,Paid,OBGYN,Imaging,99285,E11.65,1,642.04,889.88,0.1,0,2023-01-04,Outpatient,0.0,True
C47702,P5871,PR0122,F0038,86,F,VA,8,0.45,In-Network,Adjusted,Dermatology,Primary Care,73564,E11.9,1,294.19,1127.51,0.04,8,2023-07-16,Inpatient,0.104,True
C47705,P6731,PR0385,F0108,70,M,VA,10,1.23,Out-of-Network,Paid,Neurology,Surgery,95250,E11.9,1,4355.73,1614.96,1.22,4,2023-01-20,Inpatient,0.104,True
C47737,P7885,PR0166,F0012,84,M,Commercial,12,2.38,Out-of-Network,Adjusted,Orthopedics,Labs,27447,O80,0,4023.29,1531.5,1.04,0,2022-02-16,ER,0.0,True
C47755,P7005,PR0391,F0154,59,M,Medicaid,4,1.41,Out-of-Network,Denied,Endocrinology,Labs,99213,K21.9,0,4650.75,773.36,0.62,7,2023-11-25,Inpatient,0.0,True
C47763,P3333,PR0252,F0105,77,F,Commercial,8,2.49,In-Network,Denied,Primary Care,Labs,99214,I21.4,0,4239.24,1080.65,1.96,1,2023-10-05,Inpatient,0.0,True
C47766,P5286,PR0448,F0181,71,F,Commercial,10,0.58,In-Network,Denied,Neurology,Surgery,27447,K21.9,0,1697.12,1459.03,1.3,0,2023-01-30,Outpatient,0.0,True
C47768,P5080,PR0323,F0157,21,M,VA,2,1.1,Out-of-Network,Denied,Gastroenterology,Labs,59400,O80,0,220.62,842.31,0.03,3,2022-11-27,Inpatient,0.0,True
C47780,P3629,PR0406,F0086,3,F,Medicare,5,0.33,Out-of-Network,Denied,Dermatology,Labs,99214,E11.65,1,3405.91,766.45,0.75,0,2022-09-18,ER,0.0,True
C47812,P7616,PR0484,F0144,27,M,Medicare,2,0.73,In-Network,Denied,Orthopedics,Imaging,93010,S83.241A,0,2437.7,979.21,1.77,0,2023-06-23,ER,0.0,True
C47828,P0826,PR0487,F0108,51,F,Medicare,6,1.72,In-Network,Adjusted,Gastroenterology,Specialist,73564,S83.241A,0,2375.47,831.4,0.35,2,2023-04-21,Inpatient,0.0,True
C47835,P4845,PR0230,F0086,60,F,VA,5,0.68,Out-of-Network,Paid,Cardiology,Primary Care,93000,G40.909,0,2339.68,1330.84,0.65,0,2023-10-30,Outpatient,0.0,True
C47841,P3771,PR0322,F0151,64,F,Medicare,3,0.4,In-Network,Paid,Gastroenterology,Surgery,95250,M17.11,0,1946.42,1168.84,1.1,0,2022-08-22,Outpatient,0.0,True
C47843,P1393,PR0035,F0107,47,F,Commercial,4,0.34,In-Network,Adjusted,Endocrinology,Specialist,99213,O80,0,4597.65,1014.35,1.03,0,2022-08-11,Outpatient,0.0,True
C47851,P3904,PR0237,F0048,45,F,Commercial,11,2.61,In-Network,Denied,Primary Care,Labs,93010,I50.9,1,2882.07,1051.3,1.94,0,2023-04-18,ER,0.331,True
C47870,P5761,PR0439,F0174,61,M,VA,11,0.33,In-Network,Denied,Dermatology,Specialist,99285,S83.241A,0,1014.42,1122.2,0.3,0,2022-08-23,Outpatient,0.0,True
C47874,P7278,PR0241,F0064,74,M,Medicare,4,0.7,In-Network,Denied,Neurology,Labs,93000,I50.9,1,3129.19,999.89,0.58,0,2022-09-27,ER,0.331,True
C47877,P7780,PR0444,F0113,77,F,VA,6,2.38,In-Network,Paid,Endocrinology,Labs,99214,I50.9,1,2428.61,772.88,0.34,0,2022-07-18,Outpatient,0.331,True
C47893,P4437,PR0090,F0078,6,F,Commercial,1,0.65,In-Network,Adjusted,Neurology,Surgery,95816,O80,0,1593.2,753.85,0.48,0,2023-12-11,Outpatient,0.0,True
C47901,P4654,PR0325,F0033,39,F,VA,10,2.6,In-Network,Denied,Dermatology,Specialist,99214,E11.65,1,1484.37,749.46,0.21,8,2022-04-17,Inpatient,0.0,True
C47909,P6414,PR0472,F0079,0,F,VA,12,2.33,In-Network,Denied,Endocrinology,Imaging,99213,E11.65,1,723.85,1135.57,0.58,2,2022-06-15,Inpatient,0.0,True
C47918,P2903,PR0103,F0035,46,F,Commercial,6,2.57,In-Network,Denied,Primary Care,Specialist,59400,I21.4,0,3946.07,862.65,1.6,8,2023-08-04,Inpatient,0.0,True
C47935,P2966,PR0497,F0155,10,M,Commercial,10,1.81,Out-of-Network,Adjusted,Cardiology,Specialist,93010,J45.909,1,2754.59,1101.82,1.23,0,2023-10-13,Outpatient,0.0,True
C47944,P4154,PR0295,F0009,85,F,VA,6,1.42,Out-of-Network,Paid,Dermatology,Surgery,93010,I21.4,0,4283.86,1087.82,0.62,0,2022-07-08,ER,0.0,True
C47967,P1829,PR0199,F0069,8,M,Commercial,9,1.04,In-Network,Denied,OBGYN,Specialist,59400,S83.241A,0,1576.13,767.53,0.23,0,2022-07-03,Outpatient,0.0,True
C47986,P0174,PR0199,F0061,73,M,Medicare,8,2.6,In-Network,Paid,Primary Care,Labs,95816,G40.909,0,269.1,1484.58,0.05,0,2023-08-04,Outpatient,0.0,True
C48029,P3823,PR0064,F0181,88,M,VA,2,1.21,Out-of-Network,Adjusted,Orthopedics,Imaging,99285,K21.9,0,607.5,1310.58,0.08,3,2023-11-06,Inpatient,0.0,True
C48041,P6454,PR0488,F0082,85,M,Medicaid,11,2.68,In-Network,Denied,Orthopedics,Primary Care,95816,I21.4,0,4823.32,1190.06,1.16,0,2023-12-30,ER,0.0,True
C48067,P3887,PR0278,F0148,9,F,Medicare,4,2.49,Out-of-Network,Denied,Dermatology,Primary Care,93000,G40.909,0,3407.62,1620.9,1.08,10,2022-11-26,Inpatient,0.0,True
C48075,P4318,PR0204,F0111,32,F,Commercial,11,2.5,Out-of-Network,Denied,Orthopedics,Primary Care,59400,M17.11,0,4345.3,859.54,1.6,0,2023-07-11,Outpatient,0.0,True
C48078,P5575,PR0358,F0026,76,M,Medicaid,11,1.97,In-Network,Paid,Primary Care,Surgery,95250,G40.909,0,730.51,884.32,0.1,6,2022-08-10,Inpatient,0.0,True
C48084,P4149,PR0388,F0083,28,F,Commercial,6,0.72,In-Network,Denied,Gastroenterology,Labs,59400,K21.9,0,3374.4,968.28,1.77,6,2023-03-07,Inpatient,0.0,True
C48103,P6514,PR0141,F0001,66,M,Medicare,6,2.9,Out-of-Network,Paid,Gastroenterology,Surgery,99213,I21.4,0,1725.7,1040.64,0.92,2,2022-07-22,Inpatient,0.0,True
C48110,P7713,PR0063,F0082,72,M,Medicare,2,0.36,Out-of-Network,Denied,Endocrinology,Specialist,95250,E11.9,1,4288.9,972.15,1.58,0,2023-09-30,Outpatient,0.104,True
C48123,P5220,PR0037,F0176,51,M,Medicare,3,0.45,In-Network,Adjusted,Orthopedics,Specialist,95250,E11.9,1,1099.73,1097.2,0.39,0,2023-06-25,Outpatient,0.104,True
C48131,P6665,PR0223,F0196,36,F,VA,9,0.61,Out-of-Network,Adjusted,Dermatology,Imaging,99285,E11.65,1,2194.84,961.96,1.44,0,2022-06-05,Outpatient,0.0,True
C48135,P4067,PR0434,F0158,65,F,Commercial,3,2.92,Out-of-Network,Adjusted,Gastroenterology,Primary Care,99285,I50.9,1,2586.65,1020.93,0.37,9,2023-06-07,Inpatient,0.331,True
C48143,P2062,PR0234,F0046,8,F,Medicaid,3,1.02,In-Network,Paid,Endocrinology,Primary Care,59400,G40.909,0,4773.39,1475.99,0.91,7,2022-12-16,Inpatient,0.0,True
C48148,P5033,PR0063,F0132,39,M,Medicaid,3,1.33,Out-of-Network,Paid,Cardiology,Primary Care,59400,O80,0,4257.67,950.3,2.68,2,2022-05-21,Inpatient,0.0,True
C48151,P3353,PR0106,F0178,0,M,VA,5,1.19,In-Network,Denied,Gastroenterology,Surgery,95816,K21.9,0,2489.06,1020.27,0.32,0,2022-06-23,Outpatient,0.0,True
C48154,P3014,PR0071,F0009,16,F,VA,4,1.31,Out-of-Network,Paid,Neurology,Gastroenterology,73564,E11.65,1,3357.55,1043.75,1.51,5,2022-08-20,Inpatient,0.0,True
C48156,P6088,PR0112,F0057,44,M,VA,11,2.15,Out-of-Network,Paid,Orthopedics,Gastroenterology,95816,E11.9,1,4299.39,982.02,3.16,0,2023-02-13,Outpatient,0.104,True
C48160,P2997,PR0221,F0080,29,F,Medicare,11,1.88,Out-of-Network,Adjusted,Primary Care,Imaging,95250,I21.4,0,2050.28,804.83,0.46,0,2023-03-29,Outpatient,0.0,True
C48175,P5725,PR0032,F0020,79,M,Medicaid,6,2.17,In-Network,Denied,Primary Care,Primary Care,73564,M17.11,0,4124.63,789.26,0.65,0,2022-10-21,Outpatient,0.0,True
C48180,P7864,PR0110,F0140,64,F,Commercial,11,1.74,In-Network,Adjusted,OBGYN,Labs,73564,S83.241A,0,1008.32,1099.87,0.35,6,2023-10-10,Inpatient,0.0,True
C48196,P1450,PR0023,F0112,54,M,Commercial,8,2.32,In-Network,Paid,Dermatology,Surgery,93010,S83.241A,0,1985.84,2011.98,0.27,8,2022-09-07,Inpatient,0.0,True
C48197,P2639,PR0327,F0164,26,M,Medicare,10,2.1,Out-of-Network,Paid,Endocrinology,Imaging,99285,G40.909,0,3502.04,952.27,0.48,0,2022-05-14,ER,0.0,True
C48198,P3599,PR0102,F0092,83,M,Medicare,8,1.59,In-Network,Paid,Dermatology,Labs,99214,J45.909,1,4956.97,2086.98,0.83,0,2022-03-31,Outpatient,0.0,True
C48233,P1485,PR0192,F0133,17,F,Medicare,8,2.43,Out-of-Network,Denied,Cardiology,Surgery,99285,I50.9,1,3285.47,806.75,4.19,7,2022-09-01,Inpatient,0.331,True
C48245,P5131,PR0400,F0117,24,F,Medicaid,1,1.21,Out-of-Network,Denied,Dermatology,Surgery,27447,G40.909,0,4002.41,2248.24,2.09,0,2022-03-19,ER,0.0,True
C48250,P5135,PR0425,F0020,21,M,Medicaid,3,0.37,In-Network,Denied,Endocrinology,Imaging,95250,M17.11,0,4427.41,882.07,5.51,0,2023-06-12,ER,0.0,True
C48252,P1113,PR0224,F0194,14,M,Medicare,8,0.44,Out-of-Network,Adjusted,OBGYN,Labs,95250,I50.9,1,961.23,1620.81,0.12,0,2022-12-19,Outpatient,0.331,True
C48256,P5377,PR0449,F0177,6,F,VA,5,0.9,Out-of-Network,Paid,Endocrinology,Surgery,95250,S83.241A,0,3615.17,815.42,0.74,0,2023-08-22,Outpatient,0.0,True
C48307,P5006,PR0356,F0009,66,M,Medicare,8,0.9,Out-of-Network,Adjusted,Dermatology,Surgery,99213,O80,0,4091.36,910.59,1.26,0,2023-12-18,Outpatient,0.0,True
C48319,P2291,PR0172,F0141,70,M,Medicaid,10,2.74,Out-of-Network,Denied,Dermatology,Primary Care,95250,I21.4,0,819.08,774.24,0.1,0,2022-07-23,ER,0.0,True
C48325,P0326,PR0071,F0049,52,M,Medicaid,7,1.93,Out-of-Network,Paid,Neurology,Labs,59400,O80,0,2203.08,3201.82,3.78,0,2022-08-26,ER,0.0,True
C48355,P0492,PR0136,F0013,44,F,VA,8,0.91,Out-of-Network,Denied,Endocrinology,Labs,99285,S83.241A,0,3448.39,919.17,1.25,0,2023-06-05,ER,0.0,True
C48359,P5687,PR0006,F0057,58,F,Medicare,12,0.78,Out-of-Network,Denied,OBGYN,Labs,27447,E11.9,1,4653.25,1674.17,0.76,5,2022-08-14,Inpatient,0.104,True
C48385,P0208,PR0411,F0113,16,M,VA,9,2.93,Out-of-Network,Paid,Neurology,Labs,27447,I21.4,0,3755.34,973.88,1.07,0,2022-06-16,ER,0.0,True
C48406,P3034,PR0376,F0105,42,F,Commercial,10,2.35,Out-of-Network,Denied,Orthopedics,Labs,93000,J45.909,1,611.86,979.95,0.18,0,2023-03-12,ER,0.0,True
C48428,P0951,PR0363,F0117,56,M,Commercial,4,1.05,Out-of-Network,Paid,Endocrinology,Primary Care,99285,I50.9,1,1180.96,1821.18,0.16,0,2022-05-01,ER,0.331,True
C48432,P3804,PR0318,F0051,27,M,Commercial,10,1.6,In-Network,Denied,Dermatology,Imaging,27447,I50.9,1,2493.74,1172.44,0.41,0,2023-07-03,Outpatient,0.331,True
C48439,P0284,PR0068,F0117,87,F,Medicare,1,1.77,Out-of-Network,Adjusted,Orthopedics,Primary Care,73564,M17.11,0,65.35,1149.09,0.02,5,2023-04-29,Inpatient,0.0,True
C48440,P0933,PR0106,F0109,62,M,Medicaid,2,0.83,In-Network,Adjusted,Cardiology,Imaging,93000,I50.9,1,1141.54,1288.95,0.45,0,2023-08-26,ER,0.331,True
C48467,P4268,PR0478,F0036,45,F,Medicaid,9,1.94,Out-of-Network,Denied,Dermatology,Gastroenterology,73564,O80,0,337.05,1818.29,0.06,0,2023-05-01,Outpatient,0.0,True
C48484,P5465,PR0476,F0179,57,F,Medicaid,1,1.14,In-Network,Denied,Endocrinology,Surgery,59400,E11.9,1,3836.79,2608.34,8.98,0,2023-03-11,Outpatient,0.104,True
C48488,P4577,PR0309,F0133,19,F,Commercial,1,2.86,Out-of-Network,Adjusted,Dermatology,Imaging,27447,E11.65,1,2711.28,805.63,0.59,0,2023-09-16,Outpatient,0.0,True
C48495,P0858,PR0017,F0014,38,F,Medicare,4,0.63,Out-of-Network,Adjusted,Orthopedics,Surgery,95816,S83.241A,0,2365.32,3887.52,0.4,3,2022-07-03,Inpatient,0.0,True
C48531,P1599,PR0057,F0087,30,M,Medicare,3,1.07,In-Network,Denied,Neurology,Specialist,93000,G40.909,0,2735.64,1127.51,0.83,6,2022-11-05,Inpatient,0.0,True
C48547,P4940,PR0316,F0004,84,F,Medicare,3,1.11,In-Network,Paid,Cardiology,Surgery,27447,E11.65,1,3748.81,845.62,0.8,0,2022-11-07,Outpatient,0.0,True
C48560,P5393,PR0107,F0179,37,M,VA,8,1.25,Out-of-Network,Denied,Orthopedics,Surgery,95816,I21.4,0,3744.85,840.76,1.49,0,2023-07-05,ER,0.0,True
C48574,P2017,PR0265,F0037,7,F,Commercial,10,1.27,In-Network,Denied,Primary Care,Labs,99213,I50.9,1,3487.25,1138.55,0.94,4,2023-03-02,Inpatient,0.331,True
C48576,P5704,PR0444,F0022,83,F,Medicaid,2,1.68,In-Network,Paid,Cardiology,Specialist,99285,J45.909,1,3614.95,1214.69,0.57,9,2022-05-01,Inpatient,0.0,True
C48591,P6754,PR0392,F0135,21,M,Commercial,6,1.25,In-Network,Paid,OBGYN,Gastroenterology,95816,S83.241A,0,4312.13,1496.83,3.48,0,2023-11-09,Outpatient,0.0,True
C48595,P7518,PR0205,F0194,36,F,Medicare,7,0.63,Out-of-Network,Denied,Gastroenterology,Primary Care,27447,K21.9,0,1786.21,3279.02,3.99,0,2023-03-25,Outpatient,0.0,True
C48611,P4918,PR0483,F0096,46,F,Medicaid,8,1.39,In-Network,Denied,OBGYN,Surgery,99214,I50.9,1,3649.35,1746.23,1.04,0,2023-02-27,Outpatient,0.331,True
C48613,P4231,PR0175,F0036,58,M,Medicare,12,1.35,In-Network,Denied,Gastroenterology,Primary Care,99214,G40.909,0,3493.51,2134.59,0.99,0,2023-06-16,ER,0.0,True
C48642,P4626,PR0274,F0027,57,F,Medicaid,7,2.2,In-Network,Adjusted,Endocrinology,Surgery,93000,O80,0,4409.94,1582.01,8.69,0,2022-10-04,Outpatient,0.0,True
C48646,P1462,PR0067,F0102,88,F,Medicaid,2,2.88,In-Network,Denied,Orthopedics,Primary Care,27447,O80,0,1742.0,986.96,0.28,0,2022-01-06,ER,0.0,True
C48657,P5608,PR0060,F0007,50,F,VA,12,2.75,Out-of-Network,Denied,Gastroenterology,Labs,95816,I21.4,0,1988.28,2277.59,0.41,4,2023-09-20,Inpatient,0.0,True
C48662,P6366,PR0175,F0039,54,M,Medicare,10,2.82,In-Network,Denied,Endocrinology,Imaging,95816,O80,0,2235.91,1861.76,0.32,3,2022-07-26,Inpatient,0.0,True
C48678,P3594,PR0215,F0181,39,M,Medicaid,9,2.45,In-Network,Paid,Orthopedics,Surgery,99214,G40.909,0,1022.59,984.74,0.21,0,2023-12-25,ER,0.0,True
C48692,P1027,PR0366,F0162,24,F,Commercial,6,2.77,Out-of-Network,Adjusted,Gastroenterology,Primary Care,93000,G40.909,0,1086.68,875.15,0.23,0,2022-04-10,ER,0.0,True
C48706,P6354,PR0402,F0177,24,M,Medicare,5,0.76,In-Network,Denied,Neurology,Gastroenterology,73564,K21.9,0,4905.82,1173.71,6.34,0,2022-12-27,Outpatient,0.0,True
C48709,P6314,PR0091,F0043,61,M,VA,5,2.82,Out-of-Network,Adjusted,Neurology,Specialist,93010,O80,0,2866.01,2473.74,0.49,0,2023-07-27,ER,0.0,True
C48713,P2917,PR0157,F0125,85,F,VA,7,2.95,In-Network,Adjusted,Endocrinology,Surgery,27447,S83.241A,0,661.05,965.77,0.21,3,2023-10-24,Inpatient,0.0,True
C48721,P0631,PR0258,F0136,84,F,Medicare,3,1.55,Out-of-Network,Paid,Dermatology,Imaging,93010,I21.4,0,1529.46,1224.46,0.36,0,2023-07-27,Outpatient,0.0,True
C48732,P7414,PR0030,F0073,70,M,VA,2,1.38,Out-of-Network,Paid,Gastroenterology,Surgery,99285,M17.11,0,4485.54,802.44,0.74,10,2023-11-17,Inpatient,0.0,True
C48735,P1690,PR0344,F0086,67,F,Medicaid,6,1.07,In-Network,Denied,Neurology,Labs,99213,E11.9,1,4343.78,1132.42,1.18,2,2023-03-28,Inpatient,0.104,True
C48736,P4422,PR0317,F0013,24,F,VA,12,0.34,In-Network,Adjusted,Endocrinology,Surgery,95816,M17.11,0,3947.77,1382.06,0.62,0,2022-07-29,ER,0.0,True
C48738,P6577,PR0148,F0140,78,M,Commercial,1,1.48,Out-of-Network,Paid,Dermatology,Imaging,95816,G40.909,0,3849.21,758.21,0.77,0,2023-02-19,ER,0.0,True
C48743,P6885,PR0087,F0011,57,F,Medicare,9,0.78,In-Network,Denied,Cardiology,Imaging,99214,I21.4,0,2876.18,784.93,0.53,0,2023-10-26,Outpatient,0.0,True
C48789,P0274,PR0057,F0184,13,M,Medicare,12,0.87,In-Network,Denied,Cardiology,Primary Care,99214,J45.909,1,3291.97,1260.28,3.41,0,2022-03-01,ER,0.0,True
C48812,P6103,PR0199,F0030,12,F,VA,10,2.97,Out-of-Network,Denied,Cardiology,Surgery,99213,M17.11,0,2913.98,1529.18,0.55,0,2022-09-24,Outpatient,0.0,True
C48832,P1309,PR0082,F0001,84,F,Medicare,2,2.04,In-Network,Adjusted,Cardiology,Labs,99285,E11.9,1,312.85,1019.77,0.04,0,2022-05-02,Outpatient,0.104,True
C48833,P0779,PR0392,F0011,39,M,Medicare,1,1.5,In-Network,Adjusted,Primary Care,Labs,93010,I21.4,0,1592.75,800.67,0.21,4,2023-04-06,Inpatient,0.0,True
C48848,P1516,PR0171,F0112,33,F,Commercial,5,2.78,Out-of-Network,Denied,Primary Care,Imaging,73564,O80,0,3582.15,1435.42,1.11,0,2022-03-19,Outpatient,0.0,True
C48858,P6531,PR0105,F0137,15,F,VA,11,0.56,In-Network,Denied,OBGYN,Imaging,95250,E11.9,1,4419.7,2905.36,1.41,0,2023-01-29,ER,0.104,True
C48891,P3739,PR0370,F0089,43,F,Medicare,3,1.22,In-Network,Adjusted,Gastroenterology,Imaging,95250,E11.9,1,1447.54,1425.55,0.78,2,2022-12-11,Inpatient,0.104,True
C48915,P5692,PR0357,F0048,80,M,Medicaid,9,1.03,In-Network,Denied,Primary Care,Imaging,93000,K21.9,0,1027.74,1110.69,0.33,0,2022-01-26,ER,0.0,True
C48923,P4812,PR0370,F0169,62,F,VA,7,0.43,In-Network,Paid,OBGYN,Imaging,93010,E11.65,1,3994.98,844.76,2.71,5,2022-12-25,Inpatient,0.0,True
C48935,P4487,PR0034,F0048,73,M,Medicare,9,1.76,Out-of-Network,Adjusted,Dermatology,Labs,95816,G40.909,0,1003.88,1676.88,0.29,0,2023-02-23,Outpatient,0.0,True
C48945,P6429,PR0071,F0128,70,M,Commercial,12,1.42,In-Network,Paid,Neurology,Labs,73564,I21.4,0,2863.99,1809.91,5.16,0,2023-07-05,ER,0.0,True
C48965,P6373,PR0034,F0007,87,M,VA,2,2.54,Out-of-Network,Paid,Cardiology,Specialist,93000,J45.909,1,197.09,982.99,0.06,0,2023-08-26,ER,0.0,True
C48969,P6621,PR0321,F0119,60,M,VA,3,1.27,In-Network,Paid,Neurology,Gastroenterology,99214,G40.909,0,1441.61,919.6,0.62,0,2022-08-23,ER,0.0,True
C48973,P3182,PR0060,F0006,55,M,Medicare,7,0.32,Out-of-Network,Denied,Neurology,Primary Care,99214,I50.9,1,172.64,1339.85,0.04,0,2022-03-26,Outpatient,0.331,True
C48974,P0400,PR0044,F0073,71,F,Medicaid,12,2.06,In-Network,Denied,Cardiology,Imaging,99213,O80,0,4329.38,1533.33,40.42,0,2023-06-12,ER,0.0,True
C48978,P3488,PR0136,F0092,26,F,VA,12,1.3,Out-of-Network,Denied,Cardiology,Gastroenterology,99285,E11.65,1,2557.11,18702.67,0.98,0,2023-03-06,Outpatient,0.0,True
C48996,P5266,PR0063,F0175,47,M,Commercial,9,2.97,Out-of-Network,Denied,OBGYN,Surgery,99214,G40.909,0,744.3,760.05,0.2,0,2023-07-17,Outpatient,0.0,True
C49001,P5167,PR0374,F0007,11,F,VA,11,1.74,In-Network,Paid,Cardiology,Labs,99213,G40.909,0,920.97,2026.87,0.14,0,2023-11-01,Outpatient,0.0,True
C49007,P7913,PR0117,F0188,83,M,Medicaid,11,2.15,In-Network,Denied,Gastroenterology,Labs,99213,E11.9,1,1046.83,1333.03,0.25,0,2023-10-06,Outpatient,0.104,True
C49013,P3695,PR0136,F0193,5,F,Medicaid,5,1.81,In-Network,Adjusted,OBGYN,Primary Care,59400,K21.9,0,2737.78,998.78,0.37,2,2023-08-20,Inpatient,0.0,True
C49016,P3778,PR0067,F0137,50,M,Medicare,9,1.17,Out-of-Network,Denied,Cardiology,Surgery,73564,J45.909,1,3746.15,845.1,0.48,2,2022-04-27,Inpatient,0.0,True
C49025,P2665,PR0277,F0117,69,F,Medicare,1,1.51,Out-of-Network,Paid,OBGYN,Imaging,93010,E11.65,1,617.9,815.85,0.1,0,2023-11-21,Outpatient,0.0,True
C49045,P1979,PR0350,F0187,52,F,Medicaid,2,0.37,Out-of-Network,Paid,Orthopedics,Specialist,93000,M17.11,0,3216.13,899.93,0.78,8,2023-03-25,Inpatient,0.0,True
C49065,P0594,PR0009,F0146,4,M,Medicaid,8,1.92,Out-of-Network,Adjusted,Orthopedics,Primary Care,95250,E11.9,1,3455.55,2277.04,0.55,7,2022-06-05,Inpatient,0.104,True
C49070,P6496,PR0347,F0186,79,F,VA,2,1.32,In-Network,Paid,OBGYN,Surgery,27447,J45.909,1,3202.77,926.32,0.59,6,2022-12-25,Inpatient,0.0,True
C49079,P6107,PR0453,F0185,17,F,Medicaid,6,1.28,Out-of-Network,Adjusted,Endocrinology,Surgery,99285,I21.4,0,619.88,1051.46,0.12,3,2022-07-26,Inpatient,0.0,True
C49080,P3330,PR0223,F0088,28,M,Commercial,3,0.79,Out-of-Network,Adjusted,Primary Care,Gastroenterology,95816,I50.9,1,2610.86,913.73,0.38,0,2022-12-20,Outpatient,0.331,True
C49111,P6996,PR0424,F0168,57,F,Medicare,8,0.68,In-Network,Paid,Orthopedics,Surgery,99214,K21.9,0,2061.81,939.14,8.66,0,2022-07-11,ER,0.0,True
C49115,P7313,PR0278,F0052,57,F,Commercial,8,1.94,In-Network,Adjusted,Orthopedics,Primary Care,27447,O80,0,2054.51,2265.89,0.29,0,2023-02-02,Outpatient,0.0,True
C49121,P3800,PR0467,F0187,40,F,VA,12,2.79,In-Network,Adjusted,Orthopedics,Imaging,95250,S83.241A,0,3075.37,829.79,5.83,8,2023-10-13,Inpatient,0.0,True
C49140,P4866,PR0105,F0073,15,M,Medicaid,2,2.09,In-Network,Adjusted,OBGYN,Specialist,73564,E11.9,1,1914.78,1811.11,1.1,9,2023-06-20,Inpatient,0.104,True
C49154,P2798,PR0326,F0180,57,F,Commercial,3,1.36,In-Network,Adjusted,Gastroenterology,Primary Care,93010,G40.909,0,3521.94,880.34,0.47,0,2023-04-11,ER,0.0,True
C49155,P6348,PR0023,F0077,30,M,Medicaid,5,1.77,Out-of-Network,Paid,Neurology,Primary Care,73564,I21.4,0,3630.35,3234.4,0.56,6,2023-03-06,Inpatient,0.0,True
C49162,P4916,PR0058,F0027,59,M,Medicare,12,0.45,In-Network,Paid,Endocrinology,Surgery,99214,E11.9,1,2075.48,842.99,0.52,3,2022-08-05,Inpatient,0.104,True
C49164,P3588,PR0210,F0058,89,F,Medicaid,8,1.79,Out-of-Network,Paid,Gastroenterology,Surgery,93000,G40.909,0,1844.57,3064.99,3.41,0,2022-11-15,ER,0.0,True
C49247,P4309,PR0232,F0118,48,M,Medicare,8,2.2,Out-of-Network,Paid,Neurology,Primary Care,93010,I50.9,1,722.78,1527.85,0.11,0,2022-09-19,Outpatient,0.331,True
C49277,P0305,PR0165,F0079,14,M,Commercial,6,2.46,In-Network,Denied,Neurology,Labs,95250,E11.65,1,2980.77,852.88,1.96,0,2023-06-12,ER,0.0,True
C49290,P5145,PR0441,F0171,37,M,VA,10,1.09,In-Network,Adjusted,Orthopedics,Surgery,99285,M17.11,0,4186.86,1237.05,2.71,0,2023-11-11,Outpatient,0.0,True
C49293,P2053,PR0442,F0187,44,F,Medicare,8,1.69,In-Network,Denied,Neurology,Specialist,93000,M17.11,0,1522.56,848.92,0.55,7,2023-05-20,Inpatient,0.0,True
C49296,P0597,PR0048,F0190,5,F,VA,10,0.49,In-Network,Denied,Neurology,Surgery,99214,M17.11,0,3451.92,1027.75,0.46,0,2023-07-12,Outpatient,0.0,True
C49316,P6263,PR0183,F0186,62,M,VA,3,0.35,Out-of-Network,Denied,Dermatology,Primary Care,95816,M17.11,0,1417.52,770.88,0.24,0,2022-10-06,Outpatient,0.0,True
C49325,P5194,PR0188,F0086,32,M,VA,7,2.82,Out-of-Network,Denied,Gastroenterology,Imaging,73564,E11.65,1,216.13,1794.02,0.08,0,2022-10-26,Outpatient,0.0,True
C49336,P5042,PR0350,F0002,72,F,Medicaid,12,1.12,Out-of-Network,Adjusted,Endocrinology,Specialist,99285,E11.65,1,1647.97,1846.54,0.6,5,2022-12-05,Inpatient,0.0,True
C49338,P0897,PR0426,F0065,46,F,VA,8,0.62,Out-of-Network,Adjusted,Dermatology,Imaging,95816,I21.4,0,482.87,812.45,1.76,0,2022-05-29,ER,0.0,True
C49343,P4163,PR0196,F0035,12,M,Medicare,5,0.93,In-Network,Paid,Gastroenterology,Labs,95816,I50.9,1,1927.7,1043.27,4.0,6,2023-06-08,Inpatient,0.331,True
C49367,P4435,PR0241,F0122,10,F,Medicaid,5,2.95,In-Network,Paid,Endocrinology,Primary Care,73564,E11.9,1,4313.92,1050.8,1.67,0,2023-07-05,ER,0.104,True
C49373,P0675,PR0080,F0074,70,M,Commercial,9,1.87,In-Network,Paid,Dermatology,Labs,27447,E11.9,1,3886.75,1095.31,0.62,0,2022-09-22,ER,0.104,True
C49382,P4368,PR0301,F0196,76,F,VA,11,1.28,In-Network,Denied,OBGYN,Primary Care,99214,E11.65,1,4472.32,807.08,1.87,0,2022-07-22,Outpatient,0.0,True
C49387,P4017,PR0239,F0164,40,F,VA,12,2.93,In-Network,Denied,OBGYN,Imaging,73564,E11.9,1,3440.99,826.23,1.91,0,2023-12-10,Outpatient,0.104,True
C49388,P7453,PR0113,F0156,89,F,Medicaid,10,0.62,In-Network,Denied,Orthopedics,Surgery,95816,J45.909,1,4137.52,1087.12,0.84,0,2023-05-17,Outpatient,0.0,True
C49398,P7397,PR0362,F0183,22,F,Medicare,10,0.69,In-Network,Denied,Primary Care,Labs,99214,M17.11,0,1624.97,845.07,0.3,0,2022-04-04,ER,0.0,True
C49399,P7219,PR0442,F0167,60,F,Medicaid,6,1.25,In-Network,Adjusted,Primary Care,Primary Care,95816,E11.65,1,1671.63,758.84,0.43,0,2022-04-29,Outpatient,0.0,True
C49429,P1635,PR0176,F0039,20,F,VA,9,0.65,In-Network,Denied,Gastroenterology,Primary Care,27447,I50.9,1,4546.49,3583.25,0.62,9,2023-08-04,Inpatient,0.331,True
C49431,P5776,PR0484,F0048,67,M,VA,9,2.7,In-Network,Paid,Dermatology,Specialist,99213,E11.65,1,336.15,833.76,0.07,0,2023-12-28,Outpatient,0.0,True
C49440,P3738,PR0440,F0047,27,F,Medicaid,11,0.75,Out-of-Network,Denied,Orthopedics,Primary Care,73564,O80,0,4426.31,1380.24,1.79,9,2022-05-05,Inpatient,0.0,True
C49454,P4594,PR0019,F0180,28,F,Medicaid,12,2.58,In-Network,Denied,Primary Care,Primary Care,93010,O80,0,2031.44,1514.23,1.12,0,2023-09-26,ER,0.0,True
C49459,P2493,PR0104,F0117,65,M,Commercial,7,1.19,Out-of-Network,Paid,OBGYN,Specialist,73564,E11.9,1,3163.51,3179.22,3.46,0,2023-07-17,Outpatient,0.104,True
C49472,P3574,PR0469,F0015,26,F,VA,8,2.01,In-Network,Adjusted,OBGYN,Labs,99214,I21.4,0,3280.31,1274.14,0.48,5,2023-01-16,Inpatient,0.0,True
C49484,P5700,PR0073,F0159,86,M,Commercial,10,0.98,Out-of-Network,Denied,Endocrinology,Labs,73564,M17.11,0,410.53,846.6,0.11,2,2022-03-29,Inpatient,0.0,True
C49487,P3526,PR0278,F0052,48,M,VA,12,1.65,Out-of-Network,Paid,Endocrinology,Specialist,99213,M17.11,0,1885.08,1005.01,2.4,6,2022-01-26,Inpatient,0.0,True
C49497,P2564,PR0238,F0004,46,F,VA,1,0.88,In-Network,Paid,Cardiology,Surgery,99213,I50.9,1,3424.88,1022.19,1.53,10,2022-09-08,Inpatient,0.331,True
C49516,P5936,PR0330,F0037,26,F,Commercial,9,1.32,In-Network,Denied,Orthopedics,Primary Care,99214,K21.9,0,4371.39,858.72,0.79,0,2022-10-28,Outpatient,0.0,True
C49517,P2253,PR0158,F0191,57,F,VA,11,2.16,In-Network,Paid,OBGYN,Specialist,95250,O80,0,2637.28,2184.58,0.51,8,2023-12-12,Inpatient,0.0,True
C49529,P3217,PR0382,F0121,62,F,Medicare,11,2.04,Out-of-Network,Paid,OBGYN,Primary Care,27447,I21.4,0,3133.77,1841.15,0.46,0,2022-08-19,Outpatient,0.0,True
C49536,P6857,PR0434,F0017,87,M,Commercial,8,1.77,Out-of-Network,Adjusted,Gastroenterology,Primary Care,95816,O80,0,3490.19,1148.01,1.03,0,2022-04-27,Outpatient,0.0,True
C49543,P5143,PR0111,F0107,67,M,Medicaid,9,0.98,In-Network,Denied,Gastroenterology,Specialist,27447,I50.9,1,3651.03,1192.45,0.97,0,2022-01-08,ER,0.331,True
C49557,P3933,PR0294,F0115,6,M,Medicare,4,1.27,In-Network,Adjusted,OBGYN,Labs,95816,O80,0,4139.18,1290.13,0.57,0,2022-05-10,Outpatient,0.0,True
C49561,P4478,PR0098,F0008,25,F,VA,10,1.63,Out-of-Network,Adjusted,Orthopedics,Surgery,93000,I21.4,0,3087.24,903.72,1.44,0,2023-08-16,Outpatient,0.0,True
C49562,P0456,PR0132,F0128,0,F,Medicaid,5,0.38,In-Network,Adjusted,Neurology,Surgery,95250,G40.909,0,3120.55,967.62,2.68,0,2022-04-14,Outpatient,0.0,True
C49563,P4617,PR0291,F0094,6,F,Medicare,10,0.93,In-Network,Adjusted,Primary Care,Labs,93000,E11.9,1,4123.92,835.91,2.51,0,2023-06-29,ER,0.104,True
C49571,P5092,PR0130,F0125,19,F,VA,5,2.14,In-Network,Denied,Endocrinology,Labs,93010,J45.909,1,576.85,1196.31,0.08,0,2022-12-10,ER,0.0,True
C49592,P2334,PR0405,F0019,57,F,Medicaid,7,2.92,Out-of-Network,Adjusted,Endocrinology,Surgery,59400,S83.241A,0,307.09,866.75,0.25,0,2022-02-22,ER,0.0,True
C49595,P4395,PR0253,F0145,13,F,Medicaid,11,1.82,Out-of-Network,Denied,OBGYN,Surgery,93000,I50.9,1,2928.0,781.8,0.5,0,2022-03-16,Outpatient,0.331,True
C49624,P5082,PR0021,F0014,36,F,Medicaid,10,0.34,In-Network,Adjusted,Neurology,Primary Care,93010,O80,0,1149.84,1286.1,0.21,0,2023-03-18,Outpatient,0.0,True
C49648,P6783,PR0159,F0054,28,M,Medicaid,1,1.38,In-Network,Adjusted,OBGYN,Surgery,99213,O80,0,187.3,1798.18,0.05,0,2022-03-12,ER,0.0,True
C49656,P1127,PR0148,F0016,55,F,VA,8,0.4,In-Network,Paid,Orthopedics,Gastroenterology,93000,I21.4,0,4259.31,893.85,5.17,0,2023-11-17,Outpatient,0.0,True
C49659,P0913,PR0462,F0141,31,F,VA,6,2.61,Out-of-Network,Denied,Orthopedics,Labs,59400,G40.909,0,4579.36,874.26,2.14,3,2023-02-05,Inpatient,0.0,True
C49663,P3179,PR0368,F0039,41,M,Medicaid,12,1.55,In-Network,Paid,Primary Care,Specialist,93000,M17.11,0,3992.86,988.5,1.47,0,2023-10-15,Outpatient,0.0,True
C49706,P7408,PR0356,F0091,40,F,VA,6,1.27,In-Network,Adjusted,Neurology,Labs,95250,O80,0,2444.79,1131.67,5.09,0,2022-09-01,Outpatient,0.0,True
C49755,P2604,PR0058,F0182,65,F,VA,10,2.65,In-Network,Paid,Primary Care,Surgery,99214,O80,0,403.3,2565.76,0.09,6,2022-05-15,Inpatient,0.0,True
C49759,P1286,PR0062,F0168,26,F,Medicaid,2,0.33,Out-of-Network,Adjusted,OBGYN,Labs,95816,E11.9,1,2292.44,863.26,1.41,0,2023-09-24,Outpatient,0.104,True
C49808,P1810,PR0228,F0077,2,M,Medicaid,4,2.47,Out-of-Network,Adjusted,Cardiology,Specialist,27447,M17.11,0,2481.83,1192.82,1.3,0,2023-02-24,Outpatient,0.0,True
C49850,P1827,PR0298,F0189,55,F,Commercial,4,2.97,In-Network,Denied,Orthopedics,Specialist,99214,I21.4,0,1180.33,869.26,0.2,8,2023-03-18,Inpatient,0.0,True
C49856,P7365,PR0072,F0170,44,F,Commercial,4,2.93,In-Network,Adjusted,Dermatology,Primary Care,99214,I21.4,0,4491.1,767.74,9.48,0,2022-06-16,ER,0.0,True
C49865,P7211,PR0014,F0096,89,F,Medicaid,5,1.0,Out-of-Network,Paid,Cardiology,Surgery,95250,G40.909,0,1775.3,1011.93,0.27,0,2023-01-21,ER,0.0,True
C49911,P3245,PR0478,F0114,23,M,Commercial,3,2.63,Out-of-Network,Paid,Cardiology,Surgery,59400,I50.9,1,2539.99,1352.07,0.43,0,2022-02-12,Outpatient,0.331,True
C49914,P0350,PR0143,F0173,48,M,Medicaid,11,1.58,In-Network,Paid,Primary Care,Imaging,95250,K21.9,0,3986.63,815.49,1.1,0,2023-01-04,ER,0.0,True
C49918,P0434,PR0071,F0144,55,M,Medicaid,4,1.52,In-Network,Denied,Orthopedics,Labs,95250,I50.9,1,4257.82,1394.01,1.5,0,2023-03-05,ER,0.331,True
C49919,P0154,PR0458,F0038,66,F,VA,8,1.7,Out-of-Network,Denied,Cardiology,Labs,95250,I21.4,0,885.65,767.87,0.58,1,2023-03-26,Inpatient,0.0,True
C49923,P4140,PR0204,F0164,80,F,Commercial,4,1.08,Out-of-Network,Paid,Endocrinology,Imaging,73564,O80,0,3440.34,1009.84,0.67,0,2022-09-22,ER,0.0,True
C49928,P3163,PR0220,F0028,83,M,Commercial,10,2.98,In-Network,Denied,Primary Care,Primary Care,27447,K21.9,0,3801.52,1038.02,1.27,0,2022-11-15,ER,0.0,True
C49934,P3350,PR0480,F0122,61,F,VA,2,2.14,In-Network,Denied,Orthopedics,Primary Care,59400,I21.4,0,2605.15,928.29,0.5,0,2022-05-11,ER,0.0,True
C49938,P3382,PR0208,F0030,37,F,Commercial,7,1.03,In-Network,Paid,Orthopedics,Imaging,99214,I50.9,1,1996.05,3347.24,0.55,0,2023-09-16,ER,0.331,True
C49940,P2778,PR0380,F0077,44,F,Medicare,5,2.49,Out-of-Network,Paid,Gastroenterology,Imaging,99214,G40.909,0,1101.25,775.07,2.08,0,2022-07-28,Outpatient,0.0,True
C49970,P0651,PR0225,F0109,68,F,Medicare,4,2.78,In-Network,Denied,Endocrinology,Imaging,93000,E11.65,1,1423.19,1495.61,4.12,0,2022-02-22,Outpatient,0.0,True
C49979,P2345,PR0400,F0055,8,F,VA,11,1.46,Out-of-Network,Adjusted,Dermatology,Specialist,99214,I21.4,0,3618.89,834.74,0.49,0,2023-12-02,ER,0.0,True
C49989,P4796,PR0342,F0187,78,M,VA,10,1.34,In-Network,Paid,Cardiology,Surgery,99285,I21.4,0,3767.0,1504.44,0.68,0,2022-04-26,ER,0.0,True
C49994,P2911,PR0175,F0195,63,M,Medicare,3,2.72,Out-of-Network,Denied,Gastroenterology,Primary Care,99285,K21.9,0,54.96,820.67,0.02,10,2022-04-12,Inpatient,0.0,True
